-- phpMyAdmin SQL Dump
-- version 5.2.2
-- https://www.phpmyadmin.net/
--
-- Host: 127.0.0.1:3306
-- Generation Time: Jan 07, 2026 at 01:22 AM
-- Server version: 11.8.3-MariaDB-log
-- PHP Version: 7.2.34

SET SQL_MODE = "NO_AUTO_VALUE_ON_ZERO";
START TRANSACTION;
SET time_zone = "+00:00";


/*!40101 SET @OLD_CHARACTER_SET_CLIENT=@@CHARACTER_SET_CLIENT */;
/*!40101 SET @OLD_CHARACTER_SET_RESULTS=@@CHARACTER_SET_RESULTS */;
/*!40101 SET @OLD_COLLATION_CONNECTION=@@COLLATION_CONNECTION */;
/*!40101 SET NAMES utf8mb4 */;

--
-- Database: `u589447048_pinky`
--

-- --------------------------------------------------------

--
-- Table structure for table `categorias`
--

CREATE TABLE `categorias` (
  `id_categoria` int(11) NOT NULL,
  `nombre_cat` varchar(250) NOT NULL
) ENGINE=InnoDB DEFAULT CHARSET=utf8mb3 COLLATE=utf8mb3_general_ci;

--
-- Dumping data for table `categorias`
--

INSERT INTO `categorias` (`id_categoria`, `nombre_cat`) VALUES
(1, 'Producto'),
(4, 'Servicio');

-- --------------------------------------------------------

--
-- Table structure for table `categoria_gastos`
--

CREATE TABLE `categoria_gastos` (
  `id_cat_gasto` int(11) NOT NULL,
  `nombre_cat_gasto` varchar(300) NOT NULL
) ENGINE=InnoDB DEFAULT CHARSET=utf8mb3 COLLATE=utf8mb3_general_ci;

--
-- Dumping data for table `categoria_gastos`
--

INSERT INTO `categoria_gastos` (`id_cat_gasto`, `nombre_cat_gasto`) VALUES
(1, 'Arrendamiento y Alquileres'),
(2, 'Reparación y mantenimientos'),
(3, 'Transportes'),
(4, 'Publicad y propaganda'),
(5, 'Sueldos y salarios'),
(6, 'Otros gastos Financieros');

-- --------------------------------------------------------

--
-- Table structure for table `clientes`
--

CREATE TABLE `clientes` (
  `id_cliente` int(11) NOT NULL,
  `nombre_cliente` varchar(250) NOT NULL,
  `nit_cliente` varchar(250) NOT NULL,
  `tel_cliente` varchar(250) NOT NULL,
  `email_cliente` varchar(250) NOT NULL,
  `dir_cliente` varchar(250) NOT NULL
) ENGINE=InnoDB DEFAULT CHARSET=utf8mb3 COLLATE=utf8mb3_general_ci;

--
-- Dumping data for table `clientes`
--

INSERT INTO `clientes` (`id_cliente`, `nombre_cliente`, `nit_cliente`, `tel_cliente`, `email_cliente`, `dir_cliente`) VALUES
(1, '0000', '0000', '0000', 'correo@com', '0000'),
(2, 'MARCO AURELIO ', '1122651617', '3134747231', 'JUANITOBISTURI@HOTMAIL.com', 'CASA 34 M 19 BARRIO COOPOMECAVI'),
(3, 'OH AVILA SOLUCIONES SAS', '901412044', '3194685806', 'aisitente@technigran.com', 'CALLE 38 SUR 2602 APTO1603'),
(4, 'GRUPO AVANTI', '900369346', '3135863880', 'avanti@gmail.com', 'transversal 8 n 8-33');

-- --------------------------------------------------------

--
-- Table structure for table `datos_empresa`
--

CREATE TABLE `datos_empresa` (
  `nit_empresa` varchar(100) NOT NULL,
  `nombre_empresa` varchar(300) NOT NULL,
  `direccion_empresa` varchar(300) NOT NULL,
  `telefono_empresa` varchar(300) NOT NULL,
  `email_empresa` varchar(300) NOT NULL,
  `descripcion_empresa` varchar(300) NOT NULL,
  `logo_empresa` varchar(300) NOT NULL
) ENGINE=InnoDB DEFAULT CHARSET=utf8mb3 COLLATE=utf8mb3_general_ci;

--
-- Dumping data for table `datos_empresa`
--

INSERT INTO `datos_empresa` (`nit_empresa`, `nombre_empresa`, `direccion_empresa`, `telefono_empresa`, `email_empresa`, `descripcion_empresa`, `logo_empresa`) VALUES
('1124823236-4', 'Pinky Motos', 'Manzana 2 casa 6 Barrio Bateas', '3105773311', 'Pinkymotos21@gmail.com', 'Venta de repuestos para motos, motocarros y todo en mecánica de todas las  marcas.', 'logo.jpeg');

-- --------------------------------------------------------

--
-- Table structure for table `gastos`
--

CREATE TABLE `gastos` (
  `id_gasto` int(11) NOT NULL,
  `id_tipo_gasto` int(11) NOT NULL,
  `fecha_gasto` date NOT NULL,
  `monto_gasto` decimal(10,0) NOT NULL,
  `descripcion_gasto` text NOT NULL,
  `estado_gasto` tinyint(1) NOT NULL
) ENGINE=InnoDB DEFAULT CHARSET=utf8mb3 COLLATE=utf8mb3_general_ci;

--
-- Dumping data for table `gastos`
--

INSERT INTO `gastos` (`id_gasto`, `id_tipo_gasto`, `fecha_gasto`, `monto_gasto`, `descripcion_gasto`, `estado_gasto`) VALUES
(4, 6, '2023-08-12', 8000, 'TORNILLO', 0);

-- --------------------------------------------------------

--
-- Table structure for table `ing_productos`
--

CREATE TABLE `ing_productos` (
  `id_ingfac` int(11) NOT NULL,
  `numero_factura` int(11) NOT NULL,
  `id_proveedor` int(11) NOT NULL,
  `fecha_pedido` date NOT NULL,
  `id_producto` int(11) NOT NULL,
  `cantidad` int(11) NOT NULL,
  `precio` int(11) NOT NULL,
  `id_usuario` int(11) NOT NULL,
  `plazo` date NOT NULL,
  `forma_pago` varchar(300) NOT NULL,
  `estado` varchar(300) NOT NULL
) ENGINE=InnoDB DEFAULT CHARSET=utf8mb3 COLLATE=utf8mb3_general_ci;

--
-- Triggers `ing_productos`
--
DELIMITER $$
CREATE TRIGGER `INGRESOPRODUCTO_AU` AFTER INSERT ON `ing_productos` FOR EACH ROW UPDATE productos SET cantidad = cantidad + NEW.cantidad , precio_compra = NEW.precio WHERE id_producto = NEW.id_producto
$$
DELIMITER ;

-- --------------------------------------------------------

--
-- Table structure for table `ing_productos_temp`
--

CREATE TABLE `ing_productos_temp` (
  `id_ingfac` int(11) NOT NULL,
  `numero_factura` int(11) NOT NULL,
  `id_proveedor` int(250) NOT NULL,
  `fecha_pedido` date NOT NULL,
  `id_producto` int(11) NOT NULL,
  `cantidad` int(11) NOT NULL,
  `precio` int(11) NOT NULL,
  `id_usuario` int(11) NOT NULL,
  `plazo` date NOT NULL,
  `forma_pago` varchar(300) NOT NULL,
  `estado` varchar(300) NOT NULL
) ENGINE=InnoDB DEFAULT CHARSET=utf8mb3 COLLATE=utf8mb3_general_ci;

--
-- Dumping data for table `ing_productos_temp`
--

INSERT INTO `ing_productos_temp` (`id_ingfac`, `numero_factura`, `id_proveedor`, `fecha_pedido`, `id_producto`, `cantidad`, `precio`, `id_usuario`, `plazo`, `forma_pago`, `estado`) VALUES
(3, 34543, 3, '2024-02-28', 667, 435, 3453, 1, '0000-00-00', 'Al contado', 'cancelada'),
(4, 34543, 3, '2024-02-28', 206, 4, 43, 1, '0000-00-00', 'Al contado', 'cancelada'),
(5, 34543, 3, '2024-02-28', 1097, 43, 34, 1, '0000-00-00', 'Al contado', 'cancelada');

-- --------------------------------------------------------

--
-- Table structure for table `productos`
--

CREATE TABLE `productos` (
  `id_producto` int(11) NOT NULL,
  `cod_producto` varchar(100) NOT NULL,
  `nombre_producto` varchar(100) NOT NULL,
  `id_categoria` int(11) NOT NULL,
  `cantidad` int(11) NOT NULL,
  `precio_unid` decimal(10,0) NOT NULL,
  `precio_compra` decimal(10,0) NOT NULL,
  `iva_producto` decimal(10,0) NOT NULL,
  `estado_producto` tinyint(1) NOT NULL
) ENGINE=InnoDB DEFAULT CHARSET=utf8mb3 COLLATE=utf8mb3_general_ci;

--
-- Dumping data for table `productos`
--

INSERT INTO `productos` (`id_producto`, `cod_producto`, `nombre_producto`, `id_categoria`, `cantidad`, `precio_unid`, `precio_compra`, `iva_producto`, `estado_producto`) VALUES
(9, 'AA121336', 'BOMBA DE ACEITE', 1, 5, 42000, 29000, 0, 1),
(10, 'AA101666*', 'EJE DE LEVAS 205', 1, 1, 170000, 118720, 0, 1),
(11, 'AA102003*', 'ARBOL DE LEVA TRT', 1, 2, 240000, 168280, 0, 1),
(12, 'AA101469', 'PRENSA DE CLUTCH', 1, 0, 365000, 255360, 0, 1),
(13, '31101020*', 'BALANCIN 205', 1, 8, 22000, 14540, 0, 1),
(14, '520AMO1545*', 'BALANCIN GN TRT', 1, 3, 70000, 33700, 0, 1),
(15, 'DK101755*', 'BALANCIN TRT', 1, 1, 75000, 48160, 0, 1),
(16, 'AA101499*', 'KIT DE BIELA 205', 1, 0, 99000, 69160, 0, 1),
(17, 'VB10206*', 'BALANCIN VITRIX', 1, 1, 36000, 22500, 0, 1),
(18, '36AA4032', 'KIT DE BIELA ', 1, 0, 142000, 99260, 0, 1),
(19, '36AA4132', 'KIT DE BIELA ', 1, 0, 142000, 99260, 0, 1),
(20, '24170507*', 'TORNILLO AMORTIGUADOR TRASERO', 1, 8, 11000, 3570, 0, 1),
(21, '24161003', 'TORNILLO CENTRO MOTOR', 1, 6, 8000, 5530, 0, 1),
(22, 'DK101751*', 'PASADOR DE BALANCIN TRT', 1, 10, 6000, 4550, 0, 1),
(23, 'LAD00068*', 'TORNILLO DE EXOSTO TRT', 1, 0, 11000, 0, 0, 1),
(24, 'AB171031*', 'TORNILLO AMORTIGUADOR DELANTERO', 1, 3, 9000, 6370, 0, 1),
(25, 'AA101602*', 'PIÑON PRIMARIO', 1, 2, 82000, 57890, 0, 1),
(26, 'AA101031*', 'ENGRANAJE DE CIGUEÑAL', 1, 2, 70000, 48860, 0, 1),
(27, 'AA101073*', 'EMPUJADOR DE CLUTH', 1, 5, 24000, 16520, 0, 1),
(28, '36AA4025*', 'KIT DE DISCOS CLUTH ', 1, 3, 73000, 46060, 0, 1),
(29, 'AB181022*', 'PLATINA DIRECCION ', 1, 1, 14000, 9240, 0, 1),
(30, '39171905*', 'ESPARRAGO CCILINDRO 205', 1, 7, 21000, 17700, 0, 1),
(31, 'GUA01', 'GUAYA DE CLUTH MOTO', 1, 4, 15000, 9000, 0, 1),
(32, 'G4170020', 'ACELERADOR TVS', 1, 1, 52000, 45000, 0, 1),
(33, 'G5170040', 'GUAYA DE CAMBIO TVS', 1, 0, 45000, 31500, 0, 1),
(34, 'BO75716', 'GUAYA DE CAMBIO PIAGGIO', 1, 0, 33000, 23100, 0, 1),
(35, 'BO76208', 'GUAYA VELOC. PGG', 1, 3, 57000, 39900, 0, 1),
(36, 'B042356', 'GUAYA DE ACELERADOR', 1, 0, 40000, 28000, 0, 1),
(37, 'B075566', 'GUAYA DE CLUTH', 1, 2, 45000, 31500, 0, 1),
(38, 'B073469', 'GUAYA DE CAMBIO PGG', 1, 0, 32000, 22400, 0, 1),
(39, 'AN101203', 'TAPA VENTILADOR', 1, 1, 47000, 36960, 0, 1),
(40, '39187105', 'ESPARRAGO CULATA 205', 1, 8, 2000, 1680, 0, 1),
(41, '39068205*', 'ESPARRAGO CILINDRO 205', 1, 2, 6000, 4600, 0, 1),
(42, 'AN101300*', 'KIT CONTROL REVERSA', 1, 3, 67000, 46830, 0, 1),
(43, 'AN131023', 'LEVA DE REVERSA  205', 1, 4, 52000, 36330, 0, 1),
(44, 'AA101261*', 'LEVA DE CAMBIOS 205', 1, 1, 52000, 43700, 0, 1),
(45, 'AA101736*', 'LEVA DE CAMBIOS TRT', 1, 1, 66000, 46200, 0, 1),
(46, 'AA101260', 'BASE LEVA DE CAMBIO', 1, 7, 58000, 41230, 0, 1),
(47, 'AL121062', 'FILTRO DE AIRE TRT MOLD. ANTIGUO', 1, 4, 55000, 39220, 0, 1),
(48, 'AM121213*', 'FILTRO DE AIRE MOLD. NUEVO', 1, 4, 80000, 49000, 0, 1),
(49, 'AA121150*', 'FILTRO DE AIRE 205', 1, 5, 55000, 36610, 0, 1),
(50, 'AN101123*', 'KIT DE CILINDRO 205', 1, 0, 260000, 181860, 0, 1),
(51, '36AA105', 'KIT DE COLINDRO  TRT', 1, 2, 495000, 346360, 0, 1),
(52, '24171076', 'GUARDA POLVO GRANDE', 1, 0, 13000, 10920, 0, 1),
(53, 'AA101819*', 'BASE LEVA CAMBIOS TRT  ', 1, 2, 61000, 51500, 0, 1),
(54, 'AA101875*', 'RESORTE DE VALVULA  TRT', 1, 6, 7000, 6230, 0, 1),
(55, 'DD1012', 'RESORTE DE VALVULA 205', 1, 5, 6000, 3990, 0, 1),
(56, 'AA101137*', 'PASADOR ADMON BALANCIN 205', 1, 4, 7000, 4970, 0, 1),
(57, 'AN101155', 'PIÑON CIGUENA TRT', 1, 0, 38000, 31640, 0, 1),
(58, 'AN111015*', 'CAPUCHON BUJIA TRT RH', 1, 2, 14000, 10150, 0, 1),
(59, 'KPBB6007', 'BALINERA TRANSMICION ESPECIAL TRT', 1, 10, 59000, 40880, 0, 1),
(60, '39193120*', 'BALINERA CIGUEÑAL TRT', 1, 16, 55000, 46000, 0, 1),
(61, '39132420*', 'RODAMIENTO CIGUEÑAL 205', 1, 4, 47500, 40000, 0, 1),
(62, '24130105', 'BALINERA PLANA TRANSMICION 205', 1, 31, 35000, 24430, 0, 1),
(63, '39121420', 'BALINERA CAJA', 1, 10, 16000, 14700, 0, 1),
(64, '30151039', 'BALINERA VELOCIMETRO', 1, 8, 34000, 22680, 0, 1),
(65, '28101167*', 'PIÑON DISTRIBUCION 205', 1, 7, 18000, 12530, 0, 1),
(66, 'PD511229*', 'PIÑON DISTRIBUCION TRT', 1, 1, 8000, 6090, 0, 1),
(67, 'AN101166*', 'GUIA DE CADENILLA', 1, 1, 8000, 7280, 0, 1),
(68, 'AA101565', 'GUIA DE CADENILLA 205', 1, 3, 28500, 18270, 0, 1),
(69, 'AN101257', 'GUIA DE CADENILLA DE OJO ', 1, 5, 22000, 15190, 0, 1),
(70, '36AA4019*', 'KIT DE CADENILLA Y TENSOR ', 1, 11, 135000, 94080, 0, 1),
(71, 'AA121230*', 'CONECTOR DE CARBULADOR', 1, 0, 32000, 25480, 0, 1),
(72, 'AA191032*', 'MANIGUETA CLUTCH ORG TRT', 1, 4, 17000, 13790, 0, 1),
(73, 'AA131033*', 'PORTA CORONA', 1, 3, 118000, 82600, 0, 1),
(74, '24160924*', 'ANTIVIBRANTE DE MOTOR', 1, 3, 10000, 6720, 0, 1),
(75, 'AF201094*', 'PERA DE FRENO', 1, 11, 35000, 23660, 0, 1),
(76, 'AA101844*', 'EMPAQUE  TAPA CULATA TRT', 1, 12, 21000, 14490, 0, 1),
(77, '24151171*', 'BANDA FRENO', 1, 19, 41000, 29960, 0, 1),
(78, 'AA171022', 'BUJE CENTRAL', 1, 0, 13000, 8960, 0, 1),
(79, '24181074', 'TUBO CONTROL DE CAMBIO TRT', 1, 1, 24000, 16660, 0, 1),
(80, '24191096*', 'TUBO CONTROL DE CAMBIOS 205', 1, 3, 29000, 24300, 0, 1),
(81, '22151106*', 'CAMPANA FRENO', 1, 2, 191000, 165760, 0, 1),
(82, 'AA101952', 'TAPA PLASTICA MOTOR TRT', 1, 0, 58000, 41230, 0, 1),
(83, '24151173*', 'KIT DE RESORTE DE BANDA', 1, 9, 8000, 6600, 0, 1),
(84, '24171118', 'EJE RUEDA TRASERA', 1, 0, 196000, 150570, 0, 0),
(85, '24151097*', 'KIT CHUPAS BOMBA  FRENO', 1, 3, 50500, 42300, 0, 1),
(86, 'AB151093*', 'CHUPAS  DELANTERAS ', 1, 11, 28000, 19810, 0, 1),
(87, 'AB151095*', ' KIT EMPAQUE BOMBA TRASERA TRT ORG ', 1, 8, 17000, 14300, 0, 1),
(88, 'JN35160*', 'RELAY ARRANQUE TRT', 1, 10, 48000, 33460, 0, 1),
(89, '05101051*', 'DESBOGE DE TRANSMICION', 1, 2, 5000, 3500, 0, 1),
(90, 'AN111009', 'VOLANTE 205', 1, 0, 365000, 291060, 0, 1),
(91, 'AZ351001*', 'VOLANTE 205', 1, 1, 365000, 290010, 0, 1),
(92, 'AA221043', 'ESPEJO TRT MOLD. NUEVO DERECHO', 1, 1, 89000, 62300, 0, 1),
(93, 'AA221042', 'ESPEJP TRT MOLD. NUEVO IZQUIERDO', 1, 1, 89000, 62300, 0, 1),
(94, 'AA201185', 'CAJA DE FUSIBLES', 1, 3, 74000, 51450, 0, 1),
(95, '52AA4035*', 'CAJA DE VELOCIMETRO', 1, 1, 131000, 91700, 0, 1),
(96, 'BB181039', 'ARO BOLERO INFERIOR EXTERIOR', 1, 4, 58000, 44380, 0, 1),
(97, 'AB181033', 'CUNA INFERIOR', 1, 4, 58000, 34000, 0, 1),
(98, '24131009*', 'PIÑON SATELITE', 1, 7, 56000, 46800, 0, 1),
(99, 'AA101555*', 'PIÑON  DE RETROCESO  205', 1, 1, 125000, 83790, 0, 1),
(100, 'AN101328', 'ENGRANAJE DE REVERSA TRT', 1, 0, 90000, 62860, 0, 1),
(101, 'AN101338*', 'PIÑON MULTIPLE TRT', 1, 1, 214000, 149380, 0, 1),
(102, 'AA101057', 'PIÑON MULTIPLE 205', 1, 1, 183000, 127680, 0, 1),
(103, '36BA4009', 'KIT DE CUNAS DE DIRECCION 205', 1, 1, 196000, 136990, 0, 1),
(104, '36BA4002', 'KIT DE CUNAS DE DIRECCION TRT', 1, 6, 126000, 62860, 0, 1),
(105, '24181046', 'CUNA ESPIGA', 1, 11, 22000, 14980, 0, 1),
(106, '24181047', 'TUERCA DE DIRECCION', 1, 1, 10000, 7000, 0, 1),
(107, 'AB181019', 'CUNA SUPERIOR', 1, 10, 22000, 15400, 0, 1),
(108, 'AA181022', 'CUNA INFERIOR', 1, 4, 27000, 18900, 0, 1),
(109, 'AA101708*', 'RODAMIENTO DE CAJA RE 205', 1, 10, 30000, 25300, 0, 1),
(110, '39268820', 'BALINERA 6301', 1, 2, 24000, 16170, 0, 1),
(111, '24130209*', 'PIÑON VELOCIMETRO', 1, 8, 20000, 14000, 0, 1),
(112, '24131002*', 'PIÑON VELOCIMETRO', 1, 4, 11000, 7700, 0, 1),
(113, 'AA101750*', 'PIÑON VELOCIMETRO', 1, 2, 17000, 11830, 0, 1),
(114, 'AB181012', 'RODAMIENTOS BOLAS INF', 1, 16, 10000, 5810, 0, 1),
(115, 'AB181017', 'RODAMIENTO BOLAS SUP.', 1, 11, 5000, 1820, 0, 1),
(116, 'CB111008*', 'CAPUCHON BUJIA TRT', 1, 2, 19000, 13440, 0, 1),
(117, 'AA111074*', 'CAPUCHON BUJIA 205', 1, 4, 13000, 8960, 0, 1),
(118, 'BH402600*', 'FLOTE GASOLINA', 1, 3, 63000, 44170, 0, 1),
(119, 'BG401401*', 'INTERRUPTOR DE ENCENDIDO', 1, 1, 108000, 75740, 0, 1),
(120, '36AA4028', 'SUICHE DE ENCENDIDO', 1, 1, 136000, 94710, 0, 1),
(121, 'EA-AL201012', 'ELEVADOR DE LUCES', 1, 17, 16000, 10300, 0, 1),
(122, 'K353184800', 'CAPUCHON DE BUJIA DERECHI GNR', 1, 0, 8000, 5600, 0, 1),
(123, 'K353184700*', 'CAPUCHOS DE BUJIA IZQUIERDO', 1, 12, 8000, 5600, 0, 1),
(124, 'AA121006*', 'FILTRO DE ACIETE 205', 1, 9, 10000, 6720, 0, 1),
(125, 'AN101190', 'FILTRO DE ACEITE TRT', 1, 0, 35500, 24850, 0, 1),
(126, 'FRENO 250*', 'LIQUIDO DE PRENO X250 ML', 1, 4, 9000, 6500, 0, 1),
(127, 'LUBRIMOTRO250*', 'VALVULINA', 1, 0, 8000, 6500, 0, 1),
(128, 'GRASANEGRA2*', 'GRASA RODAMIENTO NEGRA', 1, 0, 8000, 5500, 0, 1),
(129, 'GRASA ROJA NLGI2', 'GRASA DE RODAMIENTO ROJA', 1, 0, 10000, 8500, 0, 0),
(130, 'SILICONE RTV', 'SILICONE RTV GRIS', 1, 9, 10000, 6000, 0, 1),
(131, 'SILICONE GREY', 'SILICONE GREY', 1, 2, 15000, 12000, 0, 1),
(132, 'AB101059*', 'VAQUELA DE CARBULADOR', 1, 6, 5000, 3430, 0, 1),
(133, 'AB101058*', 'GUARDAPOLVO  DEL CARACOL DE CLUCTH ', 1, 2, 5000, 2800, 0, 1),
(134, '24230185', 'GUARDA POLVO', 1, 0, 28000, 20160, 0, 1),
(135, 'AA101077*', 'EMPAQUE TAPA CLUTCH 205', 1, 19, 28000, 19320, 0, 1),
(136, 'AN101129*', 'EMPAQUE CENTRO MOTOR TRT', 1, 25, 22000, 15820, 0, 1),
(137, 'AN101312*', 'EMPAQUE DE TRANSMISION TRT', 1, 2, 16000, 11620, 0, 1),
(138, 'DK101064', 'CADENILLA TRT', 1, 15, 39000, 26810, 0, 1),
(139, '36AA4041*', 'KIT RETENEDORES TRT', 1, 8, 77000, 53488, 0, 1),
(140, 'AA101569', 'CADENA DE TIEMPO 205', 1, 12, 30000, 20160, 0, 0),
(141, 'AA111086*', 'RESORTE ARRANQUE', 1, 12, 6000, 3920, 0, 1),
(142, 'AP161047*', 'TAPA DE CABRILLA', 1, 4, 15000, 9940, 0, 1),
(143, '24191101*', 'ENCARRILADOR DE ACELERADOR', 1, 20, 5000, 2520, 0, 1),
(144, 'AZ161001*', 'RESORTE REVERSA DELANTERO', 1, 2, 8000, 5880, 0, 1),
(145, 'AN131022', 'RESORTE REVERSA TRASERO', 1, 0, 6000, 3360, 0, 1),
(146, 'AA101950*', 'RETENEDOR DE ACEITE', 1, 21, 7000, 4900, 0, 1),
(147, '39171619*', 'RETEN CAJA', 1, 1, 6000, 3780, 0, 1),
(148, '24191100* ', 'ENCARRILADOR DE CAMBIO', 1, 5, 4000, 3360, 0, 1),
(149, '28101022*', 'TAPON DE ACEITE ALUMINIO', 1, 5, 15000, 10080, 0, 1),
(150, '39126321*', 'ORRING TAPA VALVULA', 1, 3, 8000, 21980, 0, 1),
(151, '36AN0013*', 'VALVULAS  RE 205', 1, 0, 63000, 43960, 0, 1),
(152, '13101031*', 'TAPA VALVULA', 1, 6, 11000, 8120, 0, 1),
(153, 'AB171022*', 'CUBIERTA EJE DE RUEDA DELANTERA', 1, 8, 8000, 6370, 0, 1),
(154, '24171024*', 'RETENEDOR EJE LLANTA', 1, 24, 7000, 4340, 0, 1),
(155, '22170115*', 'RETENEDOR RODAMIENTO DELANTERO 205 TRT', 1, 3, 5000, 3710, 0, 1),
(156, 'AA101667*', 'TAPON DE ACIETE', 1, 0, 7000, 4340, 0, 1),
(157, 'AA131017', 'TAPON DE VALVULINA', 1, 5, 7000, 4760, 0, 1),
(158, 'AA101479*', 'BUJE DE CLUTCH', 1, 15, 11500, 7480, 0, 1),
(159, '39191719*', 'RETENEDOR DE CRAN', 1, 1, 8000, 6230, 0, 1),
(160, '36AA1004*', 'KIT RETENEDORES 205', 1, 13, 40000, 27790, 0, 1),
(161, 'BF551613', 'RETENEDOR DE COPA ESPECIAL', 1, 9, 10000, 6860, 0, 1),
(162, '24191099*', 'INDICADOR DE CAMBIOS', 1, 8, 5000, 1680, 0, 1),
(163, '03100335*', 'CAÑASTILLA DE CAJAS', 1, 14, 16000, 13100, 0, 1),
(164, '59200012*', 'CAÑASTILLA AGUJAS', 1, 10, 20000, 14000, 0, 1),
(165, '24171055', 'ANTIVIBRANTE AMORTIGUADOR', 1, 8, 4000, 2800, 0, 1),
(166, '38187019', 'RETENEDOR DE COPA', 1, 3, 13000, 5600, 0, 1),
(167, 'AA101481', 'CARACOL', 1, 0, 15500, 9660, 0, 1),
(168, '22131018', 'PIÑON SATELITE O PLANETARIO ', 1, 8, 24000, 16520, 0, 1),
(169, 'AN101135', 'EMPAQUE CILINDRO', 1, 0, 7500, 4480, 0, 1),
(170, '39239304', 'TORNILLO SOPORTE MOTOR', 1, 1, 13000, 8960, 0, 1),
(171, 'AA101859', 'VALVULA ADMISION TRT ORG', 1, 5, 72000, 45500, 0, 1),
(172, '36AA4102*', 'KIT VALVULAS 5.5MM', 1, 2, 86000, 57960, 0, 1),
(173, '39137704*', 'TORNILLO DE DIRECCION', 1, 4, 8000, 5600, 0, 1),
(174, '36AN0016*', 'ANILLOS PISTON TRT', 1, 1, 63000, 43960, 0, 1),
(175, 'AA101013*', 'EMPAQUE CILINDRO 205', 1, 14, 5500, 3150, 0, 1),
(176, 'AN101012*', 'EMPAQUE CULATA 205', 1, 1, 22500, 14980, 0, 1),
(177, 'DJ101034', 'ANILLO EXOSTO TRT', 1, 8, 7600, 6600, 0, 1),
(178, 'AA121010*', 'EMP FILTRO DE ACEITE RE 205 ORG ', 1, 0, 3000, 2240, 0, 1),
(179, 'AA101058*', 'ARANDELA  DIFERENCIAL', 1, 14, 3000, 2240, 0, 1),
(180, '22170434*', 'ESPARRAGO RUEDA ', 1, 16, 4000, 1190, 0, 1),
(181, 'BA132141*', 'CUNA LEVA DE CAMBIOS', 1, 6, 7000, 4900, 0, 1),
(182, '39126421*', 'ORING TAPA CADENILLA', 1, 15, 8000, 7070, 0, 1),
(183, 'RA511202', 'CADENA  TRT MODELO 2022', 1, 1, 47000, 31990, 0, 1),
(184, 'JA541019', 'SEDAZO 205', 1, 17, 5000, 3500, 0, 1),
(185, 'AA101004*', 'GUIA CARTER', 1, 11, 2000, 1050, 0, 1),
(186, 'DF101055*', 'TORNILLO', 1, 0, 5000, 3360, 0, 1),
(187, 'ARAN205', 'ARANDELA CULATA 205', 1, 20, 3000, 2050, 0, 1),
(188, 'EA-AP111023*', 'SWITCH NEUTRO', 1, 2, 13000, 7890, 0, 1),
(189, 'AA201325*', 'PERA PRESION DE ACEITE', 1, 1, 55000, 46620, 0, 1),
(190, '10Z111*', 'EMP. SELECTOR DE CAMBIO CADENILLA', 1, 43, 1000, 650, 0, 1),
(191, 'ANILLOEX', 'ANILLO EXOSTO', 1, 4, 3000, 2050, 0, 1),
(192, '10N29-L', 'ANILLO EXOSTO BAJAJ', 1, 17, 2000, 1250, 0, 1),
(193, 'VELC*', 'EMPAQUE VELOCIMETRO', 1, 9, 5000, 3500, 0, 1),
(194, 'AB111015*', 'BUJIA 205', 1, 3, 22000, 14980, 0, 1),
(195, '22131014', 'ESPACIADOR', 1, 12, 5000, 2590, 0, 1),
(196, '175-RE205D', 'ESPACIADOR DIFERENCIAL TRT', 1, 0, 5000, 2590, 0, 1),
(197, '10N29-L', 'ANILLO EXOSTO BAJAJ', 1, 17, 2000, 1250, 0, 1),
(198, '10N29-L*', 'ANILLO EXOSTO BAJAJ', 1, 15, 2000, 1250, 0, 1),
(199, '28101129', 'ARRANDELA RESORTE VALVULA', 1, 2, 4000, 3640, 0, 1),
(200, '28101118', 'BUJE DE LUBRICACION 205', 1, 13, 8000, 4550, 0, 1),
(201, '39104619*', 'RETEN LEVA DE CAMBIOS', 1, 0, 2000, 1750, 0, 1),
(202, '28101129*', 'ARANDELA RESORTE DE VALVULA', 1, 10, 4000, 3640, 0, 1),
(203, 'AA101084*', 'EMPAQUE SELECTOR DE VELOCIDAD', 1, 15, 1000, 280, 0, 1),
(204, '10N29-L', 'ANILLO EXOSTO BAJAJ', 1, 16, 2000, 1250, 0, 1),
(205, '22181058*', 'SOPORTE SEGURO DE DIRRECCION', 1, 4, 6000, 5530, 0, 1),
(206, '39143520', 'RODAMIENTOS AGUJAS', 1, 20, 10000, 6580, 0, 1),
(207, 'LCFOOOO1', 'TUERCA DE CULATA SEGURIDAD', 1, 0, 2000, 850, 0, 1),
(208, '28101129', 'ARANDELA GUIA DE VALVULA', 1, 10, 4000, 2580, 0, 1),
(209, '39143520', 'RODAMIENTOS AGUJAS', 1, 1, 18000, 6580, 0, 0),
(210, '39103519*', 'SELLOS VALVULA', 1, 0, 10000, 2940, 0, 1),
(211, 'GV7P02*', 'BUJIA BOXER', 1, 5, 10000, 5000, 0, 1),
(212, 'C7HSA*', 'BUJIA  BOXER Y PLATINO', 1, 8, 10000, 5000, 0, 1),
(213, 'RUBR-AUTO24-BG52', 'ANTIVIBRANTES', 1, 231, 2000, 1290, 0, 1),
(214, 'D8EA 2120', 'BUJIA CARGERO', 1, 6, 10000, 5000, 0, 1),
(215, 'CR8E*', 'BUJIA TRT', 1, 2, 10000, 5000, 0, 1),
(216, 'B7HS *', 'BUJIA', 1, 9, 10000, 5000, 0, 1),
(217, '36AA4012', 'KIT CORTINA CARBULADOR 205', 1, 0, 72000, 47110, 0, 1),
(218, '36AA4044', 'KIT CORTINA 2.5', 1, 0, 72000, 45220, 0, 1),
(219, 'AA101162*', 'EMPAQUE CULATA', 1, 6, 12000, 8750, 0, 1),
(220, 'AA101262', 'TAPA METALICA DE MOTOR', 1, 1, 22000, 15400, 0, 1),
(221, 'A353139400*', 'FAROLA DELANTERA', 1, 1, 45000, 36000, 0, 1),
(222, 'K353139300', 'FAROLA DELANTERA', 1, 0, 45000, 36000, 0, 1),
(223, 'K1060475MK*', 'CARCASA DE STOP TRASERO 205', 1, 21, 10000, 8000, 0, 1),
(224, 'PORTAPLAK', 'PORTA PLACA BLANCA', 1, 19, 22000, 17600, 0, 1),
(225, 'PORTAPLAK', 'PORTA PLACA NEGRA', 1, 5, 10000, 8000, 0, 1),
(226, 'K1050043MK', 'ESPEJO RE 205', 1, 2, 45000, 36000, 0, 1),
(227, 'AA221043', 'ESPEJO RH DERECHO', 1, 0, 80000, 64000, 0, 1),
(228, 'AA221042', 'ESPEJO LH IZQUIERDO', 1, 1, 80000, 64000, 0, 1),
(229, 'LUCES1', 'LUCES DE TECHO', 1, 9, 6000, 3000, 0, 1),
(230, 'LUCES2', 'LUCES DE TECHO 2', 1, 10, 10000, 6000, 0, 1),
(231, 'MAXITEFLOM', 'TEFLON TAPE', 1, 3, 5000, 3500, 0, 1),
(232, 'BORNBATERIA', 'BORNE DE BATERIA', 1, 8, 7000, 4500, 0, 0),
(233, 'AA101262', 'TAPA METALICA DE MOTOR', 1, 3, 22000, 15400, 0, 1),
(234, 'STANDARD', 'SINTESOLDA STANDARD 31G', 1, 5, 17000, 13600, 0, 1),
(235, 'SINTECO', 'SINTESOLDA TRANSPARENTE 14G', 1, 1, 15000, 12000, 0, 1),
(236, 'LAMPS SPARES', 'DIRECCIONALES DE 205', 1, 0, 70000, 56000, 0, 1),
(237, 'DIRECC205', 'DIRECCIONALES DE TRT', 1, 1, 35000, 22000, 0, 1),
(238, 'RIDELED', 'BOMBILLO LED', 1, 1, 22000, 17000, 0, 1),
(239, 'BYL-F1', 'EXPLORADORA', 1, 5, 40000, 28000, 0, 1),
(240, 'P43T-38', 'BOMBILLO FAROLA 12V 35/35V', 1, 9, 17000, 13600, 0, 1),
(241, 'G18', 'BOMBILLO DIRECCION', 1, 171, 2000, 700, 0, 1),
(242, '1157', 'BOMBILLO FRENO', 1, 21, 3000, 1200, 0, 1),
(243, 'BAY15D', 'BOMBILLO STOP NARVA', 1, 4, 5000, 3000, 0, 1),
(244, '39186', 'BOMBILLO FAROLA', 1, 0, 10000, 7000, 0, 1),
(245, 'DUNA12V5W', 'BOMBILLO BAYONETA', 1, 62, 1000, 650, 0, 1),
(246, 'H4-US', 'BOMBILLO FAROLA ULTRA  12V', 1, 19, 8000, 5000, 0, 1),
(247, 'AH74042', 'BOMBILLOFAROLA  ECON.', 1, 11, 7000, 3500, 0, 1),
(248, 'H4 P43T', 'BOMBILLA FAROLA ECON. H4', 1, 3, 7000, 3500, 0, 1),
(249, 'K347001400', 'SWITCH LUCES GN TRT', 1, 15, 12000, 6000, 0, 1),
(250, 'B35', 'BOMBILLO TVS', 1, 4, 5000, 3000, 0, 1),
(251, '16004901', 'SOKER STOP', 1, 4, 4000, 2500, 0, 1),
(252, '93102-35808-00', 'JUEGO DE DATOS BWS', 1, 2, 25000, 20000, 0, 1),
(253, 'CIRCUIT12V', 'CIGARRERA', 1, 1, 4000, 2500, 0, 1),
(254, 'AH590130', 'BOMBILLO TRUSETA AZUL', 1, 0, 11000, 8000, 0, 1),
(255, 'LIGHTING', 'BOMBILLO TRUSETA AZUL', 1, 1, 8000, 5000, 0, 1),
(256, 'CL201023', 'BOMBILLA FAROLA 35/35W', 1, 3, 15000, 10360, 0, 1),
(257, 'AA101260*', 'BASE DE LEVA CAMBIO 205', 1, 4, 59000, 49900, 0, 1),
(258, 'K353167600', 'CDI TRT', 1, 0, 110000, 88000, 0, 1),
(259, 'BAYONETA LED', 'BOMBILLO BAYONETA  LED', 1, 0, 5000, 3000, 0, 1),
(260, 'STOPFLECH', 'STOP FLECHEO BLANCO', 1, 13, 8000, 5000, 0, 1),
(261, 'ENCENDIDO GRG', 'BOTON ENCENDIDO GNR', 1, 7, 5000, 3000, 0, 1),
(262, 'BOTON PASO', 'BOTON DE PASO', 1, 3, 5000, 3000, 0, 1),
(263, 'FUSIBLES', 'FUSIBLES', 1, 733, 500, 200, 0, 0),
(264, 'FUSILERA', 'FUSILERA', 1, 0, 5000, 3000, 0, 1),
(265, 'KCD1-101', 'BOTON PASO', 1, 3, 4000, 2200, 0, 1),
(266, '459853*', 'BASTAGO IMPULSADORES', 1, 3, 18000, 14400, 0, 1),
(267, '3W180 RP', 'BASTAGO IMPULSADORES', 1, 2, 15000, 12000, 0, 1),
(268, '484732*', 'KIT VALVULAS CARGUERO 200', 1, 3, 72000, 57600, 0, 1),
(269, 'TAPA ', 'TAPA DE TANQUE AKT', 1, 2, 35000, 28000, 0, 1),
(270, 'MEDIDOR', 'MEDIDOR', 1, 0, 6000, 4800, 0, 1),
(271, '569859*', 'BAQUELA CARBURADOR', 1, 5, 7000, 5600, 0, 1),
(272, '504867*', 'LLAVE GASOLINA', 1, 1, 26000, 16500, 0, 1),
(273, 'VS10024*', 'VALVULAS MOTOCARGUERO VITRIX', 1, 1, 55000, 40000, 0, 1),
(274, 'CBF125', 'VALVULA ADMISION', 1, 1, 43000, 32000, 0, 1),
(275, 'TTA5005*', 'KIT VALVULA', 1, 1, 30000, 20000, 0, 1),
(276, '3W180RP', 'EJE DE CAMBIOS CARGUERO', 1, 2, 38000, 30400, 0, 1),
(277, '475822*', 'ELEMENTO FILTRO AIRE', 1, 1, 12000, 9400, 0, 1),
(278, '111423', 'CRUCETA 22x25', 1, 0, 45000, 38960, 0, 1),
(279, '270810090-0001', 'RELAY DE CARGUERO', 1, 3, 25000, 20000, 0, 1),
(280, '20359*', 'RETENEDOR DE VOLANTE CARGUERO', 1, 2, 5000, 2200, 0, 1),
(281, 'COMABDO', 'COMANDO DERECHO', 1, 1, 25000, 20000, 0, 1),
(282, '515078*', 'RETEN BARRA AKT 200', 1, 1, 40000, 31300, 0, 1),
(283, 'ak 3w180rp', 'RETEN EJE DIFIRENCIAL 42X55X7', 1, 10, 15000, 12500, 0, 1),
(284, 'AK 125-150TT', 'KIT VALINERAS MOTOR CG', 1, 1, 92000, 75400, 0, 1),
(285, '07002-L1A8-030001', 'KIT SWITCH 3W200', 1, 1, 225000, 198000, 0, 1),
(286, '3W200 RP', 'DEPOSITO LIQUIDO DE FRENO', 1, 1, 64000, 51200, 0, 1),
(287, '3W180RPMANIG', 'MANIGUETA CLUTCH CTA', 1, 1, 30000, 24000, 0, 1),
(288, 'CTO 3W180RO', 'EJE DE CAMBIOS CTO', 1, 3, 63000, 50400, 0, 1),
(289, '16108-H199P-09 AKT*', 'ESPUMA DE AIRE AKT', 1, 4, 10000, 8000, 0, 1),
(290, '217583*', 'KIT DE EMPAQUES AKT 180', 1, 2, 41000, 25000, 0, 1),
(291, 'RETENEDORES', 'RETENEDORES DE CARGUERO', 1, 4, 28000, 22400, 0, 1),
(292, 'EC001*', 'EMPAQUE CULATIN CARGUERO', 1, 7, 5000, 4000, 0, 1),
(293, '03E', 'KIT EMPAQUES MEDI 3W200', 1, 4, 20000, 16000, 0, 1),
(294, '217606*', 'KIT EMPAQUES MEDIO 3W 180', 1, 4, 18500, 14800, 0, 1),
(295, 'CG200D-B', 'EMPAQUE CULATIN 235', 1, 2, 23000, 18400, 0, 1),
(296, '10T92*', 'EMPAQUE TAPA VOLANTE CARGUERO AKT 180/200', 1, 0, 3000, 2200, 0, 1),
(297, '7701023459761*', 'EMPAQ TAPA VOLANTE 3W 180', 1, 3, 8000, 6000, 0, 1),
(298, '459754*', 'EMPAQ. TAPA CLUTCH 3W 180', 1, 3, 10000, 7800, 0, 1),
(299, '2028', 'ESPEJO ESTANDAR FZ', 1, 2, 20000, 16400, 0, 1),
(300, 'PULASR 180*', 'BOMBA DE FRENO PULSAR 180', 1, 1, 45000, 36000, 0, 1),
(301, '20789', 'BOMBA FRENO DELANTERO AKT', 1, 0, 35000, 28000, 0, 1),
(302, '06191089*', 'MANILARES', 1, 1, 20000, 16400, 0, 1),
(303, 'D-010*', 'MANILARES PROTAPER', 1, 1, 18000, 14400, 0, 1),
(304, '825231', 'PASTILLA DE FRENO GS/AGILITY/XT/TS', 1, 9, 8000, 6400, 0, 1),
(305, 'P10018', 'PASTILLA DE FRENO EVERESTT', 1, 5, 8000, 6400, 0, 1),
(306, '825237', 'PASTILLA DE FRENO PULSAR/DISCOVER', 1, 9, 8000, 6400, 0, 1),
(307, 'HM101', 'BANDA DE FRENO BEST', 1, 8, 17000, 13600, 0, 1),
(308, 'HM105', 'BANDA DE FRENO DISCOVER/PULSAR/BOXER/DYNAMIC', 1, 3, 16000, 12800, 0, 1),
(309, 'MFG151', 'BRANDAS DE FRENOS AKT/BAJAJ/QINGQI/SUZUKI', 1, 1, 18500, 14800, 0, 1),
(310, 'OMRO71', 'BANDAS DE FRENOS QINGQI/SIGMA/UM/YAMAHA', 1, 2, 18500, 14800, 0, 1),
(311, 'MFGO11', 'BANDAS DE FRENOS AKT/KYMCO/SUZUKI', 1, 1, 17000, 13600, 0, 1),
(312, 'DL123B', 'PITO 12V', 1, 2, 15000, 12000, 0, 1),
(313, 'GM13006', 'PITO GAUSS', 1, 2, 17000, 9000, 0, 1),
(314, '48885', 'PITO TONO ALTO', 1, 2, 25000, 20000, 0, 1),
(315, '49465', 'PITO GRAVE/ AGUDO', 1, 3, 25000, 20000, 0, 1),
(316, 'PERA DE FRENO', 'PERA  DE FRENO MOTO', 1, 7, 5000, 3000, 0, 1),
(317, 'JJ-2184', 'MANIGUETA DE CLUTCH ', 1, 2, 20000, 16000, 0, 1),
(318, 'RUN', 'SWITCH RUNN', 1, 12, 23000, 18400, 0, 1),
(319, 'COMANDO GENERICO', 'COMANDO GENERICO', 1, 2, 24000, 19200, 0, 1),
(320, 'COMANDO START', 'COMANDO DE START', 1, 1, 20000, 16000, 0, 1),
(321, 'COMANDO ESTACIONARIA', 'COMANDO ESTACIONARIAS', 1, 2, 7000, 5600, 0, 1),
(322, 'JJ-1033*', 'ACELERADOR DE GUANTE', 1, 2, 40000, 28000, 0, 1),
(323, 'DIRECCIONALES', 'DIRECCIONALES', 1, 4, 7000, 0, 0, 1),
(324, 'DIRECCIONALES', 'DIRECIONALES DE PULSAR', 1, 3, 15000, 0, 0, 1),
(325, 'DIRECCIONALES', 'DIRECCIONALES', 1, 4, 9000, 0, 0, 1),
(326, 'DIRECCIONALES', 'DIRECCIONALES ', 1, 2, 12000, 0, 0, 1),
(327, '219-014*', 'SWITCH ELECTRICO KTC', 1, 4, 25000, 17500, 0, 1),
(328, '14015701', 'PERA STOP FRENO', 1, 1, 20000, 14000, 0, 1),
(329, '7701023467834', 'SWITCH PRINCIPAL 3W180', 1, 3, 38000, 26600, 0, 1),
(330, 'AK 3W 200(2014)', 'CDI UNIDAD ELECTRONICA', 1, 2, 126000, 88200, 0, 1),
(331, '861977*', 'BALINERA 63/28 CIGUEÑAL AKT ', 1, 8, 42000, 29400, 0, 1),
(332, '827408/408_201_05', 'CDI BOXER CT100', 1, 3, 35000, 24500, 0, 1),
(333, 'BOO2344', 'BOCIN PGG', 1, 1, 100000, 70000, 0, 1),
(334, 'CDI35*', 'CDI 35', 1, 1, 35000, 24500, 0, 1),
(335, 'ESPUMA*', 'ESPUMA', 1, 7, 5000, 3500, 0, 1),
(336, 'ESP008 AKT EVO', 'ESPEJO TABOR', 1, 2, 18000, 12600, 0, 1),
(337, '19468', 'ESPEJO MOTOTEC SUZUKIBEST 125', 1, 2, 22000, 15400, 0, 1),
(338, 'PULSAR180 ', 'ESPEJO PULSAR 180', 1, 1, 25000, 17500, 0, 1),
(339, 'TS16949', 'ESPEJO YOKOMITSU', 1, 2, 22000, 15400, 0, 1),
(340, 'QTY', 'REGULADOR TRIFASICO', 1, 8, 55000, 38500, 0, 1),
(341, '24151258', 'BOMBA DE FRENO TRASERO', 1, 3, 240000, 167790, 0, 1),
(342, '215-011', 'FUSIBLES 10A', 1, 0, 500, 347, 0, 1),
(343, '215-013', 'FUSIBLES 20A', 1, 300, 500, 347, 0, 1),
(344, '215-010', 'FUSIBLES 30A', 1, 168, 500, 347, 0, 1),
(345, '215-014', 'FUSIBLES 25A', 1, 373, 500, 347, 0, 1),
(346, '215-012', 'FUSIBLES 15A', 1, 98, 500, 347, 0, 1),
(347, '215-015', 'FUSIBLES 5A', 1, 11, 500, 347, 0, 1),
(348, '215-016', 'FUSIBLES 40A', 1, 19, 500, 347, 0, 1),
(349, '215-017', 'FUSIBLES 75A', 1, 14, 500, 347, 0, 1),
(350, 'PACHA4', 'PACHAS DE CDI 4 ', 1, 1, 12000, 8000, 0, 1),
(351, 'PACHA2', 'PACHAS DECDI 2', 1, 1, 8000, 5000, 0, 1),
(352, 'TORNLIJUO', 'TORNILLO DE LUJO', 1, 2, 3000, 1800, 0, 1),
(353, 'RF180*', 'RESORTE PEDAL DE FRENO', 1, 9, 4000, 2800, 0, 1),
(354, '459129*', 'PLATO DE BOBINA AKT 180', 1, 2, 95000, 54189, 0, 1),
(355, '127509*', 'PLATO DE BONINAS AKT 200 TRIFASICO', 1, 3, 160000, 106000, 0, 1),
(356, '584845', 'MANZANA DE CLUCHT', 1, 4, 335000, 189945, 0, 1),
(357, '394468*', 'CENTRO DE CLUCTH COMPLETO 125 CGR', 1, 1, 980000, 55566, 0, 1),
(358, '556323*', 'JGO DISCOS DE CLUTCH 180-200 AKT ', 1, 4, 85000, 48195, 0, 1),
(359, 'K353097900*', 'GUARDAPOLVO RE/TORITO PEQUEÑO', 1, 0, 10000, 2800, 0, 1),
(360, 'A353148000*', 'GUARDAPOLVO RE /TORITO GRANDE', 1, 4, 12000, 7000, 0, 1),
(361, 'K35309800', 'GUARDAPOLVO RE/TORITO GRANDE ', 1, 38, 12000, 7000, 0, 1),
(362, '581608*', 'CRUCETA CARDAN 20X55 AKT', 1, 7, 55000, 31185, 0, 1),
(363, 'C.C', 'CRUCETA CERONTE 200', 1, 0, 45000, 31500, 0, 1),
(364, 'C.S', 'CRUCETA SIGMA', 1, 0, 45000, 31500, 0, 1),
(365, '121212*', 'DISCOS DE CLUCTH PEQUEÑO ', 1, 2, 22000, 15400, 0, 1),
(366, '475815*', 'CAJA FILTRO 180 AKT', 1, 1, 100000, 65000, 0, 1),
(367, '045285*', 'BOMBA DE FRENO AKT  200', 1, 1, 225000, 171000, 0, 1),
(368, '459501*', 'VALVULA INYECCION 180 AKT', 1, 0, 95000, 53865, 0, 1),
(369, '459143', 'BALANCINES SUPERIOR CARGUERO 180', 1, 1, 98000, 55566, 0, 1),
(370, '739566*', 'KIT BIELA 175', 1, 5, 96000, 67200, 0, 1),
(371, '387156', 'KIT BIELA 180', 1, 1, 90000, 63000, 0, 1),
(372, '828700', 'CARBURADOR 150 AKT', 1, 3, 120000, 84000, 0, 1),
(373, '459518*', 'CONECTOR CARBURADOR 180 AKT', 1, 3, 30000, 21000, 0, 1),
(374, '740142*', 'FILTRO DE AIRE 200 CARGUERO', 1, 2, 30000, 21000, 0, 1),
(375, '459877*', 'FILTRO ACEITE  CARGUERO ', 1, 9, 41000, 32000, 0, 1),
(376, '459105*', 'MOTOR DE ARRANQUE 180 AKT ', 1, 1, 240000, 168000, 0, 1),
(377, '604819*', 'REGULADOR AKT 200 TRIFASICO', 1, 5, 170000, 120200, 0, 1),
(378, '047128*', 'CILINDRO FRENO TRASERO ', 1, 2, 60000, 42000, 0, 1),
(379, '459099*', 'EJE DE CAMBIOS 180 AKT ', 1, 6, 58000, 40600, 0, 1),
(380, '475969*', 'EJE CRANK AKT', 1, 1, 55000, 38500, 0, 1),
(381, '193870', 'KIT CILINDRO AKT 180', 1, 3, 305000, 213500, 0, 0),
(382, '193870*', 'KIT CILINDRO 180 AKT GENERICO', 1, 2, 250000, 175000, 0, 1),
(383, '080354', 'KIT CILINDRO AKT 200', 1, 0, 370000, 325000, 0, 1),
(384, '475860*', 'EMPAQUE EXOSTO 180', 1, 7, 6000, 4200, 0, 1),
(385, '726597*', 'ONE WAY-CLUCTH DE ARRANQUE AKT 200', 1, 1, 130000, 68000, 0, 1),
(386, '726598', 'CLUTCH ARRANQUE/ONE WAY ', 1, 0, 115000, 80500, 0, 1),
(387, '504768*', 'PASTILLAS DE FRENO ', 1, 8, 94000, 72000, 0, 1),
(388, '520AM00090', 'CABLE VELOCIMETRO TORITO GENERICO', 1, 16, 45000, 31500, 0, 1),
(389, '520AM00084', 'CABLE ACELERADOR TORITO/RE 205 GENERICO', 1, 16, 20000, 14000, 0, 1),
(390, '520AM00064', 'CABLE ACELERADOR TORITO GENERICO', 1, 12, 15000, 10500, 0, 1),
(391, '520AM00086', 'CABLE ACELERADOR TORITO GENERICO END', 1, 0, 20000, 14000, 0, 1),
(392, '520AM00087', 'CABLE CLUCTH RE 205', 1, 14, 30000, 21000, 0, 1),
(393, '520AM00088', 'CABLE CAMBIOS  TORITO NEGRA ', 1, 5, 24000, 16800, 0, 1),
(394, '520AM00089', 'CABLE CAMBIOS TORITO BLANCA ', 1, 3, 24000, 16800, 0, 1),
(395, ' 520AM00095', 'CABLE REVERSA TORITO 2017', 1, 12, 30000, 21000, 0, 1),
(396, '520AM00075', 'CABLE CAMBIOS TVS NEGRO', 1, 5, 25000, 17500, 0, 1),
(397, '520AM00072', 'CABLE CAMBIOS TVS BLANCO', 1, 5, 25000, 17500, 0, 1),
(398, '520AM00083', 'CABLE DE REVERSA RE 205', 1, 3, 25000, 17500, 0, 1),
(399, '11035700', 'CABLE CAMBIOS TORITO NEGRO ENGG', 1, 3, 28000, 19600, 0, 1),
(400, '11035699', 'CABLE CAMBIOS TORITO BLANCO ENGG', 1, 5, 28000, 19600, 0, 1),
(401, '11035680', 'CABLE ACELERADOR RE 205', 1, 6, 25000, 17500, 0, 1),
(402, '11035702', 'CABLE CLUCTH TORITO', 1, 0, 30000, 24500, 0, 1),
(403, '11035678', 'CABLE DE CAMBIOS RE 205', 1, 1, 28000, 19600, 0, 1),
(404, 'AA191102', 'CABLE VELOCIMETRO ORIGINAL TORITO', 1, 8, 80000, 56000, 0, 1),
(405, 'AA191092', 'CABLE CLUCTH TORITO ORIGINAL ', 1, 1, 58000, 40600, 0, 1),
(406, 'AA191115', 'CABLE REVERSA', 1, 5, 69000, 48300, 0, 1),
(407, 'AA191091', 'CABLE ACELERADOR TORITO ORIGINAL', 1, 11, 45000, 31500, 0, 1),
(408, 'AA191093*', 'CABLE CAMBIOS TORITO ORIGINAL', 1, 20, 44000, 30800, 0, 1),
(409, 'AA191073*', 'CABLE ACELERADOR RE 205 ORIGINAL', 1, 21, 35000, 34970, 0, 1),
(410, ' AZ161212*', 'CABLE DE REVERSA TORITO ORIGINAL', 1, 10, 55000, 38500, 0, 1),
(411, ' 24191132*', 'CABLE DE CLUCTH RE 205 ORIGINAL', 1, 1, 75000, 52500, 0, 1),
(412, 'AA191068', 'CABLE REVERSA RE 205 ORIGINAL', 1, 9, 30000, 21000, 0, 1),
(413, 'BA191052', 'CABLE DE CAMBIOS RE 205  NEGRA  ORIGINAL', 1, 13, 45000, 31500, 0, 1),
(414, 'BA191051', 'CABLE CAMBIOS RE 205  BLANCA ORIGINAL', 1, 15, 46000, 32200, 0, 1),
(415, '24151059', 'CABLE DE FRENO DE MANO TRASERO LH', 1, 1, 38000, 26600, 0, 1),
(416, 'BG131802', 'CABLE FRENO CENTRAL', 1, 1, 38000, 26600, 0, 1),
(417, 'AA191139', 'CABLE ACELERADOR TORITO ORIGINAL ', 1, 4, 45000, 31500, 0, 1),
(418, 'K353242900*', 'RINES  GENERICO', 1, 3, 100000, 70000, 0, 1),
(419, 'R001*', 'RIN GENERICO MOP ', 1, 2, 115000, 80500, 0, 1),
(420, 'K353254600*', 'CAMPANA ', 1, 0, 95000, 68600, 0, 1),
(421, 'K353173300', 'TIJERA IZQUIERDA ', 1, 0, 180000, 126000, 0, 1),
(422, '047111*', 'JGO BANDAS FRENO', 1, 4, 80000, 56000, 0, 1),
(423, 'HL-5632', 'FAROLA TORITO ', 1, 0, 35000, 24500, 0, 1),
(424, ' AL201066', 'FAROLA ORIGINAL ', 1, 1, 164000, 49200, 0, 1),
(425, 'K347001500*', 'COMANDO IZQUIERDO GENERICO', 1, 10, 22000, 15400, 0, 1),
(426, 'K347001600*', 'COMANDO DERECHO GENERICO', 1, 8, 22000, 15400, 0, 1),
(427, 'K353186100', 'SWICTH ENCENDIDO GENERICO TORITO', 1, 5, 40000, 20300, 0, 1),
(428, 'A385', 'RELAY ', 1, 2, 6000, 4200, 0, 1),
(429, 'K345000244*', 'RESORTE ARRANQUE TORITO-RE205', 1, 14, 15000, 7100, 0, 1),
(430, 'K353140100*', 'KIT ESCOBILLAS TVS', 1, 3, 28000, 19600, 0, 1),
(431, 'K345000239*', 'KIT ESCOBILLAS TORITO ', 1, 4, 25000, 13500, 0, 1),
(432, '6025', 'KIT ESCOBILLAS RE 205', 1, 0, 25000, 17500, 0, 1),
(433, '11044223', 'KIT ESCOBILLAS RE 205/TW4RE', 1, 4, 20000, 14000, 0, 1),
(434, 'K345003417', 'PIÑON DE ARRANQUE BENDIX TORITO', 1, 5, 148000, 103600, 0, 1),
(435, 'K3531155400*', 'MOTOR ARRANQUE TORITO', 1, 5, 95000, 49000, 0, 1),
(436, 'K345000210*', 'PORTA ESCOBILLA COMPLETO TORITO', 1, 5, 42000, 29400, 0, 1),
(437, 'K353065000*', 'RELAY DE ARRANQUE   205', 1, 4, 25000, 14000, 0, 1),
(438, 'K353243300', 'CARCAZA MOTOR DE ARRANQUE TORITO ', 1, 0, 49000, 34300, 0, 1),
(439, 'K353177800*', 'KIT EMPAQUES  MOTOR ARRANQUE TORITO', 1, 17, 4000, 2800, 0, 1),
(440, 'K353058400*', 'BOBINA DE ALTA RE 205-175', 1, 3, 45000, 19900, 0, 1),
(441, 'K343013850*', 'BOBINA PULSORA RE 205', 1, 2, 12000, 8400, 0, 1),
(442, 'K353140800*', 'REGULADOR TORITO ', 1, 1, 120000, 63000, 0, 1),
(443, 'K345000220*', 'TAPA DE MOTOR DE ARRANQUE TORITO', 1, 2, 32000, 19600, 0, 1),
(444, 'K345000209*', 'TAPA MOTOR DE ARRANQUE RE 205/175', 1, 5, 17000, 11900, 0, 1),
(445, 'K353194000*', 'CDI VARROC RE205 Modelo 2013-14 Rp', 1, 2, 85000, 59500, 0, 1),
(446, 'K353167600*', 'CDI  TORITO Modelo 2015-18 Rp', 1, 1, 110000, 77000, 0, 1),
(447, 'A345000365*', 'Carcasa Motor Arranque TORITO 205/175', 1, 5, 38000, 26600, 0, 1),
(448, 'K345006500*', 'MOTOR ARRANQUE  COMPLETO TORITO M 2006-2014', 1, 2, 290000, 203000, 0, 1),
(449, 'K346000400', 'Motor Limpia Brisas TORITO 175 M: 2006-2012', 1, 5, 100000, 66500, 0, 1),
(450, 'K353042700*', 'Jgo Dado Impulsador + 1 Buje  TORITO ', 1, 42, 10000, 4500, 0, 1),
(451, 'K353072800*', 'BUJE AMORTIGUADOR DELANTERO TORITO', 1, 12, 6000, 4200, 0, 1),
(452, 'AB171016*', 'BUJE AMORTIGUADOR DELANTERO TORITO ORIGINAL', 1, 15, 8000, 5600, 0, 1),
(453, 'K353256100*', 'RODAMIENTOS TRASEROS RE205 ', 1, 0, 25000, 17500, 0, 1),
(454, 'K353256200', 'KIT RODAMIENTOS  RUEDA TRASERA TORITO', 1, 0, 25000, 17500, 0, 1),
(455, 'K353256000*', 'RODAMIENTOS RUEDA DELANTERA  TORITO ', 1, 10, 25000, 13700, 0, 1),
(456, 'K353275000*', 'KIT RODAMIENTOS RUEDA TRASERO TVS ', 1, 3, 25000, 17500, 0, 1),
(457, 'A229002600', 'COPA DIFERENCIAL MEDIANA TORITO', 1, 13, 40000, 28000, 0, 1),
(458, 'K353297900*', 'COPA DIFERENCIAL TORITO IZQ', 1, 6, 40000, 28000, 0, 1),
(459, '2805107775', 'TENSOR DE FRENO IZQUIERDO TORITO', 1, 18, 10000, 7000, 0, 1),
(460, '2805107875', 'TENSOR DE FRENO DERECHO TORITO', 1, 11, 12000, 8400, 0, 1),
(461, '2805101401', 'LEVA DE FRENO DERECHO', 1, 6, 7000, 4900, 0, 1),
(462, '2805101101', 'LEVA DE FRENO IZQ ', 1, 6, 8000, 5600, 0, 1),
(463, ' 2841500101', 'LEVA DE FRENO', 1, 7, 12000, 8400, 0, 1),
(464, '2805100401*', 'KIT CHUPAS  FRENO DELANTERO TORITO (RE205, TORITO)', 1, 14, 10000, 7000, 0, 1),
(465, '2805100301', 'KIT CHUPAS FRENO TRASERO  TORITO  RE205, TORITO', 1, 0, 10000, 7000, 0, 1),
(466, '3005100101', 'KIT REPARACION DE FRENO DEL RE205-TORITO', 1, 4, 35000, 24500, 0, 1),
(467, '2851400201*', 'CILINDRO DELANTERO TORITO', 1, 2, 45000, 31500, 0, 1),
(468, '2805100101*', 'CHUPAS  FRENO TRASERO RE 205-TRT', 1, 13, 25000, 15400, 0, 1),
(469, '2805104701*', 'CHUPAS CILINDRO FRENO TRASERO TVS ', 1, 6, 25000, 17500, 0, 1),
(470, ' 2871400601*', 'CILINDRO TRASERO COMPL. TVS ', 1, 0, 47000, 32900, 0, 1),
(471, '2871400201*', 'CILINDRO COMPLETO TRASERO TRT', 1, 4, 45000, 31500, 0, 1),
(472, '165FY00222*', 'PORTA DISCOS TORITO', 1, 3, 38000, 28000, 0, 1),
(473, '165FY00122*', 'PORTA DISCOS RE205-TRT', 1, 3, 40000, 28000, 0, 1),
(474, ' 1650301101*', 'CENTRO DE CLUCTH COMPLETO TRT', 1, 1, 135000, 90700, 0, 1),
(475, '1650200739*', 'POR TA CORONA 74 DIENTES TRT', 1, 1, 140000, 98000, 0, 1),
(476, '520PP1975', 'AJUSTADOR PORTA DISCOS ', 1, 0, 25000, 17500, 0, 1),
(477, '165FC00375*', 'JGO DISCOS DE CLUTCH (1 ESPECIAL) TORITO', 1, 9, 45000, 25000, 0, 1),
(478, 'AL001*', 'ARBOL DE LEVAS GN MQP', 1, 1, 74000, 51800, 0, 1),
(479, '520AM00350', 'ARBOL DE LEVAS TORITO', 1, 0, 85000, 59500, 0, 1),
(480, 'K353338700*', 'KIT CILINDRO KING TVS ', 1, 2, 265000, 185500, 0, 1),
(481, 'BV', 'BATERIA VARTA', 1, 0, 215000, 205000, 0, 1),
(482, 'B12V5Ah', 'BATERIA 12V5Ah', 1, 3, 95000, 66500, 0, 1),
(483, 'B12V4Ah*', 'BATERIA 12V4Ah', 1, 2, 95000, 66500, 0, 1),
(484, 'B12V2.5Ah*', 'BATERIA 12V2.5Ah', 1, 3, 70000, 49000, 0, 1),
(485, 'B12N9-4B', 'BATERIA 12N9-4B', 1, 1, 125000, 87500, 0, 1),
(486, 'CP3005', 'COPA MOTOR LADO  IZQ TRT', 1, 4, 65000, 45500, 0, 1),
(487, 'CP3006', 'COPA MOTOR LADO DR TRT', 1, 0, 65000, 45500, 0, 1),
(488, 'BA132171', 'ARBOL DE LEVAS ORG', 1, 3, 45000, 31500, 0, 1),
(489, 'k109043900', 'GUARDABARRO TVS ', 1, 0, 10000, 7000, 0, 1),
(490, 'K109083000*', 'GUARDAPOLVO TVS', 1, 18, 10000, 4700, 0, 1),
(491, '  N400*8', 'NEUMATICO 400.*8', 1, 31, 15000, 10500, 0, 1),
(492, 'k109043900', 'MANIGUETA CLUTCH  TRT GN', 1, 7, 10000, 7000, 0, 1),
(493, 'K353180200*', 'EJE RUEDA DELANTERA TRT GN', 1, 5, 45000, 24450, 0, 1),
(494, 'K353178900*', 'VOLANTE COMPLETO TRT GN', 1, 2, 280000, 196000, 0, 1),
(495, '8008', 'CREMALLERA RE 205', 1, 3, 94000, 72000, 0, 1),
(496, 'B35400200O', 'BOMBA DE FRENO TRAS TRT GN', 1, 1, 120000, 61800, 0, 1),
(497, '3031000101', 'BOMBA FRENO TRT RE205 GN', 1, 1, 130000, 91000, 0, 1),
(498, '2905101775*', 'JGO BANDAS TRT GN', 1, 5, 28000, 21000, 0, 1),
(499, 'S260100807', 'AMORTIGUADOR TRT GN', 1, 3, 73000, 45200, 0, 1),
(500, '2841200201', 'PORTA BANDAS TRAS  IZQ  RE 205-TRT ', 1, 1, 120000, 84000, 0, 1),
(501, '2841200801', 'PORTA BANDAS DEL TRT GN', 1, 0, 140000, 98000, 0, 1),
(502, '2841200301', 'PORTA BANDAS TRAS DER RE 205-TRT GN', 1, 1, 120000, 84000, 0, 1),
(503, 'k353043300', 'EJE  BRAZO DR TRT ', 1, 4, 28000, 15000, 0, 1),
(504, 'K353043400', 'EJE IZQ  BRAZO TRT ', 1, 11, 25000, 17500, 0, 1),
(505, 'K109070800*', 'BUJE TIJERA DELANTERO TRT GN', 1, 13, 10000, 7000, 0, 1),
(506, 'S135100607', 'AMORTIGUADOR  DEL. TRT ', 1, 2, 78000, 41000, 0, 1),
(507, '2805101001*', 'Kit Resorte Freno Delantero/Trasero Izquierdo TRT GN', 1, 16, 6000, 4200, 0, 1),
(508, '24151182*', 'KIT RESORTE RH ORIGINAL ', 1, 17, 7000, 4900, 0, 1),
(509, '2805101301', 'Kit Resorte Freno Trasero Derecho GN', 1, 17, 6000, 4200, 0, 1),
(510, 'SD001', 'SOPORTE DESCANSAPIE TRT GN', 1, 2, 20000, 14000, 0, 1),
(511, 'B001', 'BOMBA ', 1, 1, 18000, 12600, 0, 1),
(512, '20570', 'KIT CUNAS BOXER CT 100 GN', 1, 2, 20000, 14000, 0, 1),
(513, '50581', 'KIT CUNAS NKD TTRP GN', 1, 2, 20000, 14000, 0, 1),
(514, '20580', 'KIT CUNAS XTZ 125', 1, 2, 20000, 14000, 0, 1),
(515, 'R6001', 'RODAMIENTO 6001 GIRE GN', 1, 6, 10000, 7000, 0, 1),
(516, 'R16003', 'RODAMIENTO 16003 ESPECIAL', 1, 2, 17000, 10500, 0, 1),
(517, 'R6200', 'RODAMIENTO 6200 GAUSS GN', 1, 7, 9000, 6300, 0, 1),
(518, 'R6002G', 'RODAMIENTO 6002 GAUSS GN ', 1, 5, 8000, 5600, 0, 1),
(519, 'R6002Z', 'RODAMIENTO 6002 ZSG', 1, 2, 13000, 9100, 0, 1),
(520, 'R6002K', 'RODAMIENTO 6002 KOYO GN', 1, 5, 15000, 10500, 0, 1),
(521, 'R6300', 'RODAMIENTO 6300 GAUSS', 1, 8, 10000, 7000, 0, 1),
(522, 'R6201', 'RODAMIENTO 6201 GIRE', 1, 7, 11000, 7500, 0, 1),
(523, 'R6301', 'RODAMIENTO 6301 HCH ', 1, 20, 13000, 9100, 0, 1),
(524, 'R6004', 'RODAMIENTO 6004 GIRE', 1, 7, 15000, 10500, 0, 1),
(525, 'R6005', 'RODAMIENTO 6005 HTH', 1, 5, 18000, 12600, 0, 1),
(526, 'R6202', 'RODAMIENTO 6202 KOYO', 1, 9, 10000, 7000, 0, 1),
(527, 'R6203', 'RODAMIENTO 6203 GIRE', 1, 13, 15000, 10500, 0, 1),
(528, 'R6204', 'RODAMIENTO 6204 GAUSS', 1, 1, 14000, 9800, 0, 1),
(529, 'R6205', 'RODAMIENTO 6205 GIRE', 1, 8, 22000, 15400, 0, 1),
(530, 'R6202', 'RODAMIENTO 6206 gire', 1, 10, 25000, 17500, 0, 1),
(531, 'R6302Z', 'RODAMIENTO 6302 ZSG-GIRE', 1, 10, 15000, 10500, 0, 1),
(532, 'R6302G', 'RODAMIENTO 6302 GAUSS', 1, 1, 11000, 7700, 0, 1),
(533, 'R6304H', 'RODAMIENTO 6304 HCH', 1, 3, 25000, 17500, 0, 1),
(534, 'R6304G', 'RODAMIENTO 6304 GIRE', 1, 0, 25000, 17500, 0, 0),
(535, 'R6304HZ', 'RODAMIENTO 6304 ZSG', 1, 0, 25000, 17500, 0, 1),
(536, 'R6304A', 'RODAMIENTO 6304 AKT', 1, 0, 25000, 17500, 0, 1),
(537, 'A001*', 'ABRAZADERAS METALICAS ', 1, 18, 3000, 2100, 0, 1),
(538, '243303R', 'RODAMIENTO DE BOLAS APE CITY', 1, 5, 25000, 17500, 0, 1),
(539, '661282', 'RODAMIENTO DE AGUJAS APE CITY', 1, 4, 25000, 17500, 0, 1),
(540, 'KIT95033*', 'KIT BANDAS DEL.  APE CITY', 1, 1, 69000, 48300, 0, 1),
(541, 'AA101048', 'EJE DE CAJA ', 1, 1, 297000, 207900, 0, 1),
(542, 'AA131002', 'PIÑON DIFERENCIAL', 1, 1, 286200, 200400, 0, 1),
(543, '912440', 'KIT RETENEDORES MOTOR ', 1, 6, 35000, 27000, 0, 1),
(544, '504669*', 'RETEN 28*40*7 AKT ', 1, 0, 31000, 23800, 0, 1),
(545, 'CG200', 'DISCOS DE CLUTCH BOXER GN', 1, 1, 20000, 14000, 0, 1),
(546, '779', 'DISCOS DE CLUTCH AKT 110 GN', 1, 2, 15000, 10500, 0, 1),
(547, 'DC186', 'DISCOS DE CLUTCH PULSAR 135 GN ', 1, 2, 15000, 10500, 0, 1),
(548, 'D001', 'DISCOS DE CLUTCH ', 1, 1, 9800, 14000, 0, 1),
(549, '06450', 'KIT REPARTICION HONDA', 1, 2, 28000, 19600, 0, 1),
(550, '203355', 'CABLE CAMBIOS GX TRT GN', 1, 0, 19000, 13300, 0, 1),
(551, '5005', 'CABLE CAMBIOS BR TRT GN', 1, 3, 30000, 21000, 0, 1),
(552, 'B075716', 'CABLE CONJ APE CITY', 1, 0, 33000, 23100, 0, 1),
(553, 'B073469*', 'CABLE DE ENGRANAJE CAMBIOS APE CITY', 1, 1, 32000, 22400, 0, 1),
(554, 'B042356*', 'CABLE DE GASOLINA  APE CITY', 1, 2, 40000, 28000, 0, 1),
(555, 'B075566', 'CABLE CLUCTH APE CITY', 1, 1, 45000, 31500, 0, 1),
(556, 'B076208*', 'CABLE VELOCIMETRO APE CITY', 1, 3, 57000, 39900, 0, 1),
(557, 'G5170040', 'CABLE DE CAMBIOS TVS ORG BLANCO', 1, 1, 45000, 31500, 0, 1),
(558, 'G4170020', 'CABLE DE CAMBIOS TVS ORG NEGRO ', 1, 1, 52000, 36400, 0, 1),
(559, 'MT001', 'CABLE DE CLUTCH MOTO NN', 1, 5, 15000, 10500, 0, 1),
(560, 'K353092000', 'FILTRO AIRE VARROC TRT GN', 1, 4, 29000, 20300, 0, 1),
(561, '11044228*', 'FILTRO AIRE ENG RE 205 TORITO', 1, 13, 28000, 19600, 0, 1),
(562, 'K353147800*', 'ANTIVIBRANTE ', 1, 0, 2000, 404, 0, 1),
(563, 'D1060810', 'RETEN BARRAS RTX 150', 1, 0, 15000, 10500, 0, 1),
(564, 'D1086064', 'RETEN BARRAS GIXXER-FZ ', 1, 2, 15000, 10500, 0, 1),
(565, 'D1025498', 'RETEN BARRAS BOXER, PULSAR 135', 1, 2, 15000, 10500, 0, 1),
(566, 'D1060807', 'RETEN BARRAS APACHE', 1, 2, 15000, 10500, 0, 1),
(567, 'D1085738', 'RETEN BARRAS PULSAR 220', 1, 1, 15000, 10500, 0, 1),
(568, 'D1060042', 'RETEN BARRAS HONDA-AKT', 1, 2, 15000, 10500, 0, 1),
(569, 'D001 AKT', 'DISCOS AKT ORG', 1, 0, 22000, 15400, 0, 1),
(570, '220-OFA-TK', 'FILTRO DE ACEITE GN TVS ', 1, 7, 8000, 5600, 0, 1),
(571, 'P001', 'PIÑON SATELITE O  DIFERENCAL CARGUERO GN', 1, 2, 95000, 56000, 0, 1),
(572, 'L001', 'KIT PIÑONES DE ARRANQUE LIFAN GN', 1, 0, 69000, 48500, 0, 1),
(573, 'S001', 'BIELA SIGMA GN', 1, 1, 150000, 105000, 0, 1),
(574, '336512', 'PIÑON CRANK CARGUERO ', 1, 2, 35000, 24500, 0, 1),
(575, 'RT001', 'RODAMIENTOS TRANSMICION CARGUERO ', 1, 0, 40000, 28000, 0, 1),
(576, 'T001', 'TENSOR DE BANDA CARGUERO ', 1, 2, 58000, 40600, 0, 1),
(577, '475952*', 'PEDAL DE CAMBIOS 180 AKT ORG', 1, 8, 41000, 31500, 0, 1),
(578, 'B002*', 'BANDAS CARGUERO 200 GN', 1, 1, 65000, 45500, 0, 1),
(579, 'VA1282', 'FILTRO ACEITE BOXER-PLATINO 100-BM 100 GN', 1, 8, 6000, 4200, 0, 1),
(580, 'JG571064', 'FILTRO ACEITE NS 200 GN', 1, 4, 10000, 7000, 0, 1),
(581, 'FP200', 'FILTRO ACEITE NS 200 GN', 1, 0, 10000, 7000, 0, 1),
(582, 'A1409113', 'FILTRO ACEITE NS 200 GN', 1, 5, 8000, 5600, 0, 1),
(583, 'FL093', 'FILTRO ACEITE CRYPTON GN', 1, 5, 6000, 4200, 0, 1),
(584, 'FC001', 'FILTRO ACEITE CRYPTON-XTZ 250-R15 GN', 1, 5, 8000, 5600, 0, 1),
(585, 'E3440', 'FILTRO ACEITE FZ 16 GN', 1, 2, 6000, 4200, 0, 1),
(586, 'A1409807', 'FILTRO ACEITE APACHE RTR 160', 1, 4, 5000, 3500, 0, 1),
(587, '45H10', 'FILTRO ACEITE GIXXER GN', 1, 2, 6000, 4200, 0, 1),
(588, 'A1409110', 'FILTRO ACEITE BOXER, PULSAR, FZ16 GN', 1, 0, 5000, 3500, 0, 1),
(589, 'ELPO001', 'FILTRO ACEITE APACHE ', 1, 6, 6000, 4200, 0, 1),
(590, 'K109014700', 'Caucho Soporte Motor VARROC', 1, 12, 15000, 10500, 0, 1),
(591, 'A353254800', 'Buje Brazo Rueda Del VARROC TORITO Rp', 1, 4, 25000, 17500, 0, 1),
(592, '36244016', 'Buje Brazo Rueda Del TORITO ORG', 1, 0, 20000, 14000, 0, 1),
(593, 'GN125', 'FILTRO ACEITE GN125', 1, 0, 5000, 3500, 0, 1),
(594, 'F800602507', 'KIT CUNAS RE 205 GN', 1, 4, 45000, 31500, 0, 1),
(595, 'F800603407', 'KIT CUNAS TRT GN', 1, 6, 40000, 28000, 0, 1),
(596, 'F800602507', 'KIT CUNAS RE 205 GN', 1, 3, 45000, 31500, 0, 1),
(597, '121118*', 'CABLE DIFERENCIAL ASISTIDO 200 - 2014', 1, 8, 60000, 39200, 0, 1),
(598, '476126*', 'CABLE ACELERADOR 180 ORG AKT', 1, 7, 32000, 22400, 0, 1),
(599, '292832*', 'CABLE EMERGENCIA 180 ORG AKT', 1, 4, 32000, 22400, 0, 1),
(600, '476119*', 'CABLE VELOCIMETRO 180 ORG AKT ', 1, 4, 30000, 19000, 0, 1),
(601, '476133*', 'CABLE CLUTCH 180 ORG AKT', 1, 6, 32000, 22400, 0, 1),
(602, '10U107*', 'EMP. CENTRO MOTOR RE 205', 1, 3, 8000, 5600, 0, 1),
(603, '10U107180', 'EMP. CENTRO MOTOR AKT 180', 1, 18, 5000, 3500, 0, 1),
(604, '19P292', 'KIT EMPAQUES CARGUERO 180 GN', 1, 3, 22000, 15400, 0, 1),
(605, '10C142', 'EMP. DE CLUCTH TRT GN', 1, 7, 8000, 5600, 0, 1),
(606, '19P103', 'KIT EMPAQUES TRT GN', 1, 7, 20000, 14000, 0, 1),
(607, '10D04', 'EMP. TRANSMICION TRT', 1, 15, 4000, 2800, 0, 1),
(608, 'AA101054*', 'TORNILLO BALANCEADOR ', 1, 4, 17000, 11900, 0, 1),
(609, ' 17H91', 'EMP. MOTOR TRASERO', 1, 1, 4000, 2800, 0, 1),
(610, '10H242-L', 'EMPAQUE CULATA CARGUERO 200 GN', 1, 6, 4000, 2800, 0, 1),
(611, '10E251-B', 'EMPAQUE CILINDRO CARGUERO 200 GN', 1, 4, 2000, 1400, 0, 1),
(612, '10E150', 'EMPAQUE  CILINDRO TRT 4S 2019  GN', 1, 7, 2000, 1400, 0, 1),
(613, '10H155-F', 'EMPAQUE CULATA  TRT 4S 2019 GN', 1, 16, 5000, 3500, 0, 1),
(614, '18K106', 'KIT MEDIO TRT 4S 2019', 1, 0, 10000, 7000, 0, 1),
(615, '10H113-L', 'EMPAQUE CULATA CARGUERO 180 GN ', 1, 5, 5000, 3500, 0, 1),
(616, '10E135', 'EMPAQUE CILINDRO CARGUERO 180 GN ', 1, 7, 2000, 1400, 0, 1),
(617, '18K242', 'KIT MEDIO CARGUERO 200  GN ', 1, 5, 8000, 5600, 0, 1),
(618, '10H147 L', 'EMP. CULATA RE 205 GN ', 1, 35, 5500, 3850, 0, 1),
(619, '10E107', 'EMP. CILINDRO  RE 205 GN ', 1, 18, 2000, 1400, 0, 1),
(620, '18K174', 'KIT MEDIO RE 205 GN', 1, 0, 8000, 5600, 0, 1),
(621, '21L40SE', 'KIT MEDIO HONDA  ECO 100 GN', 1, 1, 8000, 5600, 0, 1),
(622, '10C88', 'EMP CLUTCH CARGUERO 180 GN', 1, 11, 5000, 3400, 0, 1),
(623, '19P292', 'KIT EM PAQUE CARGUERO 180 GN ', 1, 2, 22000, 15400, 0, 1),
(624, '10U17', 'EMP CENTRO MOTOR CARGUERO 180-200 GN', 1, 1, 25000, 17500, 0, 1),
(625, '10T92', 'EMP TAPA VOLANTE CARGUERO 180 GN', 1, 0, 8000, 6400, 0, 1),
(626, 'AN101186*', 'EMP. TAPA DE CLUTCH ORG RE 205 ', 1, 4, 21100, 13400, 0, 1),
(627, 'AN101129', 'EMPAQUE CARCASA TRT ORG', 1, 20, 22600, 10700, 0, 0),
(628, 'AB171034*', 'EJE LLANTA DEL  RE 205', 1, 1, 160500, 134900, 0, 1),
(629, '24171118*', 'EJE TRASERO RE 205 ORG ', 1, 2, 215100, 180700, 0, 1),
(630, 'AA101569', 'CADENILLA RE 205 ORG ', 1, 5, 29000, 22000, 0, 1),
(631, 'AA101860', 'VALVULA ESCAPE TRT 2022 ORG ', 1, 5, 60000, 41600, 0, 1),
(632, '28101110*', 'ARANDELA CIGUEÑAL RE 205 ORG', 1, 15, 5500, 3850, 0, 1),
(633, 'DG111008', 'BUJIA TRT ORIGINAL ', 1, 0, 15000, 10360, 0, 1),
(634, 'KPBC6204', 'RODAMIENTO SUSPENCION  6204 ORG ', 1, 3, 30000, 20650, 0, 1),
(635, '05191046', 'MICO ORIGINAL', 1, 47, 3000, 1500, 0, 1),
(636, '13101165', 'EMPAQUE EXOSTO RE 205 ORG', 1, 26, 3000, 2100, 0, 1),
(637, 'AN101066*', 'ANILLOS RE 205 ORG ', 1, 2, 55000, 38850, 0, 1),
(638, 'T0203NNN', 'STOP CARGUERO GN', 1, 1, 80000, 51400, 0, 1),
(639, 'N275-300*17', 'NEUMATICO 275-300*17', 1, 44, 18000, 7600, 0, 1),
(640, 'LL450-12', 'LLANTA 450-12 CARGUERO ', 1, 0, 160000, 121500, 0, 1),
(641, 'N400-450*12', 'NEUMATICO 400-450*12', 1, 12, 18000, 11600, 0, 1),
(642, '40R031*', 'RETEN BARRAS CARGUERO 180-200 GN', 1, 0, 12000, 6500, 0, 1),
(643, '467322*', 'KIT MEDIO AKT CARGUERO 200', 1, 4, 25000, 18000, 0, 1),
(644, '476423*', 'RESORTE SOPORTE MOTOR AKT 180', 1, 0, 20000, 13500, 0, 1),
(645, 'VA20016*', 'REGULADOR VITRIX CARGUERO 180 GN', 1, 4, 50000, 37000, 0, 1),
(646, '459211', 'PIÑON ARRANQUE AKT 180 CARGUERO', 1, 0, 77000, 58200, 0, 1),
(647, ' VA40074', 'PEDAL DE CAMBIOS CARG 180 GN', 1, 7, 60000, 37000, 0, 1),
(648, '216173', 'PEDAL DE CAMBIOS CARG 180 AKT', 1, 0, 83000, 63200, 0, 1),
(649, ' 1A006858', 'EMPAQUE CUBIERTA ARR  APE CITY ', 1, 0, 9000, 6300, 0, 1),
(650, 'C001*', 'KIT MEDIO AKT CARGUERO 200 ORG ', 1, 1, 8000, 6400, 0, 1),
(651, 'DD101211*', 'RESORTE VALVULA  ORG', 1, 1, 6000, 3900, 0, 1),
(652, 'AB101067*', 'CRUCETA TRT', 1, 5, 57000, 39500, 0, 1),
(653, '22121-KKD7-900', 'RELAY DE ARRANQUE KYMCO', 1, 1, 25000, 17500, 0, 1),
(654, 'BA133064*', 'DADO IMPULSADOR ORG', 1, 8, 22000, 14500, 0, 1),
(655, '39187105', 'PASADOR BALANCIN TRT ', 1, 4, 27000, 18900, 0, 1),
(656, '587802', 'CABLE DE GASOLINA APE CITY ORG ', 1, 0, 8000, 5000, 0, 1),
(657, 'R0011', 'REGULADOR AKT 110 ', 1, 0, 35000, 24500, 0, 1),
(658, 'G001', 'LLAVE DE GASOLINA ', 1, 1, 15000, 10500, 0, 1),
(659, 'BF001', 'BOMBILLO FLECHEO ', 1, 45, 7000, 4000, 0, 1),
(660, 'PP001', 'PIÑONES PRIMARIOS ', 1, 2, 68000, 47600, 0, 1),
(661, '50-63-11DL', 'RETEN CARGUERO GN ', 1, 0, 20000, 14000, 0, 1),
(662, '20359', 'RETEN APE CITY ', 1, 4, 15000, 10500, 0, 1),
(663, '583657*', 'RETEN CAJA  REVERSA 30*47/62*2.6', 1, 1, 39000, 28000, 0, 1),
(664, 'BC001', 'BALANCINES CERONTES GN ', 1, 2, 65000, 45500, 0, 1),
(665, '31101020', 'PASADOR BALANCIN ', 1, 1, 6000, 4200, 0, 1),
(666, 'JL511205', 'PASADOR DE BALANCIN ', 1, 5, 7000, 4900, 0, 1),
(667, 'AP001*', 'ABRAZADERAS PLATICAS ', 1, 0, 500, 350, 0, 1),
(668, 'MOBIL 20W-50 S100', 'ACEITE MOBIL SUPER MIL  20W-50', 1, 0, 34000, 30250, 0, 1),
(669, 'MOBIL 20W-50*', 'ACEITE MOBIL 20W-50', 1, 0, 28000, 19100, 0, 1),
(670, 'MOBIL 20W-50 DURA*', 'ACEITE MOBIL SUPER MIL  20W-50 DURAFILM', 1, 0, 28000, 19100, 0, 1),
(671, 'MOBIL  HD ', 'ACEITE MOBIL HD SAE 50', 1, 0, 28000, 25000, 0, 1),
(672, 'GP 25W60', 'ACEITE GP 25W60', 1, 10, 25000, 18600, 0, 1),
(673, 'MCO20W50*', 'ACEITE MOTO CAR OIL 20W50', 1, 11, 22000, 15400, 0, 1),
(674, 'MCO SAE 50*', 'ACEITE MOTO CAR OIL  SAE 50', 1, 16, 15000, 10500, 0, 1),
(675, 'MOTUL 5100*', 'ACEITE MOTUL 5100 ', 1, 0, 38000, 26600, 0, 1),
(676, 'MOTUL 5000*', 'ACEITE MOTUL 5000', 1, 0, 38000, 26600, 0, 1),
(677, 'MOTUL 7100', 'ACEITE MOTUL 7100', 1, 0, 48000, 33600, 0, 1),
(678, 'MCO 25W60*', 'ACEITE  MOTO CAR OIL 25W60', 1, 0, 22000, 15400, 0, 1),
(679, 'DO 25W-50', 'ACEITE DELTA OIL 25W-60', 1, 0, 22000, 15400, 0, 1),
(680, 'BAJAJ 20W-50', 'ACEITE  BAJAJ 20W-50', 1, 0, 28000, 19600, 0, 1),
(681, 'CP20W-50', 'ACEITE CASTROL 20W-50 ', 1, 0, 34000, 21000, 0, 1),
(682, 'RE25W-60', 'ACEITE REPSOL 25W-60', 1, 17, 30000, 24500, 0, 1),
(683, 'TC25W-50', 'ACEITE TERPEL CELERITY 25W-60 GRUESO ', 1, 0, 25000, 17500, 0, 1),
(684, 'S5000', 'SERVICIO  $ 5000', 4, 0, 5000, 5000, 0, 0),
(685, 'S20000', 'SERVICIO ESCOBILLAS ', 4, 0, 20000, 20000, 0, 1),
(686, 'S70', 'SERVICIO CAMBIO BIJE DEL.', 1, 0, 70000, 70000, 0, 1),
(687, 'S10', 'SERVICIO $10000', 4, 0, 10000, 10000, 0, 0),
(688, 'S001', 'SWICHE LUCES GN', 1, 1, 18000, 12500, 0, 1),
(689, 'S002', 'SWICHE ELEVADORES GN ', 1, 1, 15000, 9000, 0, 1),
(690, 'SG50', 'SILICON A GREY 50ML', 1, 0, 12000, 7500, 0, 1),
(691, 'SG70', 'SILICONA GREY 70ML', 1, 2, 18000, 9500, 0, 1),
(692, 'AE42C*', 'BUJIA MOTORCARRO 205', 1, 8, 12000, 7500, 0, 1),
(693, 'ES001*', 'KIT ESCOBILLAS CARGUERO GN ', 1, 13, 17000, 9800, 0, 1),
(694, 'MG*', 'MANDO GOMA GN ', 1, 1, 12000, 6800, 0, 1),
(695, 'MG*', 'MANGO GRAFILADO GN ', 1, 4, 13000, 8000, 0, 1),
(696, 'CN', 'CINTA NEGRA ', 1, 0, 7000, 3500, 0, 1),
(697, 'EM', 'ELEVADOR MINI GN 4 PINES ', 1, 10, 16000, 9800, 0, 1),
(698, 'FG', 'FILTRO GASOLINA MEDIANO GN ', 1, 26, 4000, 1300, 0, 1),
(699, 'C', 'CABLE ELECTRICO X MTS', 1, 114, 2000, 900, 0, 1),
(700, 'FD', 'BOMBILLO DIRECCIONAL LED ', 1, 9, 6000, 3600, 0, 1),
(701, 'BL', 'BOMBIILO LED FIJO ', 1, 39, 5000, 3000, 0, 1),
(702, 'VC', 'VALVULA CAUCHO ', 1, 6, 3500, 2000, 0, 1),
(703, 'VS', 'VALVULA SELLO MATE ', 1, 8, 5500, 2300, 0, 1),
(704, 'MC', 'MICO DE GUAYA DE CLUTCH GN GRANDE ', 1, 178, 2000, 450, 0, 1),
(705, 'MP', 'MICO DE GUAYA DE CLUTCH PEQ', 1, 93, 2000, 450, 0, 1),
(706, 'BS', 'BOMBILLIO STOP GAUSS', 1, 12, 3000, 1200, 0, 1),
(707, 'D8EA*', 'BUJIA CARGUERO D8EA', 1, 12, 12000, 6000, 0, 1),
(708, 'CR8E', 'BUJIA  CR8E TRT GN ', 1, 17, 12000, 6600, 0, 1),
(709, 'SM', 'SOKER MAYONETA ', 1, 10, 2500, 1500, 0, 1),
(710, 'FV', 'FUSIBLE VIDRIO ', 1, 93, 500, 350, 0, 1),
(711, 'TB', 'TERMINAL BATERIA ', 1, 40, 4000, 1300, 0, 1),
(712, 'TB', 'TERMINAL BATERIA ', 1, 57, 500, 190, 0, 1),
(713, 'TP', 'TERMINAL PITO ', 1, 70, 500, 130, 0, 1),
(714, 'BT', 'BOMBILLO LED  TRICETA ', 1, 5, 30000, 19000, 0, 1),
(715, 'BB', 'BORNE BATERIA ', 1, 18, 8000, 4900, 0, 1),
(716, 'PF', 'PERA DE FRENO MOTOCARGUERO ', 1, 6, 25000, 12860, 0, 1),
(717, 'DY', 'DADOS DE TRASMISION BWIS ORG', 1, 8, 25000, 17500, 0, 1),
(718, '10Z88*', 'EMP. CULATIN GN RE 205', 1, 1, 8000, 6400, 0, 1),
(719, 'AA101328*', 'EMP. CENTRO MOTOR RE 205 ORG', 1, 2, 20000, 12800, 0, 1),
(720, 'GUA1', 'GUAYA ', 1, 134, 3000, 2100, 0, 1),
(721, 'EA-39187019*', 'RETEN CAJA ', 1, 0, 13000, 8400, 0, 1),
(722, '36AA4105', 'KIT CILINDRO TRT ', 1, 2, 495000, 346500, 0, 1),
(723, 'AA101384', 'VENTILADOR DE MOTOR ', 1, 0, 27100, 18900, 0, 1),
(724, 'AA101512', 'CUBIERTA  VENTILADOR ', 1, 1, 33000, 22000, 0, 1),
(725, 'AA101668', 'CUBIERTA VENTILADOR RE 205', 1, 1, 83000, 57000, 0, 1),
(726, 'EA-AN101155*', 'PIÑON CADENILLA', 1, 9, 30000, 11000, 0, 1),
(727, 'AA101150', 'CUBIERTA DE CLUTCH', 1, 1, 46000, 31500, 0, 1),
(728, 'ES', 'JGO DE ESPEJOS', 1, 0, 95000, 66500, 0, 1),
(729, 'K353173600', 'TIJERA DERECHA ', 1, 1, 156000, 136000, 0, 1),
(730, 'G001*', 'GUARDABARRO DELANTERO ', 1, 2, 85000, 59600, 0, 1),
(731, 'G1', 'GUARDABARRO LATERAL ', 1, 0, 85000, 59500, 0, 1),
(732, 'M1', 'MALLA', 1, 1, 100000, 74000, 0, 1),
(733, 'AY141201', 'COPA DERECHA ', 1, 4, 70000, 50000, 0, 1),
(734, 'AY141202', 'COPA RUEDA ', 1, 0, 65000, 50000, 0, 1),
(735, 'A01D18A', 'KIT CILINDRO RE 205 GN', 1, 2, 185000, 140000, 0, 1),
(736, 'KC200', 'KIT MEDIO CERONTE GN', 1, 0, 23000, 18000, 0, 1),
(737, '22000261', 'CABLE DE CLUCTH ORG CERONTE ', 1, 1, 50000, 42000, 0, 1);
INSERT INTO `productos` (`id_producto`, `cod_producto`, `nombre_producto`, `id_categoria`, `cantidad`, `precio_unid`, `precio_compra`, `iva_producto`, `estado_producto`) VALUES
(738, '22000261', 'CABLE DE CLUCTH ORG CERONTE ', 1, 0, 50000, 42000, 0, 0),
(739, '100104525*', 'EMP. TAPA CULATA CERONTE ORG', 1, 2, 20000, 32000, 0, 1),
(740, '19O315', 'KIT DE EMPAQUES CERONTE GN ', 1, 0, 35000, 28000, 0, 1),
(741, 'CR', 'CAJA DE REVERSA ', 1, 1, 350000, 320000, 0, 1),
(742, 'CB', 'CABLE DE FRENO CERONTE ORG ', 1, 2, 57000, 24000, 0, 1),
(743, '22000266', 'CABLE DE ALIMENTACION  CERONTE ORG', 1, 0, 63000, 53000, 0, 1),
(744, 'B6206', 'BALINERA 6206 DPI', 1, 0, 25000, 16000, 0, 1),
(745, 'MA', 'MOTOR DE ARRANQUE CERONTE GN', 1, 1, 198000, 190000, 0, 1),
(746, 'C2*', 'ORGANIZADOR PARA CARGADOR ', 1, 2, 45000, 31500, 0, 1),
(747, 'c428-132l', 'CADENA 428H-132L DORADA FSV', 1, 3, 95000, 66500, 0, 1),
(748, 'C428-132L', 'CADENA 428H-132L DORADA SD', 1, 4, 45000, 31500, 0, 1),
(749, 'C428H-132L ', 'CADENA 428H-132L DORADA FSV PEQUEÑA', 1, 9, 45000, 31500, 0, 1),
(750, 'c428-132l', 'CADENA 428H-132L SILVER ', 1, 5, 35000, 24500, 0, 1),
(751, 'JJ-85*', 'FILTRO DE ACEITE GN 205', 1, 15, 5000, 3000, 0, 1),
(752, 'KS', 'KIT SPROCKET 42T-14T', 1, 1, 45000, 31500, 0, 1),
(753, 'KS', 'KIT SPROCKET 50T-14T', 1, 2, 45000, 31500, 0, 1),
(754, 'KS', 'KIT SPROCKET 39T-14T PARA 520', 1, 4, 47000, 32500, 0, 1),
(755, 'KS', 'KIT SPROCKET 35T-14T', 1, 1, 37000, 25900, 0, 1),
(756, 'KS', 'KIT SPROCKET 36T-14T', 1, 8, 36000, 25200, 0, 1),
(757, 'KS', 'KIT SPROCKET43T-14T', 1, 2, 43000, 30100, 0, 1),
(758, 'KS', 'KIT SPROCKET 42T-13T', 1, 2, 45000, 31500, 0, 1),
(759, 'KS', 'KIT SPROCKET42T-14T', 1, 3, 42000, 29400, 0, 1),
(760, 'KS', 'KIT SPROCKET 42T-13T', 1, 2, 45000, 31500, 0, 1),
(761, 'FG', 'FILTRO GASOLINA GN ', 1, 14, 5000, 3500, 0, 1),
(762, 'FG', 'FILTRO GASOLINA GN', 1, 4, 3000, 1200, 0, 1),
(763, 'LC', 'LIDER CATALINA ', 1, 6, 6000, 4200, 0, 1),
(764, 'CS', 'CAUCHOS PORTA SPROCKET', 1, 7, 9000, 6300, 0, 1),
(765, '410529', 'JGO RADIOS ', 1, 1, 35000, 24000, 0, 1),
(766, 'AC*', 'ACEITE CASTROL 25W-60', 1, 22, 30000, 23641, 0, 1),
(767, 'AN101162', 'EMP.CULATA 175 ORG', 1, 2, 12000, 8700, 0, 1),
(768, '420HM00175', 'DEPOSITO DE LIQUIDO DE FRENO', 1, 4, 17000, 8600, 0, 1),
(769, '2805100201*', 'CHUPAS FRENO DEL.TRT-205-175 ', 1, 12, 25000, 12500, 0, 1),
(770, 'K353114400', 'RELAY DE LUCES VARROC', 1, 2, 13000, 5700, 0, 1),
(771, '520AM00074', 'CABLE CAMBIOS RE 205 GN ', 1, 8, 22000, 15400, 0, 1),
(772, 'K353253600*', 'STOP IZQ TRT GN ', 1, 3, 38000, 22000, 0, 1),
(773, '6135AP', 'STOP IZQUIERDO GN TRT', 1, 3, 40000, 24000, 0, 1),
(774, '6134AP', 'STOP DERECHO GN TRT', 1, 5, 40000, 24000, 0, 1),
(775, 'K353252600*', 'PLATO BOBINAS RE 205-TRT-175', 1, 5, 95000, 68000, 0, 1),
(776, 'K229002400', 'COPA DIFERENCIAL TRT GRANDE GN ', 1, 0, 45000, 21250, 0, 1),
(777, '2805100301', 'KIT CHUPAS TRASERAS  GN TRT-175-205', 1, 1, 18000, 13000, 0, 1),
(778, 'K353298300', 'COPA DIFERENCIAL PEQ TRT GN', 1, 2, 48000, 30000, 0, 1),
(779, '215-OFA-RC*', 'FILTRO ACEITE TRT', 1, 1, 17000, 11900, 0, 1),
(780, 'K353125000*', 'FILTRO ACEITE TRT VARROC ', 1, 0, 12000, 7000, 0, 1),
(781, 'K353063200', 'PLATO DE BOBINAS RE 205', 1, 3, 110000, 78000, 0, 1),
(782, 'K353047900*', 'CARPA  VARROC ', 1, 1, 200000, 110000, 0, 1),
(783, 'K353178800*', 'EJE RUEDO TRASERO GN', 1, 1, 75000, 46000, 0, 1),
(784, 'K345003400', 'MOTOR ARRANQUE RE 205 GN ', 1, 3, 290000, 190000, 0, 1),
(785, 'AA131016*', 'EMPAQUE TRANSMICION 205  ORG', 1, 0, 13500, 9400, 0, 1),
(786, 'AU*', 'ACEITE UNO 25W-60', 1, 8, 26000, 22500, 0, 1),
(787, 'R6000', 'RODAMIENTO 6000 GIRE', 1, 6, 10000, 6500, 0, 1),
(788, 'R6003', 'RODAMIENTO 6003 CB', 1, 5, 17000, 10500, 0, 1),
(789, 'AC', 'ACEITE  MOTO CAR OIL SAE 50', 1, 0, 15000, 10500, 0, 0),
(790, 'PF', 'PERA DE FERNO CRG', 1, 4, 5000, 3500, 0, 1),
(791, 'PP', 'PORTA PLACA', 1, 17, 10000, 7000, 0, 1),
(792, 'LLT', 'LLANTA TRAZANO 400*8', 1, 1, 95000, 66500, 0, 1),
(793, 'P6133', 'LLANTA RIOER', 1, 10, 120000, 84000, 0, 1),
(794, 'LLO', 'LLANTA 400*8 ORG', 1, 4, 130000, 91000, 0, 1),
(795, 'PF', 'PORTA FUSIBLES NEGRA ', 1, 12, 7000, 2600, 0, 1),
(796, 'GK', 'GRASA KENDALL', 1, 0, 20000, 10700, 0, 1),
(797, 'LC', 'GRASA LUBRY ', 1, 0, 13000, 9000, 0, 1),
(798, '504713*', 'CUNAS  AKT', 1, 0, 56000, 38000, 0, 1),
(799, 'A2509353*', 'PEDAL DE  CAMBIOS STAR CAG', 1, 3, 57000, 16500, 0, 1),
(800, 'FM', 'FRENO DE MANO CARG', 1, 2, 80000, 67600, 0, 1),
(801, '459310*', 'BOMBA DE ACEITE AKT ', 1, 3, 70000, 40000, 0, 1),
(802, '459860*', 'MEDIDOR ACEITE CARG', 1, 4, 17000, 14000, 0, 1),
(803, 'DF101055', 'TORNILLO BALACINES ORG', 1, 9, 5000, 2823, 0, 1),
(804, 'AN101181', 'TORRE BUJIA', 1, 1, 39000, 22823, 0, 1),
(805, 'KPBB6301', 'RODAMIENTO 6301 ORG', 1, 10, 25000, 13588, 0, 1),
(806, 'AN131007*', 'TAPON DE ACEITE ', 1, 0, 5000, 2000, 0, 1),
(807, '13101024*', 'PASADOR BALANCIN ESCAPE 205 ORG', 1, 4, 12000, 6941, 0, 1),
(808, '34107', 'RETEN BARRAS CERONTE ORG', 1, 1, 20000, 17000, 0, 1),
(809, '10D20', 'EMP. TRANSMICION GN 205', 1, 0, 6000, 3000, 0, 1),
(810, '9012*', 'GUIA VALVULA WAISAM ', 1, 1, 25000, 17500, 0, 1),
(811, 'AA171011*', 'EJE PASADOR BRAZO', 1, 1, 27000, 15294, 0, 1),
(812, 'DZ141076', 'TAPA GASOLINA ', 1, 2, 13000, 7647, 0, 1),
(813, '39186919', 'RETEN TAPA DIFERENCIAL ', 1, 2, 5000, 2176, 0, 1),
(814, 'EA-39104119*', 'RETEN LEVA DE CAMBIOS ', 1, 18, 4000, 1900, 0, 1),
(815, '976831*', 'DEPOSITO DE LIQUIDO DE FRENO AKT 200 ORG', 1, 2, 97000, 74300, 0, 1),
(816, '467315*', 'KIT DE EMPAQUES AKT 180-200 ORG ', 1, 5, 41000, 23300, 0, 1),
(817, '142342*', 'PALANCA CAJA REVERSA AKT 200', 1, 1, 70000, 54000, 0, 1),
(818, '045292*', 'PERA FRENO TRAS AKT 200', 1, 2, 44000, 26000, 0, 1),
(819, '034920', 'PRENSA DE CLUCTH AKT 200', 1, 1, 330000, 254000, 0, 1),
(820, 'AA191094', 'CABLE CAMBIO BLANCO ORG TRT', 1, 2, 35000, 24500, 0, 1),
(821, 'R6204', 'RODAMIENTO 6204 GIRE', 1, 10, 14000, 9800, 0, 1),
(822, '24131032', 'PASADOR TRANSMICION ', 1, 4, 15000, 6079, 0, 1),
(823, '39042606', 'PIN LEVA CAMBIOS ', 1, 8, 2000, 197, 0, 1),
(824, 'AA101570', 'BUJE GUIA ', 1, 13, 4000, 1779, 0, 1),
(825, 'DD101521', 'ARANDELA CULATA', 1, 10, 3000, 883, 0, 1),
(826, 'AA102093', 'CULATA COMPLETA ', 1, 1, 850000, 394957, 0, 1),
(827, 'C19*44*', 'CRUCETA 19*44 ', 1, 2, 34000, 26000, 0, 1),
(828, 'JOKI', 'JOKI CERONTE ', 1, 0, 77000, 59000, 0, 1),
(829, 'CONEXION C', 'CONEXION CARDAN CERONTE ', 1, 0, 32000, 24000, 0, 1),
(830, 'CN*', 'CARBURADOR TRT NUEVO ', 1, 1, 377000, 290000, 0, 1),
(831, 'SUI2563', 'RELAY DE ARRANQUE CARGUERO', 1, 0, 25000, 11000, 0, 1),
(832, 'MOD', 'MODULO LED ', 1, 29, 5000, 1500, 0, 1),
(833, 'CYT', 'BOMBILLO LED', 1, 1, 25000, 12000, 0, 1),
(834, '4726*', 'BOMBA DE FRENO  CARGUERO ', 1, 3, 45000, 19000, 0, 1),
(835, '20789*', 'BOMBA DE FRENO GN ', 1, 1, 35000, 16500, 0, 1),
(836, '1PC', 'PITO HORN ', 1, 4, 17000, 6000, 0, 1),
(837, '2532', 'DIRECCIONAL BOXER ', 1, 4, 12000, 4700, 0, 1),
(838, '2528', 'DIRECIONAL PULSAR ', 1, 4, 15000, 5700, 0, 1),
(839, '17907', 'SWICHE ENCENDIDO GN ', 1, 3, 19000, 10000, 0, 1),
(840, 'L24', 'PARCHE', 1, 5, 7000, 3500, 0, 1),
(841, '8003*', 'FLASHER ', 1, 8, 9000, 2900, 0, 1),
(842, 'TE', 'TORNILLO EXOSTO ', 1, 18, 2000, 500, 0, 1),
(843, 'FY03', 'DIRECCIONALES LUJO ', 1, 2, 27000, 12000, 0, 1),
(844, '026024*', 'LIQUIDO FRENO GRANDE ', 1, 13, 22000, 19860, 0, 1),
(845, 'SS', 'SOKER STOP', 1, 17, 6000, 2500, 0, 1),
(846, 'NYLON ', 'LLANTA NYLON 400*12 ', 1, 0, 110000, 85000, 0, 1),
(847, '0349347', 'PRENSA DE CLUCTH AKT 200', 1, 0, 203000, 155900, 0, 1),
(848, 'CP1*', 'CASTROL POWER 1', 1, 0, 34000, 30000, 0, 1),
(849, '459211*', 'PIÑON ARRANQUE GRANDE  AKT 180 ', 1, 2, 77000, 32300, 0, 1),
(850, '459525*', 'KIT VALVULAS AKT 180', 1, 2, 72000, 49000, 0, 1),
(851, '515023*', 'PALANCA FRENO MANO AKT ', 1, 6, 80000, 60000, 0, 1),
(852, 'VA10164', 'ONE WAY VITIRX', 1, 2, 67000, 52000, 0, 1),
(853, 'VA10139*', 'ARBOL DE LEVAS AKT 180 VITRIX ', 1, 2, 66000, 50000, 0, 1),
(854, '388177*', 'KIT BALINERA MOTOR 180 AKT', 1, 4, 110000, 75000, 0, 1),
(855, '080354*', 'KIT CILINDRO 200 AKT ', 1, 3, 370000, 265000, 0, 1),
(856, '459204*', 'PIÑON ARRANQUE AKT PEQUEÑO ', 1, 1, 60000, 34000, 0, 1),
(857, 'C001V', 'CAJA DE CAMBIOS VITRIX CARGUERO', 1, 0, 350000, 240000, 0, 1),
(858, 'KIT95033', 'BANDAS DELANTERAS PIAGGIO ', 1, 0, 103000, 94000, 0, 1),
(859, 'B003331*', 'BANDAS RH PIAGGIO', 1, 1, 84000, 74000, 0, 1),
(860, 'B003330*', 'BANDAS LH PIAGGIO ', 1, 0, 84000, 74000, 0, 1),
(861, 'G4080260*', 'FILTRO ACEITE TVS ORIGINAL ', 1, 0, 10000, 6000, 0, 1),
(862, 'G2111290', 'CAJA VELOCIMETRO ', 1, 2, 32000, 24000, 0, 1),
(863, 'G4170020', 'CABLE ACELERADOR TVS', 1, 1, 54000, 42000, 0, 1),
(864, 'SK*', 'SWICHE ENCENDIDO GN CARGUERO ', 1, 1, 30000, 22500, 0, 1),
(865, '1157', 'BOMBILLO STOP EXIM', 1, 97, 3000, 1400, 0, 1),
(866, 'CCK*', 'CRUCETA KAIQI 20*50', 1, 10, 30000, 16800, 0, 1),
(867, 'BLS', 'BOMBILLO LED STOP ', 1, 7, 10000, 5800, 0, 1),
(868, 'PF', 'PORTA FUSIBLE CUADRADA', 1, 13, 7000, 2500, 0, 1),
(869, 'PFR', 'PORTA FUSIBLE REDONDO', 1, 5, 5000, 1300, 0, 1),
(870, 'IP', 'INTERRUPCTOR PEQUEÑO ', 1, 10, 4000, 1200, 0, 1),
(871, 'F200*', 'FILTRO ACEITE GN CARGUERO ', 1, 4, 25000, 14500, 0, 1),
(872, 'BA*', 'BOBINA ALTA GN CARGUERO', 1, 3, 23000, 15000, 0, 1),
(873, '22.22*', 'CILINDRO DE FRENO CARG GN ', 1, 6, 36000, 27000, 0, 1),
(874, 'SP', 'SET PACHAS ', 1, 28, 5000, 2500, 0, 1),
(875, 'BCK*', 'CONECTOR CARBURADOR KAOQI CARGUERO', 1, 0, 20000, 14000, 0, 1),
(876, '787856', 'ELEVADOR DE LUCES ', 1, 12, 10000, 4500, 0, 1),
(877, 'GDE*', 'GRASA DELTA ROJA', 1, 0, 10000, 6900, 0, 1),
(878, 'DELTA *', 'ACEITE 25W-60 DELTA ', 1, 0, 25000, 20150, 0, 1),
(879, 'BP', 'BOMBILLOS PLUSS TVS', 1, 18, 8000, 2500, 0, 1),
(880, 'C22*55*', 'CRUCETA CARGUERO 22*55 GN ', 1, 9, 45000, 16800, 0, 1),
(881, 'SB*', 'SILICONA BRILLO', 1, 2, 22000, 8500, 0, 1),
(882, 'AFT', 'AFLOJATODO', 1, 0, 22000, 11000, 0, 1),
(883, 'LE*', 'LIMPIADOR ELECTRICO', 1, 2, 18000, 11000, 0, 1),
(884, '3 EN 1', 'ACEITE 3 EN 1', 1, 2, 7000, 4000, 0, 1),
(885, '20340*', 'RETEN 20*35*7 BAJO CARGUERO', 1, 4, 9000, 4500, 0, 1),
(886, '581592', 'CRUCETA 20*45 CARGUERO AKT', 1, 2, 34000, 22500, 0, 1),
(887, 'R6006', 'RODAMIENTO 6006 GIRE', 1, 1, 30000, 15500, 0, 1),
(888, 'PPAKT', 'PORTA PLACA AKT', 1, 4, 18000, 12800, 0, 1),
(889, '002276', 'EJE CAMBIOS GN CARG', 1, 3, 40000, 28000, 0, 1),
(890, 'A1301033', 'ARBOL DE LEVAS GN CARGUERO', 1, 3, 75000, 42800, 0, 1),
(891, 'RD', 'RELAY CARG GN DIVESCO', 1, 2, 25000, 14800, 0, 1),
(892, 'BGN*', 'BALANCINES CARGUERO GN ', 1, 1, 28000, 19500, 0, 1),
(893, 'H4', 'BOMBILLO TRICETA H4', 1, 5, 30000, 20000, 0, 1),
(894, 'EA-AN111018*', 'BOBINA ALTA RH TRT', 1, 2, 48000, 24100, 0, 1),
(895, 'EA-AN111017*', 'BOBINA ALTA LH TRT', 1, 1, 48000, 22400, 0, 1),
(896, 'EA-AA191091', 'CABLE ACELERADOR TRT ', 1, 3, 36000, 20500, 0, 1),
(897, 'EA-G5170040*', 'CABLE DE CAMBIOS BLANCO TVS TUK TUK', 1, 4, 42000, 26000, 0, 1),
(898, 'EA-G5170030*', 'CABLE DE CAMBIOS NEGRO  TVS TUK TUK ', 1, 3, 42000, 24150, 0, 1),
(899, 'EA-AA191094*', 'CABLE DE CAMBIO BLANCO TRT', 1, 1, 36000, 31650, 0, 1),
(900, 'EA-BA191051', 'CABLE DE CAMBIO BLANCO RE', 1, 5, 42000, 24600, 0, 1),
(901, 'EA-BA191052', 'CABLE DE CAMBIO NEGRO RE', 1, 4, 42000, 23600, 0, 1),
(902, 'EA-G4070730*', 'CABLE DE CLUCTH TVS NUEVO ', 1, 2, 67000, 38000, 0, 1),
(903, 'EA-G5170020*', 'CABLE DE CLUCTH TVS TUK TUK ', 1, 4, 50000, 30226, 0, 1),
(904, 'EA-AA191092', 'CABLE DE CLUCTH TRT', 1, 5, 52000, 27400, 0, 1),
(905, 'EA-AA191115', 'CABLE REVERSA TRT', 1, 5, 62000, 31400, 0, 1),
(906, 'EA-24211037-36AA4070*', 'CUBIERTA INFERIOR ASIENTO CONDUCTOR', 1, 2, 140000, 62400, 0, 1),
(907, 'EA-AA101512', 'CUBIERTA VENTILADOR PEQ 205-175', 1, 2, 27000, 11400, 0, 1),
(908, 'EA-AA101668', 'CUBIERTA VENTILADOR GRAN RE 205', 1, 3, 52000, 21600, 0, 1),
(909, 'EA-AN101203', 'CUBIERTA VENTILADOR TRT PEQ', 1, 3, 52000, 23800, 0, 1),
(910, 'EA-36BA4042-36AL0001*', 'DADOS + IMPULSADOR ORIGINALES ', 1, 0, 27000, 13500, 0, 1),
(911, 'EA-AA221006', 'ESPEJO DR REDONDO', 1, 2, 41000, 14600, 0, 1),
(912, 'EA-AA221005', 'ESPEJO LH REDONDO', 1, 4, 41000, 16800, 0, 1),
(913, 'EA-AA101469*', 'MANZANA DE CLUCTH TRT 76 DIENTES', 1, 3, 340000, 212000, 0, 1),
(914, 'EA-AA101598*', 'MANZANA DE CLUCTH TRT', 1, 1, 420000, 199300, 0, 1),
(915, 'EA-AA201363*', 'MEDIDOR DE COMBUSTIBLE ', 1, 0, 80000, 38400, 0, 1),
(916, 'EA-AA101057', 'PIÑON MULTIPLE DIFEERENCIAL RE 205-175', 1, 1, 162000, 68300, 0, 1),
(917, 'EA-AN101328*', 'PIÑON REVERSA TRT', 1, 2, 80000, 39600, 0, 1),
(918, 'EA-AL241023*', 'PLUMILLA ', 1, 3, 43000, 23800, 0, 1),
(919, 'EA-AA111085*', 'ESCOBILLAS TRT-205', 1, 10, 41000, 23400, 0, 1),
(920, 'EA-BH161027*', 'RESORTE PEDAL FRENO ', 1, 8, 5000, 2800, 0, 1),
(921, 'EA-BG113803*', 'SOPORTE DIRECCIONAL RH RE 205', 1, 2, 42000, 18600, 0, 1),
(922, 'EA-BG113802*', 'SOPORTE DIRECCIONAL LH RE 205', 1, 2, 42000, 16500, 0, 1),
(923, 'EA-DZ141076*', 'TAPA TANQUE GASOLINA ', 1, 10, 13000, 5800, 0, 1),
(924, 'EA-24165215*', 'TAPETE CODUCTOR ', 1, 2, 120000, 64200, 0, 1),
(925, 'EA-5151012', 'TENSOR CABLE CAMBIOS ', 1, 27, 3000, 1200, 0, 1),
(926, 'EA-AA101384', 'VENTILADOR 205', 1, 5, 27000, 9400, 0, 1),
(927, 'EA-24151268*', 'BANDAS DE FRENO ', 1, 15, 37000, 22700, 0, 1),
(928, '273088016', 'EXPLORADORA LED OJO ANGEL ', 1, 2, 47600, 28000, 0, 1),
(929, '273227016', 'EXPLORADORA LED A-105', 1, 1, 30600, 18000, 0, 1),
(930, '236107002', 'PROTECTOR MANIGUETA', 1, 8, 3500, 4500, 0, 1),
(931, '016103018', 'KIT PIÑONES XTZ ', 1, 1, 54000, 32000, 0, 1),
(932, '0161003023', 'KIT PIÑONES BOXER', 1, 1, 47000, 28000, 0, 1),
(933, '016103002', 'KIT PIÑONES AKT 125', 1, 0, 44000, 26000, 0, 1),
(934, '036253001', 'COMANDO RH DTK ', 1, 10, 9000, 5000, 0, 1),
(935, '070069001', 'BASE ESPEJO UNIVERSAL ', 1, 4, 7000, 4000, 0, 1),
(936, '038103001', 'ESPEJO 10MM PULSAR NS 200', 1, 2, 26000, 15000, 0, 1),
(937, '038103002', 'ESPEJO 10MM AKT EVO ', 1, 2, 22000, 13000, 0, 1),
(938, '038103003', 'ESPEJO 10 MM PULSAR 180', 1, 2, 26000, 15000, 0, 1),
(939, '004069007', 'PASTILLAS FRENO TRAS 200 NS ', 1, 2, 11000, 6000, 0, 1),
(940, '248005011*', 'CORTAVIENTOS NITRUS ', 1, 1, 51000, 30000, 0, 1),
(941, '021103010', 'CADENA 520*120DORADA', 1, 3, 75000, 44000, 0, 1),
(942, 'CDI', 'CDI CARGUERO 180 GN', 1, 1, 50000, 28000, 0, 1),
(943, '20-35-10', 'RETEN 20-35-10 EJE CARDAN CARGUERO', 1, 5, 15000, 8000, 0, 1),
(944, 'OW*', 'ONE WAY WAISAM', 1, 1, 85000, 59000, 0, 1),
(945, 'EW*', 'PIÑON CARDAN WAISAM', 1, 1, 132000, 85000, 0, 1),
(946, 'CW*', 'CONEXION CARDAN (joki) WAISAM', 1, 1, 95000, 78000, 0, 1),
(947, '39200811-EA', 'ARANDELA CORONA CLUCTH 205', 1, 20, 3000, 900, 0, 1),
(948, 'EA-DD101521*', 'ARANDELA DE COBRE ', 1, 50, 2000, 500, 0, 1),
(949, '39121420-EA', 'BALINERA DE CAJA 6004', 1, 4, 21000, 8800, 0, 1),
(950, 'AA131336-EA', 'BOMBA DE ACEITE', 1, 2, 42000, 18600, 0, 1),
(951, 'AA101213-EA', 'BUJE CORONA CLUCTH ', 1, 5, 13000, 4200, 0, 1),
(952, 'AA101138-EA', 'BUJE LUBRICACION CIGUEÑAL ', 1, 10, 7000, 3200, 0, 1),
(953, 'EA-DK101064*', 'CADENILLA TRT', 1, 11, 39000, 22200, 0, 1),
(954, 'EA-AA101569*', 'CADENILLA 205', 1, 2, 29000, 15400, 0, 1),
(955, 'EA-AN101135*', 'EMP CILINDRO TRT', 1, 11, 7500, 3600, 0, 1),
(956, 'EA-13101165', 'EMP EXOSTO 205', 1, 0, 5000, 3200, 0, 1),
(957, 'EA-DJ101064*', 'EMP EXOSTO TRT', 1, 1, 7600, 3200, 0, 1),
(958, 'EA-AN101190*', 'FILTRO ACEITE TRT', 1, 2, 35000, 16000, 0, 1),
(959, 'EA-AA121006*', 'FILTRO ACEITE 205', 1, 0, 10000, 4600, 0, 1),
(960, 'EA-39100006', 'GUIA CULATA', 1, 10, 1000, 400, 0, 1),
(961, 'EA-36AA4036*', 'KIT EMPAQUES 205-175', 1, 6, 44000, 22600, 0, 1),
(962, 'EA-AA101481*', 'CARACOL CLUTH', 1, 2, 15000, 6800, 0, 1),
(963, 'EA-24131032*', 'PASADOR TRANSMICION ', 1, 3, 15000, 4800, 0, 1),
(964, 'EA-AA101031*', 'PIÑON PRIMARIO 31 DIENTES ', 1, 2, 70000, 26800, 0, 1),
(965, 'EA-22131018*', 'PIÑON PLANETARIO ', 1, 4, 24000, 8900, 0, 1),
(966, '703659', 'FAROLA ORIGINAL AKT ', 1, 2, 227000, 147000, 0, 1),
(967, '504799*', 'TUERCA LLANTA AKT ', 1, 9, 11000, 8000, 0, 1),
(968, '155540*', 'STOP AKT ', 1, 4, 78000, 56000, 0, 1),
(969, '899642*', 'SILLIN AKT ', 1, 0, 160000, 120000, 0, 1),
(970, '242950*', 'RETEN CAJA REVERSA 30*42*7', 1, 1, 16000, 12700, 0, 1),
(971, '252416*', 'RETEN CAJA REVERSA 28*45/58*10.5', 1, 2, 40000, 31000, 0, 1),
(972, '199629', 'RETEN CAJA REVERSA 25*54*8.5', 1, 0, 37000, 20400, 0, 1),
(973, '635639*', 'RETEN 20*37*7', 1, 1, 15000, 7100, 0, 1),
(974, '515085', 'RESORTE AMORTIGUADOR TRAS AKT', 1, 0, 40000, 28000, 0, 1),
(975, '399548*', 'CENTRO CLUCTH AKT DISCO GRUESO ', 1, 3, 230000, 144000, 0, 1),
(976, '476195', 'MANUBRIO AKT ', 1, 0, 130000, 86000, 0, 1),
(977, '219297*', 'KIT ANILLOS AKT', 1, 1, 55000, 36900, 0, 1),
(978, '025737*', 'CAUCHO RESORTE AMORT AKT ', 1, 2, 25000, 30200, 0, 1),
(979, '016575*', 'JGO DISCOS GRUESO AKT', 1, 2, 77000, 42000, 0, 1),
(980, '703659*', 'FAROLA ORIG AKT ', 1, 2, 227000, 147600, 0, 1),
(981, '653442*', 'EJE CLUCTH AKT ', 1, 1, 190000, 135700, 0, 1),
(982, '126946*', 'CDI AKT ', 1, 1, 110000, 54000, 0, 1),
(983, '476492*', 'BUJES AKT ', 1, 4, 10000, 7100, 0, 1),
(984, '540407*', 'CABLE DE EMERGENCIA BAJO AKT', 1, 6, 57000, 38000, 0, 1),
(985, '515122*', 'RELAY ARRANQUE ', 1, 0, 45000, 33400, 0, 1),
(986, '505031*', 'BOBINA ALTA AKT', 1, 3, 45000, 32000, 0, 1),
(987, '459198*', 'CENTRIFUGA AKT ', 1, 3, 104000, 78000, 0, 1),
(988, '518178*', 'AMORTIGUADOR TRAS AKT', 1, 2, 120000, 83000, 0, 1),
(989, 'K353065600', 'RELAY 4 PINES ', 1, 6, 12000, 6000, 0, 1),
(990, 'HN-8202M-2E', 'PITO UNIVERSAL ', 1, 1, 30000, 14200, 0, 1),
(991, '1650101801', 'MANZANA DE CLUCTH COMP TRT', 1, 1, 290000, 191000, 0, 1),
(992, '3005100301*', 'CHUPASÑ BOMBA GN TRT', 1, 14, 10000, 6100, 0, 1),
(993, '713001417943', 'RETEN EJE CRAN GN TRT', 1, 6, 9000, 5000, 0, 1),
(994, '3005100101-2*', 'KIT REPARACION COMPL. BOMBA GN TRT', 1, 9, 35000, 19000, 0, 1),
(995, '520AM01558*', 'JGO BALANCIN TVS ', 1, 1, 55000, 27000, 0, 1),
(996, 'IL-7046BM', 'DIRECCIONALES TRT GN', 1, 4, 35000, 21400, 0, 1),
(997, 'AM00071', 'CABLE REVERSA TRT', 1, 2, 20000, 7500, 0, 1),
(998, 'AM00107', 'CABLE DE CLUTH TRT  NUEVO ', 1, 4, 25000, 15700, 0, 1),
(999, '520AM00068', 'CABLE CLUCTH TVS ', 1, 3, 25000, 15000, 0, 1),
(1000, 'K109007000*', 'BUJE AMORTIGUADOR DE CAUCHO ', 1, 7, 10000, 2150, 0, 1),
(1001, '520AM00354*', 'ARBOL DE LEVAS', 1, 1, 85000, 49000, 0, 1),
(1002, 'S265101107', 'AMORTIGUADOR TRAS KING ', 1, 2, 147000, 82000, 0, 1),
(1003, 'EA-AN101338*', 'PIÑON MULTIPLE  TRT', 1, 3, 162000, 65700, 0, 1),
(1004, 'EA-AA131002*', 'PIÑON DIFERENCIAL  RE 205', 1, 2, 230000, 120000, 0, 1),
(1005, 'EA-AA101555*', 'PIÑON DE RETROCESO 205', 1, 2, 110000, 49000, 0, 1),
(1006, 'EA-39186919*', 'RETEN EJE  DIFERENCIAL ', 1, 20, 5000, 2100, 0, 1),
(1007, 'EA-39171619*', 'RETEN DE CAJA  25*40*7 INTERNO TRASN 205', 1, 21, 6000, 1700, 0, 1),
(1008, 'EA-BF551613*', 'RETEN COPA ESPECIAL ', 1, 21, 10000, 5000, 0, 1),
(1009, 'EA-AA101819*', 'BASE LEVA CAMBIOS TRT', 1, 3, 43000, 23000, 0, 1),
(1010, 'EA-DS101277*', 'TENSOR DE CADENILLA 205', 1, 3, 45000, 23000, 0, 1),
(1011, 'EA-AB171031*', 'TORNILLO AMORTIGUADOR DELANTERO', 1, 10, 11000, 3700, 0, 1),
(1012, 'EA-24161003*', 'TORNILLO CENTRO MOTOR', 1, 17, 11000, 3700, 0, 1),
(1013, 'EA-36AN0016*', 'ANILLOS PISTON TRT', 1, 4, 63000, 30000, 0, 1),
(1014, 'EA-AA121336*', 'BOMBA DE ACEITE ', 1, 2, 38000, 19300, 0, 1),
(1015, 'EA-DG111008*', 'BUJIA TRT', 1, 3, 15000, 8900, 0, 1),
(1016, 'EA-24230185', 'COLA GUARDABARRO TRASERO', 1, 8, 20000, 117000, 0, 1),
(1017, 'EA-AA101328*', 'EMP. CENTRO MOTOR 205', 1, 30, 20000, 10900, 0, 1),
(1018, 'EA-AN101312*', 'EMP. CUBIERTA DIFERENCIAL ', 1, 10, 16000, 9300, 0, 1),
(1019, 'EA-AA131016*', 'EMP. CUBIERTA DIFERENCIAL 205', 1, 30, 16000, 7800, 0, 1),
(1020, 'EA-AN101149*', 'EMPAQUE CULATA 205', 1, 7, 20000, 11500, 0, 1),
(1021, 'EA-AN101012*', 'EMP. CULATA 205', 1, 10, 22000, 10600, 0, 1),
(1022, 'EA-13101165*', 'EMP. EXOSTO 205', 1, 19, 5000, 3800, 0, 1),
(1023, 'EA-AA101844*', 'EMP. TAPA CULATA 205- TRT', 1, 6, 12000, 5600, 0, 1),
(1024, 'EA-AN101166', 'GUIA CADENILLA TRT', 1, 10, 12000, 6500, 0, 1),
(1025, 'EA-AN101257', 'GUIA TENSOR CADENILLA OJO ', 1, 5, 22000, 13100, 0, 0),
(1026, 'EA-AA101499*', 'KIT BIELA  205', 1, 2, 103000, 58000, 0, 1),
(1027, 'EA-AN101257*', 'GUIA TENSOR CADENILLA OJO ', 1, 6, 22000, 13100, 0, 1),
(1028, 'EA-36AA4032*', 'KIT BIELA TRT', 1, 2, 153000, 84800, 0, 1),
(1029, 'EA-36AA4105*', 'KIT CILINDRO TRT', 1, 1, 465000, 250000, 0, 1),
(1030, 'EA-AN101123*', 'KIT CILINDRO 205', 1, 2, 280000, 163000, 0, 1),
(1031, 'EA-AA101261*', 'LEVA  DE CAMBIOS 205', 1, 3, 40000, 21200, 0, 1),
(1032, 'NARVA', 'BOMBILLO 35-35 NARVA ', 1, 4, 17000, 11500, 0, 1),
(1033, 'RU', 'RELAY UNIVERSAL ', 1, 5, 24000, 12500, 0, 1),
(1034, 'CAPU', 'CAPUCHON CARGUERO ', 1, 4, 12000, 6000, 0, 1),
(1035, 'CAPUH', 'CAPUCHON BUJIA HONDA ', 1, 5, 10000, 2800, 0, 1),
(1036, 'PT', 'PITO REVERSA', 1, 2, 50000, 30000, 0, 1),
(1037, 'AN111009*', 'VOLANTE COMPLETO TRT', 1, 1, 415000, 349000, 0, 1),
(1038, 'EA-AN101336*', 'PIÑON DIFERENCIAL TRT', 1, 2, 220000, 104000, 0, 1),
(1039, 'EA-AN101166O*', 'GUIA CADENILLA LISA', 1, 3, 12000, 7200, 0, 1),
(1040, 'EA-24170508*', 'RESORTE TRASERO AMORTIGUADOR ', 1, 2, 95000, 45000, 0, 1),
(1041, 'AN101149*', 'EMPAQUE DE CULATA TRT ', 1, 4, 23500, 19000, 0, 1),
(1042, '36AA4033*', 'KIT VALVULAS TRT MODELO 2018', 1, 0, 40000, 33000, 0, 1),
(1043, '36281008*', 'VALVULAS RE 175', 1, 1, 88000, 75000, 0, 1),
(1044, 'TROJA', 'TAPA LATERAL ROJA MOTO', 1, 0, 50000, 0, 0, 1),
(1045, '22171007*', 'RETENEDOR METALICO', 1, 10, 4000, 1600, 0, 1),
(1046, 'AA131017*', 'MEDIDOR DE VALVUINA ', 1, 0, 7000, 4300, 0, 1),
(1047, 'EA-AN131022*', 'RESORTE DE REVERSA ', 1, 4, 6000, 2300, 0, 1),
(1048, '24160924', 'ANTIVIBRANTE DEL AMORTIGUADOR', 1, 7, 10000, 6300, 0, 0),
(1049, 'AB171023', 'ANTIVIBRANTE COPA EJE DEL', 1, 13, 2000, 800, 0, 1),
(1050, 'CAZUL', 'TAPALATERAL ', 1, 1, 50000, 0, 0, 1),
(1051, 'CC1*', 'CHAPA CARGUERO ', 1, 0, 24000, 17000, 0, 1),
(1052, 'CG125*', 'KIT TAPON CADENILLA', 1, 6, 9000, 4500, 0, 1),
(1053, '121101', 'PALANCA COMPLETA FRENO DE MANO ', 1, 2, 198000, 128400, 0, 1),
(1054, '634809*', 'SWICHE ORIGINAL CARG', 1, 5, 225000, 170000, 0, 1),
(1055, 'JOKI*', 'JOKI + CONEXION CARG 200 AKT ', 1, 2, 110000, 64000, 0, 1),
(1056, 'CVARIAS', 'CRUCETAS VARIAS', 1, 3, 34000, 0, 0, 1),
(1057, '744778', 'RETEN 22*32*7', 1, 0, 7000, 7000, 0, 1),
(1058, 'R30*45/58*10.5', 'RETEN CAJA 30*45/58*10.5', 1, 1, 40000, 0, 0, 1),
(1059, '459532*', 'VALVULA ESCAPE CARG 180', 1, 1, 32000, 0, 0, 1),
(1060, 'SAKT', 'SELLOS VALVULA CARG', 1, 4, 5000, 2500, 0, 1),
(1061, 'IL-7045BMP*', 'DIRECCIONALES TRT LH GN', 1, 3, 40000, 18000, 0, 1),
(1062, 'super33+*', 'CINTA', 1, 6, 120000, 5000, 0, 1),
(1063, '48002*', 'CINTA COLOR * MTRS', 1, 4, 3000, 10000, 0, 1),
(1064, 'B002344*', 'ACOPLE BRAZO OSCILANTE', 1, 1, 99000, 0, 0, 1),
(1065, 'SBS333S*', 'RETENEDORES ', 1, 6, 9000, 4000, 0, 1),
(1066, 'G4320720*', 'ARANDELA DE CULATA', 1, 8, 3000, 500, 0, 1),
(1067, '30205', 'BALINERA', 1, 6, 40000, 26500, 0, 1),
(1068, '2RS/C3', 'BALINERA 6302', 1, 6, 13000, 8500, 0, 1),
(1069, '16003-2RS/C3', 'BALINERA 16003', 1, 4, 16000, 10500, 0, 1),
(1070, '6203-2RS/C3', 'BALINERA 6203', 1, 4, 13000, 8500, 0, 1),
(1071, '6204-2RS/C3', 'BALINERA 6204', 1, 10, 15000, 9800, 0, 1),
(1072, '300*17', 'LLANTA 300*17', 1, 3, 109000, 78000, 0, 1),
(1073, '275*17', 'LLANTA 275*17', 1, 3, 109000, 78000, 0, 1),
(1074, '250*17', 'LLANTA 250*17', 1, 3, 88000, 63000, 0, 1),
(1075, '300*18', 'LLANTA 300*18', 1, 3, 123000, 88000, 0, 1),
(1076, '90/90/18', 'LLANTA 90/90/18', 1, 3, 123000, 88000, 0, 1),
(1077, '100/80/17', 'LLANTA 100/80/17', 1, 1, 161000, 115000, 0, 1),
(1078, '110/80/17', 'LLANTA 110/80/17', 1, 2, 161000, 115000, 0, 1),
(1079, '120/80/17', 'LLANTA 120/80/17', 1, 3, 168000, 120000, 0, 1),
(1080, '90/90/17', 'LLANTA 90/90/17', 1, 88000, 123000, 88000, 0, 1),
(1081, '90/90/17', 'LLANTA 90/90/17', 1, 1, 123000, 88000, 0, 1),
(1082, '275*17', 'LLANTA 275*17', 1, 1, 109000, 78000, 0, 1),
(1083, '130/70/17', 'LLANTA 130/70/17', 1, 3, 182000, 130000, 0, 1),
(1084, 'AP191015', 'GUAYA VELOCIMETRO 205', 1, 2, 57000, 39900, 0, 1),
(1085, '25W-50', 'CELERITY', 1, 55, 25000, 19000, 0, 1),
(1086, 'D8EA', 'BUJIA CARGUERO', 1, 19, 7000, 4000, 0, 1),
(1087, 'YTX4', 'BATERIA', 1, 2, 59000, 42000, 0, 1),
(1088, '12N9L', 'BATERIA', 1, 2, 98000, 70000, 0, 1),
(1089, '11664', 'BOMBILLO MOTOTEC', 1, 20, 3000, 1500, 0, 1),
(1090, 'ESC-65', 'PITO', 1, 5, 9000, 6000, 0, 1),
(1091, 'D-010', 'MANUBRIO PROTAPER', 1, 6, 14000, 10000, 0, 1),
(1092, '20W-50', 'POWER 1', 1, 36, 36000, 31000, 0, 1),
(1093, '20W-50', 'MOBIL SUPER TP AMARILLA', 1, 0, 28000, 23900, 0, 1),
(1094, '400-8', 'LLANTA TRAZANO', 1, 3, 95000, 71300, 0, 1),
(1095, '400-8', 'LLANTA QUEEN', 1, 6, 120000, 76600, 0, 1),
(1096, '506311', 'RETENEDOR DE BARRAS AKT', 1, 8, 43000, 32600, 0, 1),
(1097, '25W-60', 'ACEITE IMPULSE 4T SAE', 1, 12, 26000, 22300, 0, 1),
(1098, '25W60', 'ACEITE GP', 1, 6, 25000, 18145, 0, 1),
(1099, 'GI', 'ACEITE GI MINERAL', 1, 9, 15000, 9900, 0, 1),
(1100, '7705946792820', 'CANASTILLA KONTROL', 1, 5, 14000, 11000, 0, 1),
(1101, 'K353004900', 'FILTRO ACEITE 205 VARROC', 1, 26996, 5000, 1400, 0, 1),
(1103, 'K353140100', 'KIT ESCOBILLAS TVS VARROC', 1, 5, 28000, 14800, 0, 1),
(1104, 'GEAR 250', 'VALVULINA MOTO CAR OIL', 1, 26, 9000, 6500, 0, 1),
(1105, 'NLGI 2', 'GRASA DELTA OIL ROJA', 1, 0, 10000, 6900, 0, 1),
(1106, 'JD0068', 'ABRAZADERAS PLATICAS ', 1, 126, 500, 45, 0, 1),
(1107, '20W50', 'ACEITE BAJAJ', 1, 0, 28000, 26000, 0, 1),
(1108, '25W-50', 'ACEITE BRIOTEC', 1, 10, 25000, 20150, 0, 1),
(1109, '7701023459501', 'VALVULA INYECCION 3W 180 RP', 1, 1, 89000, 58660, 0, 1),
(1110, '899642', 'SILLIN 3W 200 RP', 1, 1, 180000, 121065, 0, 1),
(1111, '604819', 'REGULADOR RECTIF 3W AHO RP', 1, 1, 186000, 119720, 0, 1),
(1112, '127509', 'PLATO BOBINAS 3W/14 RP', 1, 1, 165000, 107000, 0, 1),
(1113, '459105', 'MOTOR ARRANQUE 3W 180 RP', 1, 0, 240000, 155000, 0, 1),
(1114, '126939', 'MOFLE 3W/14 RP', 1, 1, 320000, 216860, 0, 1),
(1115, '881425', 'MEDIDOR ACEITE 125S RP', 1, 3, 15000, 9500, 0, 1),
(1116, '476195', 'MANUBRIO 3W 180 RP', 1, 1, 120000, 85785, 0, 1),
(1117, '080354', 'KIT CILINDRO 3W 200 RP', 1, 1, 352000, 228200, 0, 1),
(1118, '193870', 'KIT CILINDRO 3W 180 RP', 1, 1, 352000, 221200, 0, 1),
(1119, '476270', 'GUARDA B DEL 3W 180 RP', 1, 1, 153000, 102500, 0, 1),
(1120, '631242', 'EMPAQUE TP CULATIN 235 RP', 1, 3, 20000, 12040, 0, 1),
(1121, '726597', 'CLUTCH ARRANQUE/ONE WAY 235 RP', 1, 1, 120000, 67235, 0, 1),
(1122, '459143', 'BALANCINES SUPERIOR 3W 180 RP', 1, 1, 95000, 59009, 0, 1),
(1123, '701143', 'KIT  CILINDRO KTL 3W 230R RP', 1, 1, 270000, 143120, 0, 1),
(1124, '850933', 'KIT CILINDRO KTL 3W 180 RP', 1, 1, 270000, 142900, 0, 1),
(1125, '370585', 'JUEGO STOP CTO LED KTL 3W 200 RP', 1, 1, 95000, 50720, 0, 1),
(1126, '867009', 'CABLE VELOCIMETRO KTL3W 180 RP', 1, 5, 23000, 16000, 0, 0),
(1127, '868914', 'CABLE CLUTCH KONTROL 3W 180 RP', 1, 5, 25000, 10700, 0, 1),
(1128, '67009', 'CABLE VELOCIMETRO KTL3W 180 RP', 1, 5, 23000, 9600, 0, 1),
(1129, '091200', 'RELAY ARRANQUE CON PLATI VRC PUL RP', 1, 10, 12000, 9000, 0, 1),
(1130, '065000', 'RELAY ARRANQUE VRC TRT RP', 1, 2, 25000, 13700, 0, 1),
(1131, 'PP01975', 'PRESIONAD CLUTCH END TRT RP', 1, 2, 22000, 11100, 0, 1),
(1132, '155400', 'KIT ROTO MOT ARR VRC TRT RP', 1, 6, 95000, 47866, 0, 1),
(1133, '040100', 'KIT ESCOBILAS VCR TVS', 1, 10, 25000, 14800, 0, 1),
(1134, '520AM01545', 'JUEGO BALANCIN END TRT', 1, 4, 65000, 27000, 0, 1),
(1135, '097900', 'GPOLVO 2 RP', 1, 50, 8000, 2513, 0, 1),
(1136, '004900', 'FILTRO ACEITE VRC 205', 1, 50, 5000, 1344, 0, 1),
(1137, '257000', 'FILTRO ACEITE BOXER VRC', 1, 30, 8000, 1958, 0, 1),
(1138, '178800', 'EJE RUEDA TRASERO VRC', 1, 4, 75000, 45173, 0, 1),
(1139, '184800', 'CAPUCHON BUJIA IZQ VRC TRT', 1, 9, 10000, 3544, 0, 1),
(1140, '184700', 'CAPUCHON BUJIA IZQ VRC TRT', 1, 9, 7000, 2779, 0, 1),
(1141, '254600', 'CAMPANA VRC ', 1, 5, 96000, 57642, 0, 1),
(1142, '070800', 'BUJE TIJERA GRANDE VRC', 1, 20, 10000, 4425, 0, 1),
(1143, '254800', 'BUJE BRAZO RUEDA DEL VRC', 1, 19, 25000, 8925, 0, 1),
(1144, '520AM00350', 'ARBOL DE LEVAS END TRT', 1, 3, 85000, 46954, 0, 1),
(1145, '100607', 'AMOTIGUADOR DELANTERO END', 1, 3, 76000, 45486, 0, 1),
(1146, '042700', 'JUEGO DADOS VRC', 1, 24, 10000, 4125, 0, 1),
(1147, 'A1018-156', 'KIT ILINDRO AGILITY 125 STAR GOLD', 1, 2, 174000, 102329, 0, 1),
(1148, '000-302', 'ZAPATA CENTRIFUGA AGILITY 125/ GY6125/ SCOOTER', 1, 2, 98000, 59489, 0, 1),
(1149, 'C10NN-055', 'REGULADOR AKT 3W180 TRIFASICO 6 CABLES', 1, 0, 92000, 53539, 0, 1),
(1150, 'A1343-108', 'KIT GUIAS TENSOR Y CADENILLA BAJAJ CT 100', 1, 3, 25000, 11889, 0, 1),
(1151, '00-1548', 'KIT CADENILLA REPARTICION ECO100/AKT110/CD100', 1, 3, 37000, 21409, 0, 1),
(1152, 'A2211-0802', 'KIT DISCOS CUTCHAKT 110 STAR GOLD', 1, 4, 56000, 10699, 0, 1),
(1153, '000-214', 'VARIADOR AGILITY 125/LIFAN', 1, 2, 110000, 65439, 0, 1),
(1154, 'SF1-2093-01', 'ESPEJO AGILITY ROJO', 1, 1, 37000, 21409, 0, 1),
(1155, 'SF1-2093-05', 'ESPEJO AGILITY AZUL', 1, 1, 37000, 21409, 0, 1),
(1156, 'SF-2093-07', 'ESPEJO KYMCON AGILITY', 1, 1, 37000, 20219, 0, 1),
(1157, 'SF-2093-10', 'ESPEJO AGILITY GRIS', 1, 1, 37000, 20219, 0, 1),
(1158, 'SFMP-063', 'ESPEJO PULSAR NS200', 1, 3, 35000, 20219, 0, 1),
(1159, 'SFMCP-01707', 'ESPEJO M10', 1, 3, 23000, 13079, 0, 1),
(1160, 'A2279-156', 'ROLLER VARIADOR AGILITY', 1, 2, 26000, 15459, 0, 1),
(1161, 'KFAF-305', 'ROLLER VARIADOR AGILITY125', 1, 1, 40000, 27359, 0, 1),
(1162, '20W-50', 'ACEITE BAJAJ', 1, 0, 28000, 26000, 0, 1),
(1163, '32006X', 'RODILLO', 1, 2, 58000, 38500, 0, 1),
(1164, '30304', 'BALINERA DE EJE', 1, 2, 63000, 42000, 0, 1),
(1165, '6202', 'BALINERA 6202', 1, 9, 12000, 7800, 0, 1),
(1166, 'B3018-110', 'COMANDOS BAJAJ CT 100 STAR GOLD', 1, 1, 85000, 48779, 0, 1),
(1167, '000-664', 'KIT VALVULAS AGILITY 125', 1, 2, 31000, 17839, 0, 1),
(1168, 'MCS-33', 'GUANTE PARA MOTO TIPO CUERO NEGRO', 1, 2, 60000, 35689, 0, 1),
(1169, 'MCS-46H', 'GUANTE MEDIO DEDO SPEDD BIKER', 1, 2, 56000, 33309, 0, 1),
(1170, '000-192', 'TENSOR CADENILLA AGILITY 125', 1, 3, 16000, 13079, 0, 1),
(1171, 'C2201-156', 'CDI AGILITY 125', 1, 1, 98000, 65439, 0, 1),
(1172, '000-329', 'CUNA DIRECCION AGILITY 125', 1, 2, 25000, 14269, 0, 1),
(1173, '000-325', 'CUNA DIRECCION AKT 125', 1, 2, 29000, 16649, 0, 1),
(1174, '000-327', 'CUNAS DIRECCION GN 125', 1, 2, 25000, 14269, 0, 1),
(1175, '000-328', 'CUNAS DIRECCION BWS125/DT125/LIBERO110/CRPTON/FZ16', 1, 2, 28000, 15459, 0, 1),
(1176, '00-1091', 'CUNA DIRECCION BOXER CT', 1, 2, 25000, 14269, 0, 1),
(1177, '00-2266', 'CUNAS DIRECCION RODILLO', 1, 4, 47000, 27359, 0, 1),
(1178, 'A1234-876', 'KIT BALANCINES AKT 110 STAR GOLD', 1, 2, 29000, 16649, 0, 1),
(1179, 'A1233-156', 'BALANCIN AGILITY 125', 1, 3, 30000, 17839, 0, 1),
(1180, 'KP-AKT125SL/NKD', 'SET SPROCKET AKT 125 SL/NKD 15X38', 1, 3, 45000, 29739, 0, 1),
(1181, 'KP-AKT110', 'SET SPROCKET AKT 110 14X36', 1, 3, 40000, 24979, 0, 1),
(1182, '000-317', 'ARBOL DE LEVAS AGILITY 125', 1, 2, 71000, 47589, 0, 1),
(1183, 'A1028-ABC', 'BUJIA D8EA LARGA AKT 125/HONDA XL/MOTOCARRO STAR', 1, 10, 9000, 4392, 0, 1),
(1184, '1102-3048', 'PROTECTOR EXOSTO KYMCO AGILITY NEGRO', 1, 2, 35000, 20219, 0, 1),
(1185, '1058-1042', 'TAPA PUNTERA EXOSTO KYMCO AGILITY FLY/RS/NAKED NEGRO', 1, 2, 35000, 20219, 0, 1),
(1186, '000-185', 'CADENILLA 2*3-94L AGILITY /XR150', 1, 5, 20000, 11889, 0, 1),
(1187, '000-918', 'CADENILLA 25H*88L BOXER CT CB110', 1, 6, 25000, 14269, 0, 1),
(1188, '00-1537', 'CADENILLA DISTRIBUCION YAMAHA BWS125 2*3*94L-CAJA X 10U', 1, 3, 29000, 16649, 0, 1),
(1189, '1581-1630', 'SPROCKET AKT NKD 428/38T X14T', 1, 3, 46000, 30929, 0, 1),
(1190, '000-187', 'CADENILLA 25H*84L AKT110ECO DE LUXE', 1, 1, 20000, 11889, 0, 1),
(1191, '00-1761', 'CADENILLA 2*3 96L FZR160 FZ160', 1, 3, 32000, 19029, 0, 1),
(1192, 'SF2-6008', 'SET DE ESPUMA MANILAR', 1, 23, 8000, 4749, 0, 1),
(1193, '00-1703', 'KIT RETENEDOR CON ORINGS AKT125-150', 1, 3, 21000, 11889, 0, 1),
(1194, '00-1043', 'GUIAS CADENILLA AKT110 AKT 125', 1, 5, 12000, 5939, 0, 1),
(1195, 'SV-BJ100', 'SELLOS VALVULA BAJAJ BOXER CT 100 SET X2', 1, 10, 7000, 2726, 0, 1),
(1196, '11061863', 'FILTRO ACEITE PIAGGIO GN ENGG', 1, 15, 12000, 8150, 0, 1),
(1197, '100200004', 'FILTRO CINTRIFUGO CERONTE ', 1, 3, 26000, 17850, 0, 1),
(1198, 'B014732', ' Reten Tapa Culata PIAGGIO', 1, 5, 5000, 2975, 0, 1),
(1199, '100100071', 'BOMBA  ACEITE CERONTE ORIGI', 1, 3, 44000, 29150, 0, 1),
(1200, '100202661', 'PIÑON ARRANQUE CERONTE', 1, 2, 29000, 19000, 0, 1),
(1201, '434716', 'ANILLO EXOSTO PIAGGIO', 1, 5, 4000, 2900, 0, 1),
(1202, '847928', 'EMPAQUE TENSOR DE CADENILLA PIAGGIO', 1, 6, 3000, 2000, 0, 1),
(1203, '1U000020', 'KIT VALVULAS PIAGGIO', 1, 2, 120000, 79730, 0, 1),
(1204, 'AN101066', 'ANILLOS STD GN 205', 1, 3, 33000, 21500, 0, 1),
(1205, '072471', 'KIT ESCOBILLAS 205', 1, 12, 19000, 12500, 0, 1),
(1206, 'BA133064', 'KIT DADOS GN 205', 1, 10, 8000, 5355, 0, 1),
(1207, '110069279', 'FILTRO ACEITE TRT SUPERAJIT', 1, 6, 15000, 9500, 0, 1),
(1208, '11079139', 'JUEGO DADOS GN 205', 1, 5, 10000, 5831, 0, 1),
(1209, '11076260', 'BENDIX 205 TRT', 1, 1, 142000, 94200, 0, 1),
(1210, '07002', 'SWITCH CERONTE', 1, 1, 145000, 94000, 0, 1),
(1211, '013821', 'KIT ESCOBILLAS 205 TRT', 1, 7, 15000, 7000, 0, 1),
(1212, '11068856', 'GUAYA CAMBIO BLANCA 205', 1, 2, 27000, 17500, 0, 1),
(1213, '11068854', 'GUAYA CLUTCH TRT GN', 1, 4, 29000, 19000, 0, 1),
(1214, '11035678', 'GUAYA CAMBIO BLANCA 205 GN', 1, 6, 17000, 11000, 0, 1),
(1215, '31101014', 'ANILLO EXOSTO 205/ BOXER', 1, 46, 3000, 660, 0, 1),
(1216, '100104525', 'EMPAQUE TP CULATIN CERONTE ORIGINAL', 1, 6, 19000, 12500, 0, 1),
(1217, '11069532', 'JUEGO BANDAS GN 205 / TRT', 1, 9, 20000, 12500, 0, 1),
(1218, 'DK101064', 'CADENILLA 205 GN', 1, 6, 20000, 10500, 0, 1),
(1219, '100104589', 'EMPAQUE CENTRO MOTOR CERONTE ORIGI', 1, 6, 10000, 5900, 0, 1),
(1220, 'CM284004', 'EMPAQUE CILINDRO PIAGGIO ORIGI', 1, 2, 10000, 6500, 0, 1),
(1221, '36AA4042', 'KIT EMPAQUE 205 GN', 1, 6, 25000, 14500, 0, 1),
(1222, '11035680', ' GUAYA ACELERADOR 205 GN', 1, 10, 15000, 7500, 0, 1),
(1223, '100100601', 'PIN SEGURIDAD CERONTE', 1, 14, 1000, 300, 0, 1),
(1224, '100105175', 'EJE BALANCIN CERONTE', 1, 3, 12000, 7200, 0, 1),
(1225, '100103220', 'PIÑON ARRANQUE PEQUE CERONTE', 1, 2, 29000, 19000, 0, 1),
(1226, '100104943', 'FILTRO CEDAZO CERONTE', 1, 6, 5000, 1500, 0, 1),
(1227, '34107', 'RETENEDOR BARRA CERONTE 50*62*11', 1, 8, 25000, 16000, 0, 1),
(1228, '1A015692', 'CADENILLA PIAGGIO', 1, 4, 55000, 34000, 0, 1),
(1229, '057270', 'KIT VALVULAS TRT GN', 1, 3, 40000, 27000, 0, 1),
(1230, '100141408', 'DISCOS CLUTCH CERONTE', 1, 12, 15000, 9700, 0, 1),
(1231, '22000119', 'PEDAL CAMBIOS CERONTE', 1, 7, 66000, 44000, 0, 1),
(1232, '22000745', 'CDI CERONTE', 1, 2, 129000, 85500, 0, 1),
(1233, '11035672', 'CILINDRO COMPLETO 205', 1, 2, 210000, 140500, 0, 1),
(1234, '11069800', 'CILINDRO COMPLETO TRT', 1, 3, 289000, 192000, 0, 1),
(1235, '11079001', 'GUAYA CAMBIO NEGRO 205', 1, 3, 22000, 12700, 0, 1),
(1236, '11069712', 'CDI TRT', 1, 2, 79000, 52500, 0, 1),
(1237, '11069824', 'MAZORCA DE ARRANQUE ', 1, 2, 81000, 54000, 0, 1),
(1238, '11038823', 'CILINDRO COMPLETO PIAGGIO', 1, 1, 330000, 220600, 0, 1),
(1239, '11041617', 'EMPAQUE CULATA CERONTE', 1, 6, 10000, 6200, 0, 1),
(1240, '11030769', 'KIT PISTON NITROS 205 STD', 1, 2, 45000, 27600, 0, 1),
(1241, '110307773', 'KIT PISTON NITROS 205 025', 1, 2, 45000, 27600, 0, 1),
(1242, '11030777', 'KIT PISTON NITROS 205 050', 1, 2, 45000, 27600, 0, 1),
(1243, '11013208', 'KIT PISTON TRT 050', 1, 3, 86000, 57500, 0, 1),
(1244, '11041617', 'EMPAQUE CULATA CERONTE', 1, 6, 10000, 6200, 0, 1),
(1245, '11041618', 'EMPAQUE CILINDRO CERONTE', 1, 6, 4000, 1200, 0, 1),
(1246, '22000128', 'CARBURADOR CERONTE ', 1, 0, 285000, 204000, 0, 1),
(1247, '11041619', 'EMPAQUE CARCASA DERECHA CERONTE', 1, 5, 6000, 3100, 0, 1),
(1248, '22000124', 'ESPEJO LH CERONTE', 1, 2, 40000, 22500, 0, 1),
(1249, '11068853', 'GUAYA ACELERADOR TRT', 1, 10, 15000, 8900, 0, 1),
(1250, '11044204', 'EMPAQUE FILTRO 205', 1, 48, 3000, 1200, 0, 1),
(1251, '11079014', 'CILINDRO FRENO DELANTERO 205 / TRT', 1, 5, 45000, 28000, 0, 1),
(1252, '11073323', 'BALANCIN 205 / BOXER ', 1, 5, 45000, 28500, 0, 1),
(1253, '11042150', 'ARANDELA 12.1 MRX 150', 1, 6, 2000, 600, 0, 1),
(1254, '11040627', 'RETENEDOR BARRAS CERONTE 63*50*1', 1, 10, 25000, 15000, 0, 1),
(1255, '11030059', 'ORIN TRT/205', 1, 10, 8000, 4500, 0, 1),
(1256, '11079126', 'CDI TRT FACELITY', 1, 1, 151000, 102000, 0, 1),
(1257, '11079139', 'JUEGO DADOS', 1, 0, 10000, 5500, 0, 1),
(1258, '11069883', 'REGULADOR TRT FACELITY', 1, 1, 115000, 72000, 0, 1),
(1259, '22000191', 'CONTROLADOR VENTILADOR CERONTE', 1, 0, 125000, 70500, 0, 1),
(1260, '11069818', 'BASE LEVA CAMBIOS 205', 1, 6, 25000, 14300, 0, 1),
(1261, '11013013', 'KIT VIELA TRT', 1, 3, 70000, 42000, 0, 1),
(1262, '21007225', 'FILTRO ACEITE TVS', 1, 11, 7000, 4300, 0, 1),
(1263, '11013197', 'KIT PISTON 205 050', 1, 3, 65000, 43000, 0, 1),
(1264, '21000387', 'KIT MEDIO EMPAQUES TRT', 1, 5, 20000, 12300, 0, 1),
(1265, '21000400', 'KIT EMPAQUE COMPLETO TRT ', 1, 1, 35000, 27000, 0, 1),
(1266, '11038225', 'EMPAQUE CARCASA PIAGGIO', 1, 5, 14000, 9000, 0, 1),
(1267, '11038226', 'EMPAQUE CUBIERTA ARRANQUE PIAGGIO', 1, 6, 12000, 7700, 0, 1),
(1268, '21016855', 'KIT CILINDRO CERONTE', 1, 1, 365000, 260000, 0, 1),
(1269, '11040618', 'PRENSA CLUTCH COMPLETO CERONTE', 1, 1, 380000, 254000, 0, 1),
(1270, '11047806', 'PIÑON ARRANQUE CERONTE', 1, 1, 56000, 37500, 0, 1),
(1271, '11035681', 'GUAYA CLUTCH 205 GN', 1, 9, 23000, 15000, 0, 1),
(1272, '11069783', 'CILINDRO COMPLETO 205', 1, 2, 234000, 156000, 0, 1),
(1273, '11069820', 'BASE LEVA CAMBIOS TRT', 1, 6, 250000, 157000, 0, 1),
(1274, '11013195', 'KIT PISTON 205 025', 1, 3, 68000, 43000, 0, 1),
(1275, '11038261', 'PRENSA CLUTCH COMPLETO PIAGGIO', 1, 3, 244000, 162000, 0, 1),
(1276, '11041620', 'EMPAQUE CARCASA LH CERONTE', 1, 10, 3000, 950, 0, 1),
(1277, '11013206', 'KIT PISTON TRT 025', 1, 3, 82000, 58300, 0, 1),
(1278, '11069839', 'MAZORCA DE ARRANQUE  TRT/205', 1, 2, 70000, 67000, 0, 1),
(1279, '11079331', 'KIT RODAMIENTO TRASERO TVS', 1, 10, 25000, 15700, 0, 1),
(1280, '11061863', 'FILTRO ACEITE PIAGGIO ', 1, 15, 12000, 7800, 0, 1),
(1281, '11047904', 'CIGUEÑAL CERONTE', 1, 1, 452000, 300754, 0, 1),
(1282, '483017', 'GRASA NEGRA', 1, 47, 8000, 5500, 0, 1),
(1283, '   GEAR 250', 'VALVULINA MOTO CAR OIL', 1, 36, 9000, 6500, 0, 1),
(1284, '25W60', 'MOTO CAR OIL MULTIGRADO', 1, 12, 22000, 17500, 0, 1),
(1285, '112050', 'LIQUIDO FRENOS BRAKE FLUID DOT 3', 1, 20, 9000, 6500, 0, 1),
(1286, 'NLGI 2', 'GRASA DELTA OIL ROJA', 1, 0, 10000, 7150, 0, 1),
(1287, '20W50', 'ACEITE BAJAJ', 1, 1, 28000, 26000, 0, 1),
(1288, '11047804', 'CLUTCH DE UNA VIA', 1, 1, 85000, 48000, 0, 1),
(1289, '11047830', 'MOTOR DE ARRANQUE CERONTE', 1, 2, 277000, 122000, 0, 1),
(1290, '11041595', 'FILTRO AIRE CERONTE', 1, 2, 28000, 17000, 0, 1),
(1291, '22000250', 'MANUBRIO CERONTE', 1, 3, 78000, 45800, 0, 1),
(1292, '11047905', 'TAPON MEDIDOR ACEITE CERONTE', 1, 5, 70000, 35700, 0, 1),
(1293, '11047804', 'CLUTCH DE UNA VIA', 1, 2, 85000, 48000, 0, 1),
(1294, '22000265', 'GUAYA VELOCIMETRO CERONTE', 1, 4, 20000, 11600, 0, 1),
(1295, '22000263', 'GUAYA ACELERADOR CERONTE', 1, 5, 18000, 11000, 0, 1),
(1296, '11038487', 'EMPAQUE CULATA PIAGGIO', 1, 1, 18000, 11700, 0, 1),
(1297, '20W50', 'ACEITE SHELL AVANCE', 1, 12, 32000, 24696, 0, 1),
(1298, '85W140', 'VALVULINA SHELL SPIRAX ', 1, 10, 30000, 22672, 0, 1),
(1299, 'JN10032', 'STOD LED CARGUERO ', 1, 12, 85000, 27500, 0, 1),
(1300, 'TW274', 'KIT CILINDRO CERONTE', 1, 2, 340000, 226000, 0, 1),
(1301, 'TW273', 'KIT CILINDRO AKT 180', 1, 3, 243000, 162000, 0, 1),
(1302, 'TW272', 'KIT CILINDRO CARGUERO 200', 1, 3, 251000, 167000, 0, 1),
(1303, '00-2281', 'CAJA DE CAMBIOS  3W180/200', 1, 2, 243000, 143000, 0, 1),
(1304, 'JN10004', 'PIÑON MOTOR ARRANQUE CARGUERO', 1, 3, 57000, 33320, 0, 1),
(1305, '00-1924', 'RETENEDOR BARRAS CARGUERO', 1, 10, 27000, 15470, 0, 1),
(1306, '000-633', 'CAJA DE REVERZA 3W180/200', 1, 6, 357000, 238000, 0, 1),
(1307, '1275', 'BUJIA NGC CR8E TRT/PULSAR', 1, 35, 10000, 5500, 0, 1),
(1308, '4629', 'BUJIA NGK C7HSA BOXER', 1, 20, 10000, 5500, 0, 1),
(1309, '20W50', 'YAMALUBE', 1, 12, 38000, 31834, 0, 1),
(1310, '20W50', 'MOBIL TP AZUL', 1, 0, 28000, 23900, 0, 1),
(1311, 'SAE 50', 'MOBIL HD-50', 1, 2, 28000, 23900, 0, 1),
(1312, '20W50', 'MOBIL SUPER TP AMARILLA', 1, 1, 28000, 23900, 0, 1),
(1313, '20W50', 'ACEITE BAJAJ', 1, 4, 28000, 26000, 0, 1),
(1314, '20w50', 'ACEITE SUPER 1000', 1, 5, 34000, 29916, 0, 1),
(1315, 'H43-MTCAC', 'BOMBILLO LED 3 CARAS MOTOLED', 1, 0, 27000, 15458, 0, 1),
(1316, 'A2509-353', 'PEDAL CAMBIO CARGUERO', 1, 8, 45000, 11888, 0, 1),
(1317, 'JD0068', 'ABRAZADERAS PLATICAS ', 1, 178, 500, 60, 0, 1),
(1318, '20W50.', 'ACEITE BAJAJ', 1, 42, 28000, 22700, 0, 1),
(1319, '400-8', 'LLANTA TRAZANO 400*8', 1, 15, 95000, 71300, 0, 1),
(1320, '00', 'FILTRO ACEITE CARGUERO KAIQI', 1, 8, 25000, 14500, 0, 1),
(1321, 'KAIQI', 'CONECTOR CARBURADOR CARGUERO KAIQI', 1, 9, 25000, 14500, 0, 1),
(1322, 'KAIQI', 'CONECTOR CARBURADOR CARGUERO KAIQI', 1, 9, 25000, 14500, 0, 1),
(1323, '00', 'CHAPA CARGUERO KAIQI', 1, 9, 26000, 14500, 0, 1),
(1324, '00', 'SWITC ENCENDIDO CARGUERO KAIQI', 1, 5, 32000, 18500, 0, 1),
(1325, '00', 'CILINDRO FRENO TRASERO KAIQI', 1, 4, 46000, 27000, 0, 1),
(1326, '482203000', 'BOMBILLO FAROLA NARVA 12V 35/35', 1, 7, 19000, 11000, 0, 1),
(1327, '00', 'SOKER BAYONETA', 1, 10, 5000, 1500, 0, 1),
(1328, '00', 'METRO CABLE SURTIDO ELECTRICO', 1, 179, 2000, 850, 0, 1),
(1329, '00', 'CABLE #10', 1, 12, 9000, 4600, 0, 1),
(1330, '00', 'CABLE DUPLEX', 1, 20, 5000, 1600, 0, 1),
(1331, '00', 'CABLE DE BOBINA ALTA ', 1, 9, 8000, 3600, 0, 1),
(1332, '00', 'SWITCH BEST SURTIDO', 1, 12, 5000, 2500, 0, 1),
(1333, '924009', 'PITO GAUSS', 1, 6, 17000, 9200, 0, 1),
(1334, '00', 'CINTA NEGRA GRANDE', 1, 19, 6000, 3500, 0, 1),
(1335, '00', 'MANI RELAY 4 PINES', 1, 8, 19000, 10800, 0, 1),
(1336, '00', 'BORNE BATERIA ', 1, 15, 8000, 4800, 0, 1),
(1337, '00', 'BOMBILLO STOD EXIM', 1, 20, 3000, 1500, 0, 1),
(1338, '00', 'PORTA FUSIBLE CUADRADA NEGRA', 1, 7, 5000, 2600, 0, 1),
(1339, '00', 'TERMINAL PITO', 1, 98, 500, 130, 0, 1),
(1340, '00', 'TERMINAL REP 17X19', 1, 200, 500, 120, 0, 1),
(1341, '00', 'TERMINAL OJO COBRE 50A', 1, 12, 4000, 1400, 0, 1),
(1342, '00', 'FUSIBLE MINI SURTIDO', 1, 100, 500, 300, 0, 1),
(1343, '00', 'FUSIBLES 10A,15A,30A', 1, 298, 500, 260, 0, 1),
(1344, '6301', 'BALINERA', 1, 20, 12000, 8000, 0, 1),
(1345, '6004', 'BALINERA', 1, 17, 15000, 9000, 0, 1),
(1346, '6005', 'BALINERA', 1, 10, 19000, 12500, 0, 1),
(1347, '6006', 'BALINERA', 1, 4, 220, 14500, 0, 0),
(1348, '6006', 'BALINERA', 1, 4, 22000, 14500, 0, 1),
(1349, '6006', 'BALINERA', 1, 4, 220, 14500, 0, 0),
(1350, '6201', 'BALINERA', 1, 8, 11500, 7500, 0, 1),
(1351, '6304', 'BALINERA', 1, 6, 22000, 14500, 0, 1),
(1352, '6302', 'BALINERA', 1, 12, 14000, 9000, 0, 1),
(1353, '6203', 'BALINERA', 1, 10, 13000, 8500, 0, 1),
(1354, '6202', 'BALINERA', 1, 10, 12000, 7800, 0, 1),
(1355, '6204', 'BALINERA', 1, 8, 15000, 9800, 0, 1),
(1356, '6904', 'BALINERA', 1, 2, 18000, 11500, 0, 1),
(1357, '6905', 'BALINERA', 1, 2, 19000, 12500, 0, 1),
(1358, '6906', 'BALINERA', 1, 1, 23000, 14800, 0, 1),
(1359, '6328', 'BALINERA', 1, 4, 46000, 30500, 0, 1),
(1360, '16007', 'BALINERA', 1, 4, 54000, 36000, 0, 1),
(1361, '20W50', 'ACEITE BAJAJ 1200', 1, 29, 35000, 27500, 0, 1),
(1362, '00', 'DIRECIONAL BOXER', 1, 4, 9000, 4500, 0, 1),
(1363, '00', 'DIRECIONAL NKD', 1, 4, 12000, 6400, 0, 1),
(1364, '00', 'DIRECIONAL PULSAR ', 1, 4, 9000, 5800, 0, 1),
(1365, '00', 'BOMBA FRENO AKT', 1, 3, 45000, 15500, 0, 1),
(1366, '00', 'GRANA DE LUJO', 1, 50, 4000, 720, 0, 1),
(1367, '11038432', 'RETEN VALVULA PIAGGIO', 1, 6, 9000, 5309, 0, 1),
(1368, '11038487', 'EMPAQUE CULATA PIAGGIO', 1, 5, 16000, 10000, 0, 1),
(1369, '22000846', 'PLATO DE BOBINAS CERONTE ', 1, 3, 120000, 70000, 0, 1),
(1370, '22000744', 'REGULADOR CERONTE ', 1, 1, 188000, 111000, 0, 1),
(1371, '00', 'BOMBA FRENO AKT 110', 1, 3, 45000, 26600, 0, 1),
(1372, '11N9', 'BATERIA CARGUERO', 1, 3, 95000, 63000, 0, 1),
(1373, 'YB6-5', 'BATERIA PEQUEÑA', 1, 2, 78000, 52000, 0, 1),
(1374, '00', 'ESPEJOS AKT', 1, 10, 15000, 6500, 0, 1),
(1375, 'NLGI 2', 'GRASA DELTA OIL ROJA', 1, 18, 10000, 7150, 0, 1),
(1376, '00', 'LUBRICANTE ROJO', 1, 20, 10000, 6500, 0, 1),
(1377, '11034841', 'LLANTA QUEEN 400-8', 1, 25, 120000, 69417, 0, 1),
(1378, '20W50', 'ACEITE MOBIL TP AZUL Y AMARILLA', 1, 35, 28000, 25000, 0, 1),
(1379, 'AYD-PAS00', 'PASTILLAS DE FRENO DELANTERA GS-AGILITY RS/ XTZ 125', 1, 8, 12000, 6830, 0, 1),
(1380, 'AYD-PAS00', 'PASTILLAS DE FRENO DELANTERA EVO, RTX 150', 1, 5, 13000, 7300, 0, 1),
(1381, 'AYD-PAS01', 'PASTILLAS DE FRENO DELANTERA AKT 110/125, NKD 125', 1, 8, 1300, 7230, 0, 1),
(1382, '1004', 'DISCO DE CLUTCH DE EMBRAGUE AUTECO BOXER', 1, 5, 28000, 16500, 0, 1),
(1383, '1707', 'DISCO DE EMBRAGUE ORIGINAL AKT 125 EMPAQUE', 1, 8, 34000, 20000, 0, 1);

-- --------------------------------------------------------

--
-- Table structure for table `proveedores`
--

CREATE TABLE `proveedores` (
  `id_proveedor` int(11) NOT NULL,
  `nombre_proveedor` varchar(250) NOT NULL,
  `nit_proveedor` varchar(250) NOT NULL,
  `tel_proveedor` varchar(250) NOT NULL,
  `email_proveedor` varchar(250) NOT NULL,
  `dir_proveedor` varchar(250) NOT NULL
) ENGINE=InnoDB DEFAULT CHARSET=utf8mb3 COLLATE=utf8mb3_general_ci;

--
-- Dumping data for table `proveedores`
--

INSERT INTO `proveedores` (`id_proveedor`, `nombre_proveedor`, `nit_proveedor`, `tel_proveedor`, `email_proveedor`, `dir_proveedor`) VALUES
(3, 'Provvee', '2343', '432432', '', '');

-- --------------------------------------------------------

--
-- Table structure for table `roles`
--

CREATE TABLE `roles` (
  `id_rol` int(11) NOT NULL,
  `nombre_rol` varchar(250) NOT NULL
) ENGINE=InnoDB DEFAULT CHARSET=utf8mb3 COLLATE=utf8mb3_general_ci;

--
-- Dumping data for table `roles`
--

INSERT INTO `roles` (`id_rol`, `nombre_rol`) VALUES
(0, 'administrador'),
(1, 'Cajero');

-- --------------------------------------------------------

--
-- Table structure for table `salida_productos`
--

CREATE TABLE `salida_productos` (
  `id_salida` int(11) NOT NULL,
  `numero_fact` int(11) NOT NULL,
  `nombre_fact` text NOT NULL,
  `fecha_salida` date NOT NULL,
  `id_producto` int(11) NOT NULL,
  `cantidad` int(11) NOT NULL,
  `monto` int(11) NOT NULL,
  `id_usuario` int(11) NOT NULL,
  `desc_product` int(11) NOT NULL
) ENGINE=InnoDB DEFAULT CHARSET=utf8mb3 COLLATE=utf8mb3_general_ci;

--
-- Dumping data for table `salida_productos`
--

INSERT INTO `salida_productos` (`id_salida`, `numero_fact`, `nombre_fact`, `fecha_salida`, `id_producto`, `cantidad`, `monto`, `id_usuario`, `desc_product`) VALUES
(1, 0, '', '0000-00-00', 0, 0, 0, 0, 0),
(18, 1, '1', '2023-07-05', 178, 1, 3000, 1, 0),
(19, 2, '1', '2023-07-05', 160, 1, 40000, 1, 0),
(20, 2, '1', '2023-07-05', 141, 1, 6000, 1, 0),
(21, 2, '1', '2023-07-05', 43, 1, 52000, 1, 10),
(22, 2, '1', '2023-07-05', 140, 1, 30000, 1, 10),
(23, 2, '1', '2023-07-05', 13, 1, 22000, 1, 10),
(24, 2, '1', '2023-07-05', 94, 1, 74000, 1, 0),
(26, 3, '1', '2023-07-06', 129, 1, 10000, 1, 0),
(27, 3, '1', '2023-07-06', 125, 1, 35500, 1, 0),
(29, 4, '1', '2023-07-06', 140, 1, 30000, 1, 0),
(30, 4, '1', '2023-07-06', 226, 1, 45000, 1, 0),
(32, 5, '1', '2023-07-06', 216, 1, 10000, 1, 0),
(33, 5, '1', '2023-07-06', 129, 1, 10000, 1, 0),
(35, 6, '1', '2023-07-06', 60, 2, 55000, 1, 0),
(36, 6, '1', '2023-07-06', 57, 1, 38000, 1, 0),
(37, 6, '1', '2023-07-06', 114, 1, 10000, 1, 0),
(38, 6, '1', '2023-07-06', 255, 1, 8000, 1, 0),
(39, 6, '1', '2023-07-06', 205, 1, 6000, 1, 0),
(42, 7, '1', '2023-07-06', 19, 1, 142000, 1, 0),
(43, 8, '1', '2023-07-06', 107, 1, 22000, 1, 0),
(44, 8, '1', '2023-07-06', 105, 1, 22000, 1, 0),
(46, 9, '1', '2023-07-07', 214, 1, 10000, 1, 0),
(47, 9, '1', '2023-07-07', 115, 1, 5000, 1, 0),
(48, 9, '1', '2023-07-07', 105, 1, 22000, 1, 0),
(49, 9, '1', '2023-07-07', 107, 1, 22000, 1, 0),
(50, 9, '1', '2023-07-07', 178, 1, 3000, 1, 0),
(51, 9, '1', '2023-07-07', 313, 1, 17000, 1, 0),
(52, 9, '1', '2023-07-07', 178, 1, 3000, 1, 0),
(53, 10, '1', '2023-07-07', 186, 1, 5000, 1, 0),
(54, 11, '1', '2023-07-07', 61, 1, 47500, 1, 0),
(55, 11, '1', '2023-07-07', 268, 1, 72000, 1, 0),
(56, 11, '1', '2023-07-07', 163, 1, 12000, 1, 0),
(57, 11, '1', '2023-07-07', 284, 1, 92000, 1, 0),
(58, 11, '1', '2023-07-07', 63, 1, 16000, 1, 0),
(59, 11, '1', '2023-07-07', 295, 1, 23000, 1, 0),
(60, 11, '1', '2023-07-07', 290, 1, 30000, 1, 0),
(61, 12, '1', '2023-07-07', 181, 1, 7000, 1, 0),
(62, 12, '1', '2023-07-07', 203, 1, 1000, 1, 0),
(63, 12, '1', '2023-07-07', 138, 1, 38000, 1, 0),
(64, 12, '1', '2023-07-07', 46, 1, 58000, 1, 0),
(65, 12, '1', '2023-07-07', 44, 1, 52000, 1, 0),
(66, 13, '1', '2023-07-21', 611, 1, 2000, 1, 0),
(67, 14, '1', '2023-07-21', 204, 1, 2000, 1, 0),
(68, 15, '1', '2023-07-24', 129, 1, 10000, 1, 0),
(69, 15, '1', '2023-07-24', 667, 6, 500, 1, 0),
(70, 15, '1', '2023-07-24', 360, 3, 12000, 1, 0),
(71, 15, '1', '2023-07-24', 562, 1, 2000, 1, 0),
(72, 15, '1', '2023-07-24', 683, 2, 25000, 1, 0),
(75, 16, '1', '2023-07-24', 126, 1, 9000, 1, 0),
(76, 17, '1', '2023-07-24', 678, 1, 22000, 1, 0),
(77, 18, '1', '2023-07-24', 440, 1, 45000, 1, 0),
(78, 19, '1', '2023-07-24', 359, 4, 10000, 1, 10),
(79, 20, '1', '2023-07-24', 456, 1, 25000, 1, 10),
(80, 21, '1', '2023-07-24', 620, 1, 8000, 1, 0),
(81, 22, '1', '2023-07-26', 562, 2, 2000, 1, 0),
(82, 23, '1', '2023-07-26', 684, 1, 5000, 1, 0),
(83, 23, '1', '2023-07-26', 671, 2, 26000, 1, 0),
(85, 24, '1', '2023-07-26', 595, 1, 48000, 1, 10),
(86, 24, '1', '2023-07-26', 562, 5, 2000, 1, 0),
(88, 25, '1', '2023-07-26', 685, 1, 20000, 1, 0),
(89, 25, '1', '2023-07-26', 670, 1, 28000, 1, 0),
(90, 25, '1', '2023-07-26', 431, 1, 26000, 1, 0),
(91, 26, '1', '2023-07-26', 570, 1, 8000, 1, 0),
(92, 27, '1', '2023-07-26', 562, 2, 2000, 1, 10),
(93, 27, '1', '2023-07-26', 64, 1, 34000, 1, 10),
(95, 28, '1', '2023-07-26', 127, 1, 8000, 1, 0),
(96, 29, '1', '2023-07-26', 591, 1, 25000, 1, 0),
(97, 29, '1', '2023-07-26', 129, 1, 10000, 1, 0),
(98, 29, '1', '2023-07-26', 562, 4, 2000, 1, 0),
(99, 29, '1', '2023-07-26', 360, 1, 12000, 1, 0),
(100, 29, '1', '2023-07-26', 667, 4, 500, 1, 0),
(101, 29, '1', '2023-07-26', 686, 1, 70000, 1, 0),
(102, 29, '1', '2023-07-26', 686, 1, 20000, 1, 0),
(103, 30, '1', '2023-07-26', 562, 4, 2000, 1, 0),
(104, 31, '1', '2023-07-27', 126, 1, 9000, 1, 0),
(105, 32, '1', '2023-07-27', 440, 1, 45000, 1, 10),
(106, 33, '1', '2023-07-27', 343, 1, 500, 1, 0),
(107, 34, '1', '2023-07-27', 129, 1, 10000, 1, 0),
(108, 34, '1', '2023-07-27', 667, 4, 500, 1, 0),
(109, 34, '1', '2023-07-27', 450, 1, 10000, 1, 0),
(110, 34, '1', '2023-07-27', 562, 2, 2000, 1, 0),
(111, 34, '1', '2023-07-27', 687, 1, 10000, 1, 0),
(114, 35, '1', '2023-07-27', 178, 1, 3000, 1, 0),
(115, 35, '1', '2023-07-27', 679, 2, 25000, 1, 0),
(116, 35, '1', '2023-07-27', 593, 1, 5000, 1, 0),
(117, 36, '1', '2023-07-27', 680, 2, 28000, 1, 0),
(118, 37, '1', '2023-07-27', 697, 1, 14000, 1, 0),
(119, 38, '1', '2023-07-27', 94, 1, 70000, 1, 0),
(120, 39, '1', '2023-07-27', 129, 1, 10000, 1, 0),
(121, 40, '1', '2023-07-27', 283, 1, 15000, 1, 0),
(122, 40, '1', '2023-07-27', 374, 1, 30000, 1, 0),
(123, 41, '1', '2023-07-28', 704, 1, 2000, 1, 0),
(124, 41, '1', '2023-07-28', 720, 1, 3000, 1, 0),
(126, 42, '1', '2023-07-28', 562, 1, 2000, 1, 0),
(127, 43, '1', '2023-07-28', 630, 1, 29000, 1, 0),
(128, 44, '1', '2023-07-28', 720, 1, 3000, 1, 0),
(129, 45, '1', '2023-07-28', 720, 1, 3000, 1, 0),
(130, 46, '1', '2023-07-28', 64, 1, 34000, 1, 10),
(131, 47, '1', '2023-07-28', 481, 1, 215000, 1, 0),
(132, 48, '1', '2023-07-28', 630, 1, 29000, 1, 10),
(133, 49, '1', '2023-07-28', 167, 1, 15500, 1, 0),
(134, 50, '1', '2023-07-28', 680, 1, 28000, 1, 0),
(135, 51, '1', '2023-07-28', 129, 1, 10000, 1, 0),
(136, 51, '1', '2023-07-28', 360, 1, 12000, 1, 0),
(137, 51, '1', '2023-07-28', 562, 2, 2000, 1, 0),
(138, 51, '1', '2023-07-28', 667, 2, 500, 1, 0),
(142, 52, '1', '2023-07-28', 562, 1, 2000, 1, 0),
(143, 52, '1', '2023-07-28', 129, 1, 10000, 1, 0),
(144, 52, '1', '2023-07-28', 125, 1, 35500, 1, 0),
(145, 52, '1', '2023-07-28', 680, 2, 28000, 1, 0),
(146, 52, '1', '2023-07-28', 667, 4, 500, 1, 0),
(149, 53, '1', '2023-07-28', 701, 2, 5000, 1, 0),
(150, 54, '1', '2023-07-28', 682, 1, 35000, 1, 0),
(151, 55, '1', '2023-07-28', 389, 1, 20000, 1, 0),
(152, 56, '1', '2023-07-28', 127, 3, 8000, 1, 0),
(153, 57, '1', '2023-07-28', 659, 1, 7000, 1, 0),
(154, 57, '1', '2023-07-28', 335, 1, 5000, 1, 0),
(156, 58, '1', '2023-07-28', 712, 2, 500, 1, 0),
(157, 58, '1', '2023-07-28', 697, 1, 15000, 1, 0),
(158, 58, '1', '2023-07-28', 259, 2, 5000, 1, 0),
(159, 58, '1', '2023-07-28', 127, 1, 8000, 1, 0),
(163, 59, '1', '2023-07-28', 710, 1, 500, 1, 0),
(164, 60, '1', '2023-07-28', 105, 1, 22000, 1, 5),
(165, 61, '1', '2023-07-28', 344, 2, 500, 1, 0),
(166, 61, '1', '2023-07-28', 696, 1, 6000, 1, 0),
(168, 62, '1', '2023-07-28', 708, 1, 12000, 1, 0),
(169, 63, '1', '2023-07-28', 680, 1, 28000, 1, 0),
(170, 64, '1', '2023-07-29', 127, 1, 8000, 1, 0),
(171, 65, '1', '2023-07-29', 336, 1, 18000, 1, 0),
(172, 65, '1', '2023-07-29', 24, 1, 4500, 1, 0),
(173, 65, '1', '2023-07-29', 667, 2, 500, 1, 0),
(174, 65, '1', '2023-07-29', 126, 1, 8000, 1, 0),
(178, 66, '1', '2023-07-29', 699, 1, 2000, 1, 0),
(179, 66, '1', '2023-07-29', 712, 1, 500, 1, 0),
(181, 67, '1', '2023-07-29', 378, 1, 60000, 1, 0),
(182, 68, '1', '2023-07-29', 432, 1, 25000, 1, 0),
(183, 69, '1', '2023-07-29', 456, 1, 25000, 1, 10),
(184, 70, '1', '2023-07-29', 734, 1, 65000, 1, 0),
(185, 70, '1', '2023-07-29', 129, 1, 10000, 1, 0),
(186, 70, '1', '2023-07-29', 562, 1, 2000, 1, 0),
(187, 70, '1', '2023-07-29', 667, 4, 500, 1, 0),
(188, 70, '1', '2023-07-29', 450, 3, 10000, 1, 0),
(189, 70, '1', '2023-07-29', 238, 2, 22000, 1, 0),
(191, 71, '1', '2023-07-29', 667, 2, 500, 1, 0),
(192, 71, '1', '2023-07-29', 126, 1, 9000, 1, 0),
(194, 72, '1', '2023-07-29', 680, 2, 28000, 1, 0),
(195, 72, '1', '2023-07-29', 125, 1, 35500, 1, 0),
(196, 72, '1', '2023-07-29', 360, 1, 12000, 1, 0),
(197, 72, '1', '2023-07-29', 633, 2, 15000, 1, 0),
(198, 72, '1', '2023-07-29', 562, 4, 2000, 1, 0),
(201, 73, '1', '2023-07-29', 704, 1, 2000, 1, 0),
(202, 74, '1', '2023-07-29', 256, 2, 300000, 1, 0),
(203, 75, '1', '2023-07-29', 256, 2, 15000, 1, 0),
(204, 76, '1', '2023-07-30', 682, 2, 35000, 1, 0),
(205, 76, '1', '2023-07-30', 489, 1, 10000, 1, 0),
(206, 76, '1', '2023-07-30', 667, 4, 500, 1, 0),
(207, 76, '1', '2023-07-30', 129, 1, 10000, 1, 0),
(208, 76, '1', '2023-07-30', 562, 4, 2000, 1, 0),
(211, 77, '1', '2023-07-30', 483, 1, 95000, 1, 0),
(212, 78, '1', '2023-07-30', 117, 1, 13000, 1, 0),
(213, 79, '1', '2023-07-30', 157, 1, 7000, 1, 0),
(214, 80, '1', '2023-07-30', 132, 1, 5000, 1, 0),
(215, 81, '1', '2023-07-31', 232, 1, 7000, 1, 0),
(216, 82, '1', '2023-07-31', 636, 1, 3000, 1, 0),
(217, 83, '1', '2023-07-31', 283, 2, 15000, 1, 0),
(218, 84, '1', '2023-07-31', 283, 1, 15000, 1, 0),
(219, 84, '1', '2023-07-31', 744, 1, 25000, 1, 0),
(221, 85, '1', '2023-07-31', 671, 2, 26000, 1, 0),
(222, 85, '1', '2023-07-31', 126, 1, 9000, 1, 0),
(223, 85, '1', '2023-07-31', 124, 1, 10000, 1, 0),
(224, 85, '1', '2023-07-31', 698, 1, 5000, 1, 0),
(228, 86, '1', '2023-07-31', 690, 1, 12000, 1, 0),
(229, 86, '1', '2023-07-31', 524, 1, 15000, 1, 0),
(230, 86, '1', '2023-07-31', 663, 1, 8000, 1, 0),
(231, 86, '1', '2023-07-31', 663, 1, 8000, 1, 0),
(232, 86, '1', '2023-07-31', 701, 2, 5000, 1, 0),
(235, 87, '1', '2023-07-31', 126, 2, 9000, 1, 0),
(236, 88, '1', '2023-07-31', 552, 1, 33000, 1, 0),
(237, 88, '1', '2023-07-31', 555, 1, 45000, 1, 0),
(238, 88, '1', '2023-07-31', 553, 1, 32000, 1, 0),
(239, 89, '1', '2023-07-31', 195, 1, 5000, 1, 0),
(240, 89, '1', '2023-07-31', 195, 1, 5000, 1, 0),
(241, 89, '1', '2023-07-31', 206, 1, 18000, 1, 16),
(242, 90, '1', '2023-07-31', 121, 1, 16000, 1, 0),
(243, 90, '1', '2023-07-31', 346, 1, 500, 1, 0),
(244, 90, '1', '2023-07-31', 667, 2, 500, 1, 0),
(245, 91, '1', '2023-07-31', 674, 1, 15000, 1, 0),
(246, 92, '1', '2023-07-31', 681, 1, 30000, 1, 0),
(247, 93, '1', '2023-07-31', 496, 1, 120000, 1, 0),
(248, 94, '1', '2023-07-31', 128, 1, 8000, 1, 0),
(249, 94, '1', '2023-07-31', 562, 1, 2000, 1, 0),
(250, 94, '1', '2023-07-31', 667, 4, 500, 1, 0),
(251, 95, '1', '2023-07-31', 360, 1, 12000, 1, 0),
(252, 96, '1', '2023-07-31', 201, 1, 2000, 1, 0),
(253, 97, '1', '2023-07-31', 168, 2, 24000, 1, -10),
(254, 98, '1', '2023-07-31', 481, 1, 215000, 1, 0),
(255, 99, '1', '2023-08-01', 720, 1, 3000, 1, 0),
(256, 100, '1', '2023-08-01', 127, 1, 8000, 1, 0),
(257, 101, '1', '2023-08-01', 720, 1, 3000, 1, 0),
(258, 101, '1', '2023-08-01', 635, 1, 3000, 1, 0),
(260, 102, '1', '2023-08-01', 405, 1, 58000, 1, 13),
(261, 103, '1', '2023-08-01', 85, 1, 50500, 1, 0),
(262, 104, '2', '2023-08-01', 720, 1, 3000, 1, 0),
(263, 105, '1', '2023-08-01', 439, 1, 4000, 1, 0),
(264, 105, '1', '2023-08-01', 435, 1, 90000, 1, 0),
(265, 105, '1', '2023-08-01', 170, 1, 13000, 1, 0),
(266, 106, '1', '2023-08-01', 674, 1, 15000, 1, 0),
(267, 106, '1', '2023-08-01', 720, 1, 3000, 1, 0),
(269, 107, '1', '2023-08-01', 455, 1, 25000, 1, 0),
(270, 108, '1', '2023-08-01', 178, 1, 3000, 1, 0),
(271, 108, '1', '2023-08-01', 128, 1, 8000, 1, 0),
(272, 108, '1', '2023-08-01', 667, 4, 500, 1, 0),
(273, 108, '1', '2023-08-01', 562, 2, 2000, 1, 0),
(274, 108, '1', '2023-08-01', 698, 1, 5000, 1, 0),
(275, 108, '1', '2023-08-01', 359, 1, 10000, 1, 0),
(276, 108, '1', '2023-08-01', 720, 1, 3000, 1, 0),
(277, 109, '1', '2023-08-01', 111, 1, 20000, 1, 0),
(278, 109, '1', '2023-08-01', 113, 1, 17000, 1, 0),
(280, 110, '1', '2023-08-01', 468, 1, 22000, 1, 0),
(281, 111, '1', '2023-08-01', 682, 1, 35000, 1, 0),
(282, 112, '1', '2023-08-01', 87, 1, 17000, 1, 0),
(283, 112, '1', '2023-08-01', 126, 1, 9000, 1, 0),
(284, 112, '1', '2023-08-01', 83, 1, 7000, 1, 0),
(285, 112, '1', '2023-08-01', 462, 1, 8000, 1, 0),
(289, 113, '1', '2023-08-02', 680, 2, 28000, 1, 0),
(290, 113, '1', '2023-08-02', 125, 1, 35500, 1, 0),
(291, 113, '1', '2023-08-02', 127, 1, 8000, 1, 0),
(292, 114, '1', '2023-08-02', 674, 1, 15000, 1, 0),
(293, 114, '1', '2023-08-02', 720, 1, 3000, 1, 0),
(295, 115, '1', '2023-08-02', 77, 1, 41000, 1, 0),
(296, 115, '1', '2023-08-02', 86, 1, 27000, 1, 0),
(297, 115, '1', '2023-08-02', 720, 1, 3000, 1, 0),
(298, 116, '1', '2023-08-02', 491, 1, 15000, 1, 0),
(299, 117, '1', '2023-08-02', 138, 1, 39000, 1, 0),
(300, 118, '1', '2023-08-02', 210, 1, 14000, 1, 0),
(301, 118, '1', '2023-08-02', 151, 1, 63000, 1, 0),
(302, 118, '1', '2023-08-02', 636, 2, 3000, 1, 0),
(303, 118, '1', '2023-08-02', 630, 1, 29000, 1, 0),
(304, 118, '1', '2023-08-02', 178, 2, 3000, 1, 0),
(305, 118, '1', '2023-08-02', 200, 1, 8000, 1, 0),
(306, 118, '1', '2023-08-02', 219, 1, 22000, 1, 0),
(307, 118, '1', '2023-08-02', 175, 1, 5500, 1, 0),
(308, 118, '1', '2023-08-02', 124, 1, 10000, 1, 0),
(309, 118, '1', '2023-08-02', 194, 1, 22000, 1, 0),
(310, 118, '1', '2023-08-02', 766, 2, 30000, 1, 0),
(311, 118, '1', '2023-08-02', 49, 1, 55000, 1, 0),
(312, 118, '1', '2023-08-02', 50, 1, 260000, 1, 0),
(315, 119, '1', '2023-08-02', 671, 2, 26000, 1, 0),
(316, 120, '1', '2023-08-02', 690, 1, 12000, 1, 0),
(317, 120, '1', '2023-08-02', 672, 1, 22000, 1, 0),
(318, 120, '1', '2023-08-02', 359, 1, 10000, 1, 0),
(319, 121, '1', '2023-08-02', 121, 2, 16000, 1, 10),
(320, 122, '1', '2023-08-03', 682, 1, 30000, 1, 0),
(321, 123, '1', '2023-08-03', 669, 1, 28000, 1, 0),
(322, 124, '1', '2023-08-03', 466, 1, 35000, 1, 0),
(323, 124, '1', '2023-08-03', 680, 1, 28000, 1, 0),
(325, 125, '1', '2023-08-03', 630, 1, 29000, 1, 5),
(326, 126, '1', '2023-08-03', 278, 1, 58000, 1, 0),
(327, 127, '1', '2023-08-03', 385, 1, 100000, 1, 10),
(328, 128, '1', '2023-08-03', 384, 1, 6000, 1, 0),
(329, 129, '1', '2023-08-04', 47, 1, 50000, 1, 0),
(330, 130, '1', '2023-08-04', 481, 1, 215000, 1, 0),
(331, 131, '1', '2023-08-04', 720, 1, 3000, 1, 0),
(332, 132, '1', '2023-08-04', 720, 1, 3000, 1, 0),
(333, 133, '1', '2023-08-04', 166, 1, 13000, 1, 0),
(334, 133, '1', '2023-08-04', 667, 2, 500, 1, 0),
(335, 133, '1', '2023-08-04', 498, 1, 28000, 1, 0),
(336, 134, '1', '2023-08-04', 630, 1, 29000, 1, 0),
(337, 135, '1', '2023-08-04', 680, 2, 28000, 1, 0),
(338, 135, '1', '2023-08-04', 780, 1, 12000, 1, 0),
(340, 136, '1', '2023-08-04', 701, 1, 5000, 1, 0),
(341, 137, '1', '2023-08-04', 431, 1, 26000, 1, 0),
(342, 138, '1', '2023-08-04', 706, 1, 3000, 1, 0),
(343, 139, '1', '2023-08-04', 775, 1, 95000, 1, 0),
(344, 140, '1', '2023-08-04', 67, 1, 8000, 1, 0),
(345, 141, '1', '2023-08-04', 517, 1, 9000, 1, 0),
(346, 142, '1', '2023-08-05', 674, 1, 15000, 1, 0),
(347, 143, '1', '2023-08-05', 735, 1, 170000, 1, 5),
(348, 144, '1', '2023-08-05', 383, 1, 310000, 1, 0),
(349, 145, '1', '2023-08-05', 638, 1, 75000, 1, 0),
(350, 146, '1', '2023-08-05', 437, 1, 22500, 1, 0),
(351, 147, '1', '2023-08-05', 106, 1, 8000, 1, 0),
(352, 148, '1', '2023-08-05', 679, 1, 25000, 1, 0),
(353, 149, '1', '2023-08-05', 681, 1, 34000, 1, 0),
(354, 149, '1', '2023-08-05', 523, 2, 10000, 1, 0),
(356, 150, '1', '2023-08-05', 672, 1, 25000, 1, 0),
(357, 150, '1', '2023-08-05', 194, 1, 22000, 1, 0),
(359, 151, '1', '2023-08-07', 669, 1, 28000, 1, 0),
(360, 152, '1', '2023-08-07', 648, 1, 83000, 1, 0),
(361, 153, '1', '2023-08-08', 601, 1, 32000, 1, 0),
(362, 154, '1', '2023-08-08', 768, 1, 17000, 1, 0),
(363, 155, '1', '2023-08-08', 766, 1, 30000, 1, 0),
(364, 156, '1', '2023-08-08', 669, 2, 28000, 1, 0),
(365, 156, '1', '2023-08-08', 125, 1, 35500, 1, 0),
(366, 156, '1', '2023-08-08', 129, 1, 10000, 1, 0),
(367, 156, '1', '2023-08-08', 761, 1, 5000, 1, 0),
(371, 157, '1', '2023-08-08', 127, 1, 8000, 1, 0),
(372, 158, '1', '2023-08-08', 720, 1, 3000, 1, 0),
(373, 159, '1', '2023-08-08', 430, 1, 26000, 1, 0),
(374, 160, '1', '2023-08-08', 479, 1, 85000, 1, 0),
(375, 161, '1', '2023-08-08', 405, 1, 58000, 1, 0),
(376, 162, '1', '2023-08-08', 680, 4, 28000, 1, 0),
(377, 162, '1', '2023-08-08', 127, 1, 8000, 1, 0),
(378, 162, '1', '2023-08-08', 780, 2, 12000, 1, 0),
(379, 163, '1', '2023-08-08', 738, 1, 50000, 1, 0),
(380, 164, '1', '2023-08-08', 287, 1, 30000, 1, 5),
(381, 165, '1', '2023-08-08', 708, 2, 10000, 1, 0),
(382, 166, '1', '2023-08-08', 127, 1, 8000, 1, 0),
(383, 167, '1', '2023-08-09', 766, 1, 30000, 1, 0),
(384, 167, '1', '2023-08-09', 531, 1, 15000, 1, 0),
(386, 168, '1', '2023-08-09', 212, 1, 10000, 1, 0),
(387, 169, '1', '2023-08-09', 783, 1, 75000, 1, 0),
(388, 170, '1', '2023-08-10', 647, 1, 60000, 1, 10),
(389, 171, '1', '2023-08-10', 562, 2, 2000, 1, 0),
(390, 172, '1', '2023-08-10', 404, 1, 80000, 1, 10),
(391, 173, '1', '2023-08-10', 145, 1, 6000, 1, 0),
(392, 174, '1', '2023-08-10', 720, 1, 3000, 1, 0),
(393, 174, '1', '2023-08-10', 405, 1, 58000, 1, 0),
(395, 175, '1', '2023-08-11', 669, 1, 28000, 1, 0),
(396, 176, '1', '2023-08-11', 600, 1, 30000, 1, 0),
(397, 177, '1', '2023-08-11', 654, 1, 22000, 1, 0),
(398, 177, '1', '2023-08-11', 161, 1, 10000, 1, 0),
(400, 178, '1', '2023-08-11', 720, 1, 3000, 1, 0),
(401, 178, '1', '2023-08-11', 127, 1, 8000, 1, 0),
(402, 178, '1', '2023-08-11', 380, 1, 55000, 1, 0),
(403, 178, '1', '2023-08-11', 562, 2, 2000, 1, 0),
(404, 178, '1', '2023-08-11', 776, 1, 45000, 1, 0),
(405, 178, '1', '2023-08-11', 359, 1, 10000, 1, 0),
(406, 178, '1', '2023-08-11', 450, 1, 10000, 1, 0),
(407, 178, '1', '2023-08-11', 667, 3, 500, 1, 0),
(408, 178, '1', '2023-08-11', 789, 1, 15000, 1, 0),
(415, 179, '1', '2023-08-11', 696, 1, 6000, 1, 0),
(416, 180, '1', '2023-08-11', 454, 1, 25000, 1, 0),
(417, 181, '1', '2023-08-12', 672, 1, 22000, 1, 0),
(418, 182, '1', '2023-08-12', 783, 1, 75000, 1, 10),
(419, 183, '1', '2023-08-12', 671, 2, 25000, 1, 0),
(420, 183, '1', '2023-08-12', 630, 1, 29000, 1, 10),
(422, 184, '1', '2023-08-12', 127, 1, 8000, 1, 0),
(423, 185, '1', '2023-08-12', 630, 1, 29000, 1, 5),
(424, 186, '1', '2023-08-12', 668, 1, 33000, 1, 0),
(425, 187, '1', '2023-08-12', 678, 1, 22000, 1, 0),
(426, 188, '1', '2023-08-12', 295, 1, 23000, 1, 0),
(427, 189, '1', '2023-08-12', 682, 1, 30000, 1, 0),
(428, 190, '1', '2023-08-12', 141, 1, 6000, 1, 0),
(429, 191, '1', '2023-08-12', 694, 1, 12000, 1, 10),
(430, 192, '1', '2023-08-12', 167, 1, 15500, 1, 0),
(431, 192, '1', '2023-08-12', 720, 1, 3000, 1, 0),
(433, 193, '1', '2023-08-12', 704, 1, 2000, 1, 0),
(434, 194, '1', '2023-08-12', 630, 1, 29000, 1, 10),
(435, 194, '1', '2023-08-12', 109, 1, 30000, 1, 10),
(437, 195, '1', '2023-08-12', 438, 1, 49000, 1, 10),
(438, 196, '1', '2023-08-14', 740, 1, 35000, 1, 0),
(439, 197, '1', '2023-08-14', 633, 1, 15000, 1, 0),
(440, 198, '1', '2023-08-14', 21, 1, 8000, 1, 0),
(441, 199, '1', '2023-08-14', 670, 1, 28000, 1, 0),
(442, 200, '1', '2023-08-14', 678, 1, 22000, 1, 0),
(443, 201, '1', '2023-08-14', 681, 1, 34000, 1, 0),
(444, 202, '1', '2023-08-15', 671, 1, 26000, 1, 0),
(445, 202, '1', '2023-08-15', 427, 1, 38000, 1, 0),
(447, 203, '1', '2023-08-15', 129, 2, 10000, 1, 0),
(448, 204, '1', '2023-08-15', 680, 1, 28000, 1, 0),
(449, 205, '1', '2023-08-15', 157, 1, 7000, 1, 0),
(450, 206, '1', '2023-08-15', 385, 1, 100000, 1, 0),
(451, 207, '1', '2023-08-15', 646, 1, 77000, 1, 10),
(452, 208, '1', '2023-08-15', 678, 1, 22000, 1, 0),
(453, 209, '1', '2023-08-15', 789, 1, 15000, 1, 0),
(454, 210, '1', '2023-08-16', 696, 1, 6000, 1, 0),
(455, 210, '1', '2023-08-16', 720, 1, 3000, 1, 0),
(456, 210, '1', '2023-08-16', 659, 2, 7000, 1, 0),
(457, 210, '1', '2023-08-16', 229, 1, 5000, 1, 0),
(458, 210, '1', '2023-08-16', 720, 1, 3000, 1, 0),
(459, 210, '1', '2023-08-16', 344, 6, 500, 1, 0),
(460, 210, '1', '2023-08-16', 391, 1, 20000, 1, 0),
(461, 211, '1', '2023-08-16', 667, 3, 500, 1, 0),
(462, 212, '1', '2023-08-16', 720, 1, 3000, 1, 0),
(463, 213, '1', '2023-08-16', 127, 1, 8000, 1, 0),
(464, 213, '1', '2023-08-16', 498, 2, 28000, 1, 0),
(466, 214, '1', '2023-08-16', 704, 1, 2000, 1, 0),
(467, 214, '1', '2023-08-16', 720, 1, 3000, 1, 0),
(469, 215, '1', '2023-08-16', 158, 1, 11500, 1, 10),
(470, 216, '1', '2023-08-16', 678, 1, 22000, 1, 0),
(471, 217, '1', '2023-08-17', 766, 2, 30000, 1, 0),
(472, 217, '1', '2023-08-17', 127, 1, 8000, 1, 0),
(473, 217, '1', '2023-08-17', 720, 1, 3000, 1, 0),
(474, 218, '1', '2023-08-17', 156, 1, 7000, 1, 0),
(475, 218, '1', '2023-08-17', 124, 1, 10000, 1, 0),
(477, 219, '1', '2023-08-17', 789, 1, 15000, 1, 0),
(478, 220, '1', '2023-08-17', 696, 2, 6000, 1, 0),
(479, 221, '1', '2023-08-18', 234, 1, 15000, 1, 0),
(480, 222, '1', '2023-08-18', 789, 1, 15000, 1, 0),
(481, 223, '1', '2023-08-18', 121, 2, 16000, 1, 0),
(482, 224, '1', '2023-08-18', 706, 2, 3000, 1, 0),
(483, 225, '1', '2023-08-18', 791, 1, 10000, 1, 0),
(484, 226, '1', '2023-08-18', 435, 1, 95000, 1, 0),
(485, 227, '1', '2023-08-18', 141, 1, 6000, 1, 0),
(486, 228, '1', '2023-08-19', 386, 1, 115000, 1, 10),
(487, 229, '1', '2023-08-19', 789, 1, 15000, 1, 0),
(488, 230, '1', '2023-08-19', 176, 1, 22500, 1, 0),
(489, 230, '1', '2023-08-19', 210, 1, 10000, 1, 0),
(491, 231, '1', '2023-08-19', 789, 1, 15000, 1, 0),
(492, 232, '1', '2023-08-19', 474, 1, 145000, 1, 10),
(493, 232, '1', '2023-08-19', 605, 1, 8000, 1, 0),
(495, 233, '1', '2023-08-19', 129, 1, 10000, 1, 0),
(496, 233, '1', '2023-08-19', 667, 4, 500, 1, 0),
(497, 233, '1', '2023-08-19', 562, 1, 2000, 1, 0),
(498, 234, '1', '2023-08-19', 230, 1, 10000, 1, 0),
(499, 235, '1', '2023-08-19', 498, 1, 28000, 1, 0),
(500, 235, '1', '2023-08-19', 694, 1, 12000, 1, 0),
(502, 236, '1', '2023-08-19', 463, 1, 12000, 1, 0),
(503, 237, '1', '2023-08-19', 692, 1, 12000, 1, 10),
(504, 238, '1', '2023-08-19', 138, 1, 46000, 1, 0),
(505, 239, '1', '2023-08-19', 669, 2, 28000, 1, 0),
(506, 240, '1', '2023-08-19', 656, 1, 8000, 1, 0),
(507, 241, '1', '2023-08-21', 156, 1, 7000, 1, 0),
(508, 242, '1', '2023-08-21', 151, 1, 63000, 1, 5),
(509, 243, '1', '2023-08-21', 52, 1, 13000, 1, 0),
(510, 243, '1', '2023-08-21', 433, 1, 20000, 1, 0),
(511, 243, '1', '2023-08-21', 524, 2, 15000, 1, 0),
(512, 243, '1', '2023-08-21', 278, 1, 45000, 1, 0),
(513, 243, '1', '2023-08-21', 363, 1, 45000, 1, 0),
(516, 244, '1', '2023-08-22', 72, 1, 17000, 1, 0),
(517, 245, '1', '2023-08-22', 768, 1, 17000, 1, 0),
(518, 246, '1', '2023-08-22', 54, 2, 7000, 1, 10),
(519, 246, '1', '2023-08-22', 174, 1, 63000, 1, 10),
(521, 247, '1', '2023-08-22', 360, 2, 12000, 1, 0),
(522, 247, '1', '2023-08-22', 667, 4, 500, 1, 0),
(523, 247, '1', '2023-08-22', 562, 4, 2000, 1, 0),
(524, 248, '1', '2023-08-22', 129, 1, 10000, 1, 0),
(525, 248, '1', '2023-08-22', 720, 2, 3000, 1, 0),
(527, 249, '1', '2023-08-22', 597, 1, 56000, 1, 0),
(528, 250, '1', '2023-08-22', 681, 2, 34000, 1, 0),
(529, 250, '1', '2023-08-22', 570, 1, 8000, 1, 0),
(530, 250, '1', '2023-08-22', 796, 1, 20000, 1, 0),
(531, 250, '1', '2023-08-22', 667, 4, 500, 1, 0),
(532, 250, '1', '2023-08-22', 562, 4, 2000, 1, 0),
(535, 251, '1', '2023-08-22', 358, 1, 85000, 1, 10),
(536, 251, '1', '2023-08-22', 298, 1, 10000, 1, 0),
(538, 252, '1', '2023-08-22', 670, 2, 28000, 1, 0),
(539, 253, '1', '2023-08-22', 149, 1, 15000, 1, 0),
(540, 254, '1', '2023-08-22', 465, 1, 10000, 1, 0),
(541, 255, '1', '2023-08-23', 366, 1, 81000, 1, 0),
(542, 255, '1', '2023-08-23', 283, 2, 15000, 1, 0),
(543, 255, '1', '2023-08-23', 126, 2, 9000, 1, 0),
(544, 255, '1', '2023-08-23', 650, 1, 8000, 1, 0),
(548, 256, '1', '2023-08-23', 498, 1, 28000, 1, 0),
(549, 257, '1', '2023-08-23', 126, 1, 9000, 1, 0),
(550, 258, '1', '2023-08-23', 313, 1, 17000, 1, 0),
(551, 259, '1', '2023-08-23', 680, 2, 28000, 1, 0),
(552, 260, '1', '2023-08-23', 720, 1, 3000, 1, 0),
(553, 261, '1', '2023-08-23', 505, 2, 10000, 1, 0),
(554, 261, '1', '2023-08-23', 778, 1, 48000, 1, 0),
(555, 261, '1', '2023-08-23', 453, 2, 25000, 1, 0),
(556, 261, '1', '2023-08-23', 450, 2, 10000, 1, 0),
(557, 261, '1', '2023-08-23', 562, 4, 2000, 1, 0),
(558, 261, '1', '2023-08-23', 207, 1, 2000, 1, 0),
(559, 261, '1', '2023-08-23', 667, 4, 500, 1, 0),
(560, 262, '1', '2023-08-23', 79, 1, 24000, 1, 10),
(561, 263, '1', '2023-08-23', 670, 1, 28000, 1, 0),
(562, 264, '1', '2023-08-23', 792, 1, 95000, 1, 0),
(563, 264, '1', '2023-08-23', 491, 1, 15000, 1, 0),
(565, 265, '1', '2023-08-23', 402, 1, 30000, 1, 0),
(566, 266, '1', '2023-08-24', 506, 1, 78000, 1, 10),
(567, 267, '1', '2023-08-24', 451, 1, 6000, 1, 0),
(568, 268, '1', '2023-08-24', 636, 2, 3000, 1, 10),
(569, 269, '1', '2023-08-24', 796, 1, 20000, 1, 0),
(570, 269, '1', '2023-08-24', 562, 2, 2000, 1, 0),
(571, 269, '1', '2023-08-24', 667, 4, 500, 1, 0),
(572, 269, '1', '2023-08-24', 450, 1, 10000, 1, 0),
(576, 270, '1', '2023-08-24', 454, 1, 25000, 1, 10),
(577, 270, '1', '2023-08-24', 450, 1, 10000, 1, 0),
(579, 271, '1', '2023-08-24', 127, 3, 8000, 1, 0),
(580, 271, '1', '2023-08-24', 777, 1, 10000, 1, 0),
(582, 272, '1', '2023-08-24', 126, 1, 9000, 1, 0),
(583, 272, '1', '2023-08-24', 789, 1, 15000, 1, 0),
(585, 273, '1', '2023-08-24', 363, 1, 45000, 1, 10),
(586, 274, '1', '2023-08-24', 680, 2, 28000, 1, 0),
(587, 274, '1', '2023-08-24', 667, 4, 500, 1, 0),
(589, 275, '1', '2023-08-24', 668, 2, 33000, 1, 0),
(590, 275, '1', '2023-08-24', 124, 1, 10000, 1, 0),
(591, 275, '1', '2023-08-24', 178, 1, 3000, 1, 0),
(592, 276, '1', '2023-08-24', 728, 1, 95000, 1, 15),
(593, 277, '1', '2023-08-24', 528, 1, 14000, 1, 0),
(594, 277, '1', '2023-08-24', 110, 1, 25000, 1, 0),
(595, 277, '1', '2023-08-24', 155, 1, 5000, 1, 0),
(596, 277, '1', '2023-08-24', 591, 1, 25000, 1, 0),
(597, 277, '1', '2023-08-24', 796, 1, 20000, 1, 0),
(598, 277, '1', '2023-08-24', 359, 1, 10000, 1, 0),
(599, 277, '1', '2023-08-24', 562, 2, 2000, 1, 0),
(600, 277, '1', '2023-08-24', 667, 4, 500, 1, 0),
(601, 277, '1', '2023-08-24', 766, 1, 30000, 1, 0),
(608, 278, '1', '2023-08-24', 691, 1, 18000, 1, 0),
(609, 279, '1', '2023-08-24', 766, 1, 30000, 1, 0),
(610, 280, '1', '2023-08-24', 126, 1, 9000, 1, 0),
(611, 281, '1', '2023-08-25', 127, 1, 8000, 1, 0),
(612, 281, '1', '2023-08-25', 668, 2, 33000, 1, 0),
(613, 281, '1', '2023-08-25', 124, 1, 10000, 1, 0),
(614, 282, '1', '2023-08-25', 667, 8, 500, 1, 0),
(615, 283, '1', '2023-08-25', 677, 1, 48000, 1, 0),
(616, 284, '1', '2023-08-25', 283, 1, 15000, 1, 0),
(617, 284, '1', '2023-08-25', 530, 1, 25000, 1, 0),
(618, 284, '1', '2023-08-25', 468, 1, 25000, 1, 0),
(619, 285, '1', '2023-08-25', 127, 1, 8000, 1, 0),
(620, 286, '1', '2023-08-25', 509, 1, 6000, 1, 0),
(621, 286, '1', '2023-08-25', 540, 1, 69000, 1, 0),
(623, 287, '1', '2023-08-25', 127, 1, 8000, 1, 0),
(624, 287, '1', '2023-08-25', 671, 1, 26000, 1, 0),
(626, 288, '1', '2023-08-25', 600, 1, 30000, 1, 10),
(627, 289, '1', '2023-08-25', 127, 1, 8000, 1, 0),
(628, 290, '1', '2023-08-26', 789, 1, 15000, 1, 0),
(629, 290, '1', '2023-08-26', 127, 1, 8000, 1, 0),
(630, 290, '1', '2023-08-26', 372, 1, 100000, 1, 0),
(631, 290, '1', '2023-08-26', 678, 1, 22000, 1, 0),
(635, 291, '1', '2023-08-26', 704, 1, 2000, 1, 0),
(636, 292, '1', '2023-08-26', 720, 1, 3000, 1, 0),
(637, 293, '1', '2023-08-26', 125, 1, 35500, 1, 0),
(638, 293, '1', '2023-08-26', 261, 1, 6000, 1, 0),
(639, 293, '1', '2023-08-26', 797, 1, 13000, 1, 0),
(640, 293, '1', '2023-08-26', 562, 4, 2000, 1, 0),
(641, 293, '1', '2023-08-26', 667, 4, 500, 1, 0),
(642, 293, '1', '2023-08-26', 361, 1, 12000, 1, 0),
(643, 293, '1', '2023-08-26', 562, 4, 2000, 1, 0),
(644, 293, '1', '2023-08-26', 207, 1, 1000, 1, 0),
(645, 293, '1', '2023-08-26', 797, 1, 13000, 1, 0),
(646, 293, '1', '2023-08-26', 667, 4, 500, 1, 0),
(647, 293, '1', '2023-08-26', 720, 1, 3000, 1, 0),
(652, 294, '1', '2023-08-26', 699, 1, 2000, 1, 0),
(653, 295, '1', '2023-08-26', 797, 1, 13000, 1, 0),
(654, 295, '1', '2023-08-26', 311, 1, 17000, 1, 0),
(655, 295, '1', '2023-08-26', 428, 1, 6000, 1, 0),
(656, 295, '1', '2023-08-26', 527, 1, 15000, 1, 0),
(657, 295, '1', '2023-08-26', 659, 1, 7000, 1, 0),
(660, 296, '1', '2023-08-26', 498, 1, 28000, 1, 0),
(661, 297, '1', '2023-08-26', 720, 1, 3000, 1, 0),
(662, 298, '1', '2023-08-28', 383, 1, 315000, 1, 0),
(663, 298, '1', '2023-08-28', 789, 1, 15000, 1, 0),
(664, 298, '1', '2023-08-28', 670, 2, 28000, 1, 0),
(665, 299, '1', '2023-08-28', 704, 1, 2000, 1, 0),
(666, 300, '1', '2023-08-28', 241, 1, 2000, 1, 0),
(667, 301, '1', '2023-08-28', 789, 1, 15000, 1, 0),
(668, 301, '1', '2023-08-28', 241, 1, 2000, 1, 0),
(669, 301, '1', '2023-08-28', 466, 1, 35000, 1, 0),
(670, 301, '1', '2023-08-28', 126, 1, 9000, 1, 0),
(671, 301, '1', '2023-08-28', 463, 1, 12000, 1, 0),
(674, 302, '1', '2023-08-28', 377, 1, 90000, 1, 0),
(675, 303, '1', '2023-08-28', 630, 1, 29000, 1, 0),
(676, 304, '1', '2023-08-28', 707, 1, 12000, 1, 0),
(677, 304, '1', '2023-08-28', 761, 1, 5000, 1, 0),
(679, 305, '1', '2023-08-28', 305, 1, 8000, 1, 0),
(680, 306, '1', '2023-08-28', 506, 1, 78000, 1, 0),
(681, 307, '1', '2023-08-28', 797, 1, 13000, 1, 0),
(682, 308, '1', '2023-08-28', 680, 2, 28000, 1, 0),
(683, 308, '1', '2023-08-28', 562, 2, 2000, 1, 0),
(684, 308, '1', '2023-08-28', 127, 1, 8000, 1, 0),
(685, 308, '1', '2023-08-28', 667, 4, 500, 1, 0),
(689, 309, '1', '2023-08-28', 259, 2, 7000, 1, 0),
(690, 309, '1', '2023-08-28', 709, 5, 2500, 1, 0),
(691, 309, '1', '2023-08-28', 251, 1, 4000, 1, 0),
(692, 309, '1', '2023-08-28', 714, 1, 30000, 1, 0),
(693, 309, '1', '2023-08-28', 699, 1, 2000, 1, 0),
(696, 310, '1', '2023-08-29', 669, 1, 28000, 1, 0),
(697, 311, '1', '2023-08-29', 127, 1, 8000, 1, 0),
(698, 311, '1', '2023-08-29', 809, 1, 6000, 1, 0),
(699, 311, '1', '2023-08-29', 531, 1, 15000, 1, 0),
(700, 311, '1', '2023-08-29', 195, 2, 5000, 1, 0),
(704, 312, '1', '2023-08-29', 533, 2, 25000, 1, 0),
(705, 313, '1', '2023-08-29', 766, 2, 30000, 1, 0),
(706, 313, '1', '2023-08-29', 125, 1, 35500, 1, 0),
(708, 314, '1', '2023-08-29', 680, 1, 28000, 1, 0),
(709, 315, '1', '2023-08-29', 778, 1, 45000, 1, 10),
(710, 316, '1', '2023-08-29', 570, 1, 8000, 1, 10),
(711, 317, '1', '2023-08-29', 688, 1, 12000, 1, 0),
(712, 318, '1', '2023-08-29', 793, 1, 120000, 1, 0),
(713, 319, '1', '2023-08-29', 671, 2, 26000, 1, 0),
(714, 320, '1', '2023-08-29', 463, 1, 12000, 1, 0),
(715, 321, '1', '2023-08-29', 720, 1, 3000, 1, 0),
(716, 321, '1', '2023-08-29', 704, 1, 3000, 1, 0),
(718, 322, '1', '2023-08-29', 384, 1, 6000, 1, 0),
(719, 323, '1', '2023-08-29', 639, 1, 18000, 1, 0),
(720, 324, '1', '2023-08-30', 789, 1, 15000, 1, 0),
(721, 325, '1', '2023-08-30', 126, 1, 9000, 1, 0),
(722, 326, '1', '2023-08-30', 346, 2, 500, 1, 0),
(723, 326, '1', '2023-08-30', 713, 1, 500, 1, 0),
(725, 327, '1', '2023-08-30', 378, 2, 60000, 1, 0),
(726, 328, '1', '2023-08-30', 466, 1, 35000, 1, 0),
(727, 328, '1', '2023-08-30', 671, 2, 26000, 1, 0),
(728, 328, '1', '2023-08-30', 751, 1, 5000, 1, 0),
(729, 329, '1', '2023-08-30', 126, 1, 9000, 1, 0),
(730, 330, '1', '2023-08-30', 682, 2, 30000, 1, 0),
(731, 331, '1', '2023-08-30', 463, 1, 12000, 1, 0),
(732, 331, '1', '2023-08-30', 507, 1, 6000, 1, 0),
(733, 331, '1', '2023-08-30', 127, 1, 8000, 1, 0),
(734, 332, '1', '2023-08-30', 720, 1, 3000, 1, 0),
(735, 333, '1', '2023-08-30', 143, 1, 4000, 1, 0),
(736, 334, '1', '2023-08-30', 126, 1, 9000, 1, 0),
(737, 335, '1', '2023-08-30', 575, 2, 43000, 1, 0),
(738, 335, '1', '2023-08-30', 371, 1, 96000, 1, 0),
(739, 335, '1', '2023-08-30', 604, 1, 30000, 1, 0),
(740, 335, '1', '2023-08-30', 375, 1, 29000, 1, 0),
(741, 335, '1', '2023-08-30', 268, 1, 70000, 1, 0),
(742, 335, '1', '2023-08-30', 707, 1, 12000, 1, 0),
(743, 335, '1', '2023-08-30', 374, 1, 30000, 1, 0),
(744, 335, '1', '2023-08-30', 667, 3, 500, 1, 0),
(745, 335, '1', '2023-08-30', 681, 2, 34000, 1, 0),
(746, 335, '1', '2023-08-30', 127, 1, 8000, 1, 0),
(752, 336, '1', '2023-08-30', 216, 1, 10000, 1, 0),
(753, 336, '1', '2023-08-30', 454, 1, 20000, 1, 0),
(755, 337, '1', '2023-08-30', 466, 1, 31000, 1, 0),
(756, 338, '1', '2023-08-30', 797, 1, 13000, 1, 0),
(757, 338, '1', '2023-08-30', 562, 2, 2000, 1, 0),
(758, 338, '1', '2023-08-30', 667, 2, 500, 1, 0),
(759, 338, '1', '2023-08-30', 359, 1, 10000, 1, 0),
(760, 338, '1', '2023-08-30', 562, 1, 2000, 1, 0),
(761, 338, '1', '2023-08-30', 207, 1, 500, 1, 0),
(762, 338, '1', '2023-08-30', 720, 1, 3000, 1, 0),
(763, 338, '1', '2023-08-30', 704, 1, 2000, 1, 0),
(764, 338, '1', '2023-08-30', 667, 2, 500, 1, 0),
(771, 339, '1', '2023-08-30', 699, 1, 1000, 1, 0),
(772, 339, '1', '2023-08-30', 667, 3, 500, 1, 0),
(773, 339, '1', '2023-08-30', 591, 1, 25000, 1, 0),
(774, 339, '1', '2023-08-30', 797, 1, 13000, 1, 0),
(775, 339, '1', '2023-08-30', 207, 3, 500, 1, 0),
(778, 340, '1', '2023-08-30', 720, 1, 3000, 1, 0),
(779, 340, '1', '2023-08-30', 771, 1, 22000, 1, 0),
(781, 341, '1', '2023-08-30', 707, 1, 12000, 1, 0),
(782, 342, '1', '2023-08-30', 723, 1, 27100, 1, 0),
(783, 343, '1', '2023-08-30', 672, 1, 25000, 1, 0),
(784, 343, '1', '2023-08-30', 127, 1, 8000, 1, 0),
(786, 344, '1', '2023-08-30', 158, 1, 11500, 1, 0),
(787, 345, '1', '2023-08-31', 789, 1, 15000, 1, 0),
(788, 346, '1', '2023-08-31', 669, 2, 28000, 1, 0),
(789, 347, '1', '2023-08-31', 667, 3, 500, 1, 0),
(790, 348, '1', '2023-08-31', 720, 2, 3000, 1, 0),
(791, 349, '1', '2023-08-31', 403, 1, 16000, 1, 0),
(792, 350, '1', '2023-08-31', 283, 1, 15000, 1, 0),
(793, 351, '1', '2023-08-31', 792, 1, 95000, 1, 0),
(794, 351, '1', '2023-08-31', 491, 1, 15000, 1, 0),
(796, 352, '1', '2023-08-31', 308, 1, 15000, 1, 0),
(797, 353, '1', '2023-08-31', 682, 2, 30000, 1, 0),
(798, 353, '1', '2023-08-31', 560, 1, 29000, 1, 0),
(799, 353, '1', '2023-08-31', 593, 1, 5000, 1, 0),
(800, 354, '1', '2023-09-01', 761, 1, 5000, 1, 0),
(801, 354, '1', '2023-09-01', 789, 1, 15000, 1, 0),
(803, 355, '1', '2023-09-01', 236, 1, 70000, 1, 0),
(804, 356, '1', '2023-09-01', 720, 1, 3000, 1, 0),
(805, 357, '1', '2023-09-01', 62, 2, 35000, 1, 0),
(806, 358, '1', '2023-09-01', 720, 1, 3000, 1, 0),
(807, 359, '1', '2023-09-01', 720, 1, 3000, 1, 0),
(808, 359, '1', '2023-09-01', 704, 1, 2000, 1, 0),
(809, 359, '1', '2023-09-01', 177, 2, 7600, 1, 0),
(810, 359, '1', '2023-09-01', 207, 1, 1000, 1, 0),
(814, 360, '1', '2023-09-01', 706, 2, 3000, 1, 0),
(815, 360, '1', '2023-09-01', 127, 1, 8000, 1, 0),
(816, 360, '1', '2023-09-01', 636, 1, 3000, 1, 0),
(817, 361, '1', '2023-09-01', 789, 1, 15000, 1, 0),
(818, 362, '1', '2023-09-01', 62, 2, 35000, 1, 10),
(819, 363, '1', '2023-09-01', 771, 1, 15000, 1, 0),
(820, 364, '1', '2023-09-01', 778, 2, 48000, 1, 10),
(821, 365, '1', '2023-09-01', 528, 1, 14000, 1, 0),
(822, 365, '1', '2023-09-01', 533, 2, 25000, 1, 0),
(823, 365, '1', '2023-09-01', 530, 1, 25000, 1, 0),
(824, 366, '1', '2023-09-01', 680, 2, 28000, 1, 0),
(825, 366, '1', '2023-09-01', 796, 1, 20000, 1, 0),
(826, 366, '1', '2023-09-01', 780, 1, 12000, 1, 0),
(827, 367, '1', '2023-09-01', 179, 4, 3000, 1, 10),
(828, 368, '1', '2023-09-02', 127, 1, 8000, 1, 0),
(829, 368, '1', '2023-09-02', 680, 2, 28000, 1, 0),
(830, 368, '1', '2023-09-02', 669, 1, 28000, 1, 0),
(831, 368, '1', '2023-09-02', 671, 1, 26000, 1, 0),
(832, 368, '1', '2023-09-02', 766, 1, 30000, 1, 0),
(833, 368, '1', '2023-09-02', 72, 1, 17000, 1, 0),
(834, 368, '1', '2023-09-02', 720, 1, 3000, 1, 0),
(835, 368, '1', '2023-09-02', 80, 1, 24000, 1, 0),
(843, 369, '1', '2023-09-02', 498, 2, 25000, 1, 0),
(844, 370, '1', '2023-09-02', 127, 1, 8000, 1, 0),
(845, 371, '1', '2023-09-02', 498, 1, 20000, 1, 0),
(846, 371, '1', '2023-09-02', 498, 1, 28000, 1, 0),
(847, 371, '1', '2023-09-02', 464, 2, 10000, 1, 0),
(848, 372, '1', '2023-09-02', 206, 2, 9800, 1, 0),
(849, 372, '1', '2023-09-02', 809, 1, 6000, 1, 0),
(851, 373, '1', '2023-09-02', 359, 1, 10000, 1, 10),
(852, 374, '1', '2023-09-02', 127, 2, 8000, 1, 0),
(853, 375, '1', '2023-09-02', 121, 1, 16000, 1, 0),
(854, 376, '1', '2023-09-02', 633, 1, 15000, 1, 0),
(855, 377, '1', '2023-09-02', 808, 1, 20000, 1, 0),
(856, 378, '1', '2023-09-02', 766, 2, 30000, 1, 0),
(857, 379, '1', '2023-09-02', 782, 1, 180000, 1, 0),
(858, 379, '1', '2023-09-02', 797, 1, 13000, 1, 0),
(859, 379, '1', '2023-09-02', 359, 1, 10000, 1, 0),
(860, 380, '1', '2023-09-02', 490, 1, 10000, 1, 0),
(861, 381, '1', '2023-09-02', 654, 1, 30000, 1, 0),
(862, 381, '1', '2023-09-02', 450, 1, 10000, 1, 0),
(863, 381, '1', '2023-09-02', 778, 1, 45000, 1, 0),
(864, 381, '1', '2023-09-02', 128, 1, 8000, 1, 0),
(865, 381, '1', '2023-09-02', 562, 1, 2000, 1, 0),
(866, 381, '1', '2023-09-02', 562, 1, 2000, 1, 0),
(867, 381, '1', '2023-09-02', 498, 2, 28000, 1, 0),
(868, 381, '1', '2023-09-02', 667, 3, 500, 1, 0),
(876, 382, '1', '2023-09-02', 704, 1, 2000, 1, 0),
(877, 383, '1', '2023-09-02', 417, 1, 45000, 1, 0),
(878, 384, '1', '2023-09-02', 359, 1, 10000, 1, 0),
(879, 385, '1', '2023-09-02', 117, 1, 13000, 1, 0),
(880, 386, '1', '2023-09-02', 789, 2, 15000, 1, 0),
(881, 387, '1', '2023-09-02', 464, 1, 10000, 1, 0),
(882, 388, '1', '2023-09-02', 530, 1, 25000, 1, 0),
(883, 388, '1', '2023-09-02', 283, 1, 13000, 1, 0),
(884, 388, '1', '2023-09-02', 127, 2, 8000, 1, 0),
(885, 389, '1', '2023-09-02', 720, 2, 3000, 1, 0),
(886, 390, '1', '2023-09-02', 503, 2, 28000, 1, 10),
(887, 390, '1', '2023-09-02', 450, 2, 10000, 1, 10),
(889, 391, '1', '2023-09-02', 408, 1, 44000, 1, 0),
(890, 391, '1', '2023-09-02', 389, 1, 20000, 1, 10),
(891, 391, '1', '2023-09-02', 791, 1, 10000, 1, 0),
(892, 391, '1', '2023-09-02', 820, 1, 35000, 1, 0),
(896, 392, '1', '2023-09-02', 633, 2, 15000, 1, 0),
(897, 393, '1', '2023-09-02', 636, 2, 3000, 1, 0),
(898, 394, '1', '2023-09-04', 789, 1, 15000, 1, 0),
(899, 395, '1', '2023-09-04', 678, 1, 22000, 1, 0),
(900, 395, '1', '2023-09-04', 560, 1, 28000, 1, 0),
(902, 396, '1', '2023-09-04', 780, 1, 11000, 1, 0),
(903, 396, '1', '2023-09-04', 680, 2, 28000, 1, 0),
(905, 397, '1', '2023-09-04', 301, 1, 40000, 1, 0),
(906, 397, '1', '2023-09-04', 670, 1, 28000, 1, 0),
(908, 398, '1', '2023-09-04', 769, 1, 25000, 1, 0),
(909, 398, '1', '2023-09-04', 498, 1, 28000, 1, 0),
(911, 399, '1', '2023-09-04', 680, 2, 28000, 1, 0),
(912, 400, '1', '2023-09-04', 126, 1, 9000, 1, 0),
(913, 401, '1', '2023-09-04', 670, 1, 28000, 1, 0),
(914, 402, '1', '2023-09-04', 427, 1, 38000, 1, 10),
(915, 403, '1', '2023-09-04', 789, 1, 15000, 1, 0),
(916, 404, '1', '2023-09-04', 161, 1, 10000, 1, 0),
(917, 404, '1', '2023-09-04', 562, 1, 2000, 1, 0),
(918, 404, '1', '2023-09-04', 667, 2, 500, 1, 0),
(919, 405, '1', '2023-09-06', 766, 2, 30000, 1, 0),
(920, 406, '1', '2023-09-07', 129, 1, 10000, 1, 0),
(921, 407, '1', '2023-09-07', 450, 1, 10000, 1, 0),
(922, 407, '1', '2023-09-07', 632, 1, 5500, 1, 0),
(923, 407, '1', '2023-09-07', 128, 1, 8000, 1, 0),
(924, 407, '1', '2023-09-07', 667, 2, 500, 1, 0),
(928, 408, '1', '2023-09-07', 721, 1, 13000, 1, 0),
(929, 408, '1', '2023-09-07', 539, 1, 25000, 1, 0),
(930, 408, '1', '2023-09-07', 538, 1, 25000, 1, 0),
(931, 408, '1', '2023-09-07', 128, 1, 8000, 1, 0),
(932, 408, '1', '2023-09-07', 662, 1, 15000, 1, 0),
(935, 409, '1', '2023-09-07', 467, 1, 40000, 1, 0),
(936, 410, '1', '2023-09-07', 777, 1, 10000, 1, 0),
(937, 411, '1', '2023-09-07', 780, 1, 12000, 1, 0),
(938, 412, '1', '2023-09-07', 62, 2, 35000, 1, 0),
(939, 413, '1', '2023-09-07', 599, 1, 32000, 1, 0),
(940, 413, '1', '2023-09-07', 800, 1, 80000, 1, 0),
(942, 414, '1', '2023-09-07', 714, 1, 30000, 1, 0),
(943, 415, '1', '2023-09-07', 715, 2, 8000, 1, 0),
(944, 416, '1', '2023-09-08', 52, 1, 13000, 1, 0),
(945, 417, '1', '2023-09-08', 374, 1, 30000, 1, 10),
(946, 418, '1', '2023-09-08', 786, 2, 26000, 1, 0),
(947, 419, '1', '2023-09-08', 792, 1, 95000, 1, 0),
(948, 420, '1', '2023-09-08', 454, 1, 25000, 1, 0),
(949, 421, '1', '2023-09-08', 682, 2, 30000, 1, 0),
(950, 422, '1', '2023-09-08', 389, 1, 20000, 1, 0),
(951, 423, '1', '2023-09-08', 206, 2, 10000, 1, 10),
(952, 423, '1', '2023-09-08', 62, 1, 35000, 1, 10),
(953, 423, '1', '2023-09-08', 64, 1, 34000, 1, 10),
(954, 423, '1', '2023-09-08', 206, 2, 10000, 1, 0),
(955, 423, '1', '2023-09-08', 691, 1, 18000, 1, 0),
(958, 424, '1', '2023-09-08', 129, 1, 10000, 1, 0),
(959, 424, '1', '2023-09-08', 360, 1, 12000, 1, 0),
(960, 424, '1', '2023-09-08', 127, 1, 8000, 1, 0),
(961, 424, '1', '2023-09-08', 680, 2, 28000, 1, 0),
(962, 424, '1', '2023-09-08', 667, 4, 500, 1, 0),
(965, 425, '1', '2023-09-08', 126, 1, 9000, 1, 0),
(966, 425, '1', '2023-09-08', 706, 1, 3000, 1, 0),
(968, 426, '1', '2023-09-08', 498, 3, 28000, 1, 0),
(969, 426, '1', '2023-09-08', 126, 1, 9000, 1, 0),
(971, 427, '1', '2023-09-09', 793, 2, 120000, 1, 0),
(972, 428, '1', '2023-09-09', 279, 1, 25000, 1, 0),
(973, 428, '1', '2023-09-09', 383, 1, 370000, 1, 0),
(975, 429, '1', '2023-09-09', 393, 1, 24000, 1, 0),
(976, 429, '1', '2023-09-09', 394, 1, 24000, 1, 0),
(978, 430, '1', '2023-09-09', 486, 1, 65000, 1, 0),
(979, 430, '1', '2023-09-09', 734, 1, 65000, 1, 0),
(980, 430, '1', '2023-09-09', 505, 2, 10000, 1, 0),
(981, 431, '1', '2023-09-09', 188, 1, 12000, 1, 0),
(982, 432, '1', '2023-09-09', 667, 5, 500, 1, 0),
(983, 433, '1', '2023-09-09', 797, 1, 13000, 1, 0),
(984, 433, '1', '2023-09-09', 454, 1, 25000, 1, 0),
(986, 434, '1', '2023-09-09', 112, 1, 11000, 1, 0),
(987, 434, '1', '2023-09-09', 111, 1, 20000, 1, 0),
(989, 435, '1', '2023-09-09', 632, 1, 5500, 1, 0),
(990, 436, '1', '2023-09-09', 766, 1, 30000, 1, 0),
(991, 437, '1', '2023-09-09', 127, 1, 8000, 1, 0),
(992, 438, '1', '2023-09-09', 127, 1, 8000, 1, 0),
(993, 439, '1', '2023-09-09', 634, 1, 30000, 1, 0),
(994, 439, '1', '2023-09-09', 805, 1, 25000, 1, 0),
(996, 440, '1', '2023-09-09', 779, 1, 17000, 1, 0),
(997, 440, '1', '2023-09-09', 667, 4, 500, 1, 0),
(998, 440, '1', '2023-09-09', 360, 1, 12000, 1, 0),
(999, 440, '1', '2023-09-09', 86, 1, 27000, 1, 0),
(1003, 441, '1', '2023-09-09', 84, 1, 196000, 1, 0),
(1004, 441, '1', '2023-09-09', 454, 1, 25000, 1, 0),
(1006, 442, '1', '2023-09-09', 789, 1, 15000, 1, 0),
(1007, 443, '3', '2023-09-09', 805, 1, 25000, 1, 0),
(1008, 443, '3', '2023-09-09', 634, 1, 30000, 1, 0),
(1009, 443, '3', '2023-09-09', 591, 1, 25000, 1, 0),
(1010, 444, '1', '2023-09-09', 221, 1, 45000, 1, 10),
(1011, 444, '1', '2023-09-09', 423, 1, 35000, 1, 10),
(1012, 444, '1', '2023-09-09', 240, 1, 17000, 1, 10),
(1013, 444, '1', '2023-09-09', 713, 4, 500, 1, 0),
(1017, 445, '1', '2023-09-09', 283, 1, 15000, 1, 0),
(1018, 445, '1', '2023-09-09', 530, 1, 25000, 1, 0),
(1020, 446, '1', '2023-09-09', 680, 2, 28000, 1, 0),
(1021, 446, '1', '2023-09-09', 780, 1, 12000, 1, 0),
(1023, 447, '1', '2023-09-11', 126, 1, 9000, 1, 0),
(1024, 448, '1', '2023-09-11', 437, 1, 25000, 1, 0),
(1025, 449, '1', '2023-09-11', 73, 1, 118000, 1, 0),
(1026, 450, '1', '2023-09-11', 375, 1, 38000, 1, 0),
(1027, 451, '1', '2023-09-11', 720, 1, 3000, 1, 0),
(1028, 452, '1', '2023-09-11', 259, 2, 7000, 1, 0),
(1029, 453, '1', '2023-09-11', 129, 1, 10000, 1, 0),
(1030, 453, '1', '2023-09-11', 667, 5, 500, 1, 0),
(1031, 453, '1', '2023-09-11', 450, 1, 10000, 1, 0),
(1032, 453, '1', '2023-09-11', 668, 2, 33000, 1, 0),
(1033, 453, '1', '2023-09-11', 779, 1, 17000, 1, 0),
(1034, 454, '1', '2023-09-12', 253, 1, 12000, 1, 0),
(1035, 455, '1', '2023-09-12', 813, 1, 5000, 1, 0),
(1036, 456, '1', '2023-09-12', 175, 1, 5500, 1, 10),
(1037, 456, '1', '2023-09-12', 767, 1, 12000, 1, 10),
(1038, 456, '1', '2023-09-12', 200, 1, 8000, 1, 10),
(1039, 456, '1', '2023-09-12', 636, 1, 3000, 1, 10),
(1040, 456, '1', '2023-09-12', 178, 1, 3000, 1, 10),
(1041, 456, '1', '2023-09-12', 117, 1, 13000, 1, 10),
(1042, 456, '1', '2023-09-12', 50, 1, 250650, 1, 0),
(1043, 457, '1', '2023-09-12', 676, 2, 38000, 1, 0),
(1044, 458, '1', '2023-09-12', 115, 1, 5000, 1, 0),
(1045, 458, '1', '2023-09-12', 346, 2, 500, 1, 0),
(1047, 459, '1', '2023-09-12', 363, 1, 45000, 1, 10),
(1048, 460, '1', '2023-09-12', 678, 1, 25000, 1, 0),
(1049, 461, '1', '2023-09-12', 236, 1, 30000, 1, 0),
(1050, 462, '1', '2023-09-12', 720, 1, 3000, 1, 0),
(1051, 463, '1', '2023-09-13', 270, 1, 7000, 1, 0),
(1052, 463, '1', '2023-09-13', 670, 1, 28000, 1, 0),
(1054, 464, '1', '2023-09-13', 155, 1, 5000, 1, 0),
(1055, 465, '1', '2023-09-13', 667, 2, 500, 1, 0),
(1056, 466, '1', '2023-09-13', 682, 2, 30000, 1, 0),
(1057, 467, '1', '2023-09-13', 62, 2, 35000, 1, 0),
(1058, 467, '1', '2023-09-13', 166, 2, 13000, 1, 0),
(1059, 467, '1', '2023-09-13', 145, 1, 4000, 1, 0),
(1060, 467, '1', '2023-09-13', 64, 1, 34000, 1, 0),
(1064, 468, '1', '2023-09-13', 126, 1, 9000, 1, 0),
(1065, 468, '1', '2023-09-13', 769, 1, 25000, 1, 0),
(1067, 469, '1', '2023-09-13', 374, 1, 30000, 1, 0),
(1068, 470, '1', '2023-09-13', 670, 1, 28000, 1, 0),
(1069, 471, '1', '2023-09-13', 682, 2, 30000, 1, 0),
(1070, 471, '1', '2023-09-13', 129, 1, 10000, 1, 0),
(1071, 471, '1', '2023-09-13', 667, 6, 500, 1, 0),
(1072, 471, '1', '2023-09-13', 489, 2, 10000, 1, 0),
(1073, 471, '1', '2023-09-13', 581, 1, 7000, 1, 0),
(1076, 472, '1', '2023-09-13', 818, 1, 44000, 1, 10),
(1077, 473, '1', '2023-09-13', 680, 2, 28000, 1, 0),
(1078, 473, '1', '2023-09-13', 129, 1, 10000, 1, 0),
(1079, 473, '1', '2023-09-13', 126, 1, 9000, 1, 0),
(1080, 473, '1', '2023-09-13', 667, 4, 500, 1, 0),
(1081, 473, '1', '2023-09-13', 360, 1, 12000, 1, 0),
(1084, 474, '1', '2023-09-13', 126, 1, 9000, 1, 0),
(1085, 475, '1', '2023-09-13', 721, 2, 13000, 1, 0),
(1086, 475, '1', '2023-09-13', 128, 1, 8000, 1, 0),
(1087, 475, '1', '2023-09-13', 360, 1, 12000, 1, 0),
(1088, 475, '1', '2023-09-13', 450, 1, 10000, 1, 0),
(1089, 475, '1', '2023-09-13', 359, 2, 10000, 1, 0),
(1090, 475, '1', '2023-09-13', 486, 1, 70000, 1, 0),
(1091, 475, '1', '2023-09-13', 102, 1, 183000, 1, 0),
(1092, 475, '1', '2023-09-13', 179, 2, 3000, 1, 0),
(1093, 475, '1', '2023-09-13', 195, 2, 5000, 1, 0),
(1094, 475, '1', '2023-09-13', 822, 1, 15000, 1, 0),
(1095, 475, '1', '2023-09-13', 62, 2, 35000, 1, 0),
(1096, 475, '1', '2023-09-13', 531, 1, 15000, 1, 0),
(1097, 475, '1', '2023-09-13', 813, 1, 5000, 1, 0),
(1098, 475, '1', '2023-09-13', 809, 1, 8000, 1, 0),
(1099, 475, '1', '2023-09-13', 206, 2, 10000, 1, 0),
(1100, 475, '1', '2023-09-13', 127, 1, 8000, 1, 0),
(1101, 475, '1', '2023-09-13', 178, 1, 3000, 1, 0),
(1102, 475, '1', '2023-09-13', 207, 1, 2000, 1, 0),
(1116, 476, '1', '2023-09-14', 671, 1, 26000, 1, 0),
(1117, 477, '1', '2023-09-14', 289, 1, 10000, 1, 0),
(1118, 477, '1', '2023-09-14', 263, 1, 500, 1, 0),
(1119, 477, '1', '2023-09-14', 761, 1, 5000, 1, 0),
(1120, 478, '1', '2023-09-14', 682, 2, 30000, 1, 0),
(1121, 478, '1', '2023-09-14', 129, 1, 10000, 1, 0),
(1122, 478, '1', '2023-09-14', 667, 5, 500, 1, 0),
(1123, 478, '1', '2023-09-14', 359, 1, 10000, 1, 0),
(1124, 478, '1', '2023-09-14', 127, 1, 8000, 1, 0),
(1125, 478, '1', '2023-09-14', 165, 2, 4000, 1, 0),
(1127, 479, '1', '2023-09-14', 129, 1, 10000, 1, 0),
(1128, 479, '1', '2023-09-14', 670, 2, 28000, 1, 0),
(1129, 479, '1', '2023-09-14', 127, 1, 8000, 1, 0),
(1130, 479, '1', '2023-09-14', 359, 1, 10000, 1, 0),
(1131, 479, '1', '2023-09-14', 124, 1, 10000, 1, 0),
(1132, 479, '1', '2023-09-14', 178, 1, 3000, 1, 0),
(1134, 480, '1', '2023-09-14', 720, 1, 3000, 1, 0),
(1135, 480, '1', '2023-09-14', 704, 1, 2000, 1, 0),
(1136, 480, '1', '2023-09-14', 360, 1, 12000, 1, 0),
(1137, 480, '1', '2023-09-14', 797, 1, 13000, 1, 0),
(1138, 481, '1', '2023-09-14', 680, 1, 28000, 1, 0),
(1139, 481, '1', '2023-09-14', 779, 1, 17000, 1, 0),
(1141, 482, '1', '2023-09-14', 599, 1, 32000, 1, 0),
(1142, 483, '1', '2023-09-15', 129, 1, 10000, 1, 0),
(1143, 483, '1', '2023-09-15', 52, 1, 13000, 1, 0),
(1145, 484, '1', '2023-09-15', 126, 1, 9000, 1, 0),
(1146, 485, '1', '2023-09-15', 768, 1, 17000, 1, 0),
(1147, 485, '1', '2023-09-15', 126, 1, 9000, 1, 0),
(1149, 486, '1', '2023-09-15', 80, 1, 22000, 1, 0),
(1150, 486, '1', '2023-09-15', 72, 1, 17000, 1, 0),
(1151, 486, '1', '2023-09-15', 498, 1, 28000, 1, 0),
(1152, 486, '1', '2023-09-15', 634, 1, 30000, 1, 0),
(1153, 486, '1', '2023-09-15', 805, 1, 25000, 1, 0),
(1154, 486, '1', '2023-09-15', 411, 1, 75000, 1, 0),
(1156, 487, '1', '2023-09-15', 680, 2, 28000, 1, 0),
(1157, 487, '1', '2023-09-15', 796, 1, 20000, 1, 0),
(1159, 488, '1', '2023-09-15', 667, 2, 500, 1, 0),
(1160, 489, '1', '2023-09-15', 117, 1, 13000, 1, 0),
(1161, 490, '1', '2023-09-15', 170, 1, 13000, 1, 0),
(1162, 491, '1', '2023-09-15', 156, 1, 7000, 1, 0),
(1163, 492, '1', '2023-09-15', 700, 1, 6000, 1, 0),
(1164, 492, '1', '2023-09-15', 264, 1, 9000, 1, 0),
(1165, 492, '1', '2023-09-15', 713, 3, 500, 1, 0),
(1166, 492, '1', '2023-09-15', 321, 1, 10000, 1, 0),
(1167, 492, '1', '2023-09-15', 832, 2, 5000, 1, 0),
(1170, 493, '1', '2023-09-15', 669, 2, 28000, 1, 0),
(1171, 494, '1', '2023-09-16', 124, 1, 10000, 1, 0),
(1172, 494, '1', '2023-09-16', 766, 2, 30000, 1, 0),
(1174, 495, '1', '2023-09-16', 713, 1, 500, 1, 0),
(1175, 496, '1', '2023-09-16', 777, 1, 10000, 1, 0),
(1176, 496, '1', '2023-09-16', 498, 1, 28000, 1, 0),
(1177, 496, '1', '2023-09-16', 720, 1, 3000, 1, 0),
(1178, 497, '1', '2023-09-16', 678, 1, 25000, 1, 0),
(1179, 498, '1', '2023-09-16', 360, 1, 12000, 1, 0),
(1180, 498, '1', '2023-09-16', 667, 4, 500, 1, 0),
(1182, 499, '1', '2023-09-16', 466, 1, 35000, 1, 0),
(1183, 499, '1', '2023-09-16', 844, 1, 22000, 1, 0),
(1185, 500, '1', '2023-09-16', 129, 1, 10000, 1, 0),
(1186, 501, '1', '2023-09-16', 668, 1, 33000, 1, 0),
(1187, 502, '1', '2023-09-18', 796, 1, 20000, 1, 0),
(1188, 502, '1', '2023-09-18', 667, 4, 500, 1, 0),
(1190, 503, '1', '2023-09-18', 127, 1, 8000, 1, 0),
(1191, 504, '1', '2023-09-18', 671, 2, 26000, 1, 0),
(1192, 504, '1', '2023-09-18', 178, 1, 3000, 1, 0),
(1194, 505, '1', '2023-09-18', 720, 1, 2000, 1, 0),
(1195, 505, '1', '2023-09-18', 704, 1, 2000, 1, 0),
(1197, 506, '1', '2023-09-18', 743, 1, 63000, 1, 0),
(1198, 506, '1', '2023-09-18', 127, 1, 8000, 1, 0),
(1200, 507, '1', '2023-09-18', 360, 3, 12000, 1, 0),
(1201, 507, '1', '2023-09-18', 667, 7, 500, 1, 0),
(1202, 507, '1', '2023-09-18', 797, 1, 13000, 1, 0),
(1203, 508, '1', '2023-09-18', 772, 2, 38000, 1, 10),
(1204, 508, '1', '2023-09-18', 695, 1, 13000, 1, 0),
(1206, 509, '1', '2023-09-18', 724, 1, 33000, 1, 0),
(1207, 509, '1', '2023-09-18', 727, 1, 46000, 1, 0),
(1208, 509, '1', '2023-09-18', 725, 1, 83000, 1, 0),
(1209, 509, '1', '2023-09-18', 723, 1, 27100, 1, 0),
(1210, 509, '1', '2023-09-18', 194, 1, 22000, 1, 0),
(1211, 509, '1', '2023-09-18', 159, 1, 9000, 1, 0),
(1212, 509, '1', '2023-09-18', 636, 2, 3000, 1, 0),
(1213, 509, '1', '2023-09-18', 668, 1, 33000, 1, 0),
(1221, 510, '1', '2023-09-19', 789, 1, 15000, 1, 0),
(1222, 511, '1', '2023-09-19', 671, 2, 26000, 1, 0),
(1223, 511, '1', '2023-09-19', 127, 1, 8000, 1, 0),
(1225, 512, '1', '2023-09-19', 128, 1, 8000, 1, 0),
(1226, 513, '1', '2023-09-19', 127, 1, 8000, 1, 0),
(1227, 514, '1', '2023-09-19', 378, 2, 60000, 1, 0),
(1228, 514, '1', '2023-09-19', 530, 2, 25000, 1, 0),
(1229, 514, '1', '2023-09-19', 283, 1, 15000, 1, 0),
(1230, 514, '1', '2023-09-19', 844, 1, 22000, 1, 0),
(1231, 514, '1', '2023-09-19', 127, 3, 8000, 1, 0),
(1234, 515, '1', '2023-09-19', 706, 1, 3000, 1, 0),
(1235, 516, '1', '2023-09-19', 667, 6, 500, 1, 0),
(1236, 516, '1', '2023-09-19', 406, 1, 69000, 1, 0),
(1237, 516, '1', '2023-09-19', 145, 1, 6000, 1, 0),
(1238, 516, '1', '2023-09-19', 236, 1, 35000, 1, 0),
(1239, 516, '1', '2023-09-19', 682, 2, 30000, 1, 0),
(1240, 516, '1', '2023-09-19', 264, 1, 9000, 1, 0),
(1242, 517, '1', '2023-09-19', 127, 1, 8000, 1, 0),
(1243, 518, '1', '2023-09-19', 125, 1, 35500, 1, 0),
(1244, 518, '1', '2023-09-19', 680, 1, 28000, 1, 0),
(1245, 518, '1', '2023-09-19', 667, 4, 500, 1, 0),
(1246, 518, '1', '2023-09-19', 128, 1, 8000, 1, 0),
(1250, 519, '1', '2023-09-19', 797, 1, 13000, 1, 0),
(1251, 519, '1', '2023-09-19', 678, 1, 22000, 1, 0),
(1253, 520, '1', '2023-09-19', 129, 1, 10000, 1, 0),
(1254, 520, '1', '2023-09-19', 115, 1, 5000, 1, 0),
(1255, 520, '1', '2023-09-19', 591, 1, 25000, 1, 0),
(1256, 521, '1', '2023-09-19', 831, 1, 25000, 1, 0),
(1257, 522, '1', '2023-09-20', 721, 2, 13000, 1, 10),
(1258, 522, '1', '2023-09-20', 836, 1, 17000, 1, 10),
(1260, 523, '1', '2023-09-20', 672, 1, 22000, 1, 0),
(1261, 524, '1', '2023-09-20', 736, 1, 23000, 1, 0),
(1262, 525, '1', '2023-09-20', 681, 1, 34000, 1, 0),
(1263, 526, '1', '2023-09-20', 235, 1, 15000, 1, 0),
(1264, 527, '1', '2023-09-20', 792, 1, 95000, 1, 0),
(1265, 528, '1', '2023-09-20', 741, 1, 340000, 1, 0),
(1266, 528, '1', '2023-09-20', 766, 1, 30000, 1, 0),
(1268, 529, '1', '2023-09-20', 835, 1, 35000, 1, 0),
(1269, 530, '1', '2023-09-20', 833, 2, 25000, 1, 0),
(1270, 530, '1', '2023-09-20', 263, 6, 500, 1, 0),
(1272, 531, '1', '2023-09-20', 126, 1, 9000, 1, 0),
(1273, 532, '1', '2023-09-21', 680, 1, 28000, 1, 0),
(1274, 533, '1', '2023-09-21', 475, 1, 140000, 1, 0),
(1275, 534, '1', '2023-09-21', 272, 1, 25000, 1, 0);
INSERT INTO `salida_productos` (`id_salida`, `numero_fact`, `nombre_fact`, `fecha_salida`, `id_producto`, `cantidad`, `monto`, `id_usuario`, `desc_product`) VALUES
(1276, 535, '1', '2023-09-21', 731, 2, 45000, 1, 0),
(1277, 536, '1', '2023-09-21', 499, 1, 73000, 1, 0),
(1278, 536, '1', '2023-09-21', 454, 2, 25000, 1, 0),
(1279, 536, '1', '2023-09-21', 797, 1, 13000, 1, 0),
(1280, 537, '1', '2023-09-21', 614, 3, 5000, 1, 10),
(1281, 538, '1', '2023-09-21', 127, 1, 8000, 1, 0),
(1282, 539, '1', '2023-09-21', 343, 4, 500, 1, 0),
(1283, 539, '1', '2023-09-21', 346, 2, 500, 1, 0),
(1284, 539, '1', '2023-09-21', 699, 1, 2000, 1, 0),
(1285, 539, '1', '2023-09-21', 832, 1, 5000, 1, 0),
(1289, 540, '1', '2023-09-21', 126, 1, 9000, 1, 0),
(1290, 541, '1', '2023-09-21', 127, 4, 8000, 1, 0),
(1291, 542, '1', '2023-09-21', 789, 1, 15000, 1, 0),
(1292, 543, '1', '2023-09-21', 127, 1, 8000, 1, 0),
(1293, 543, '1', '2023-09-21', 530, 1, 25000, 1, 0),
(1294, 543, '1', '2023-09-21', 283, 1, 15000, 1, 0),
(1295, 544, '1', '2023-09-21', 794, 1, 130000, 1, 0),
(1296, 544, '1', '2023-09-21', 591, 1, 25000, 1, 0),
(1297, 545, '1', '2023-09-21', 803, 1, 5000, 1, 0),
(1298, 546, '1', '2023-09-21', 156, 1, 7000, 1, 0),
(1299, 547, '1', '2023-09-21', 126, 1, 9000, 1, 0),
(1300, 548, '1', '2023-09-21', 802, 1, 17000, 1, 0),
(1301, 549, '1', '2023-09-21', 670, 1, 28000, 1, 0),
(1302, 550, '1', '2023-09-21', 670, 2, 28000, 1, 0),
(1303, 550, '1', '2023-09-21', 780, 1, 12000, 1, 0),
(1305, 551, '1', '2023-09-21', 127, 1, 8000, 1, 0),
(1306, 552, '1', '2023-09-21', 669, 2, 28000, 1, 0),
(1307, 552, '1', '2023-09-21', 125, 1, 35500, 1, 0),
(1308, 552, '1', '2023-09-21', 127, 1, 8000, 1, 0),
(1309, 552, '1', '2023-09-21', 715, 2, 8000, 1, 0),
(1310, 552, '1', '2023-09-21', 129, 1, 10000, 1, 0),
(1311, 552, '1', '2023-09-21', 359, 1, 10000, 1, 0),
(1312, 552, '1', '2023-09-21', 562, 2, 2000, 1, 0),
(1313, 552, '1', '2023-09-21', 667, 4, 500, 1, 0),
(1314, 552, '1', '2023-09-21', 720, 1, 3000, 1, 0),
(1315, 552, '1', '2023-09-21', 405, 1, 58000, 1, 0),
(1316, 552, '1', '2023-09-21', 408, 1, 44000, 1, 0),
(1321, 553, '1', '2023-09-21', 680, 1, 28000, 1, 0),
(1322, 554, '1', '2023-09-21', 720, 1, 3000, 1, 0),
(1323, 555, '1', '2023-09-21', 831, 1, 25000, 1, 0),
(1324, 556, '1', '2023-09-21', 681, 1, 34000, 1, 0),
(1325, 556, '1', '2023-09-21', 127, 1, 8000, 1, 0),
(1326, 556, '1', '2023-09-21', 796, 1, 20000, 1, 0),
(1327, 556, '1', '2023-09-21', 498, 1, 28000, 1, 0),
(1328, 556, '1', '2023-09-21', 562, 1, 2000, 1, 0),
(1329, 556, '1', '2023-09-21', 667, 2, 500, 1, 0),
(1330, 556, '1', '2023-09-21', 715, 1, 8000, 1, 0),
(1331, 557, '4', '2023-09-21', 383, 1, 370000, 1, 0),
(1332, 557, '4', '2023-09-21', 268, 1, 70000, 1, 0),
(1333, 557, '4', '2023-09-21', 298, 1, 10000, 1, 0),
(1334, 557, '4', '2023-09-21', 297, 1, 8000, 1, 0),
(1335, 557, '4', '2023-09-21', 292, 1, 4000, 1, 0),
(1336, 557, '4', '2023-09-21', 379, 1, 58000, 1, 0),
(1337, 557, '4', '2023-09-21', 766, 2, 34000, 1, 0),
(1338, 557, '4', '2023-09-21', 375, 1, 41000, 1, 0),
(1339, 557, '4', '2023-09-21', 847, 1, 203000, 1, 0),
(1340, 557, '4', '2023-09-21', 376, 1, 240000, 1, 0),
(1346, 558, '1', '2023-09-21', 141, 1, 6000, 1, 0),
(1347, 559, '1', '2023-09-21', 766, 1, 30000, 1, 0),
(1348, 560, '1', '2023-09-21', 278, 2, 45000, 1, 0),
(1349, 560, '1', '2023-09-21', 359, 1, 10000, 1, 0),
(1350, 560, '1', '2023-09-21', 126, 1, 9000, 1, 0),
(1351, 561, '1', '2023-09-22', 439, 1, 4000, 1, 0),
(1352, 562, '1', '2023-09-22', 127, 1, 8000, 1, 0),
(1353, 563, '1', '2023-09-22', 21, 1, 8000, 1, 0),
(1354, 564, '1', '2023-09-22', 445, 1, 85000, 1, 0),
(1355, 565, '1', '2023-09-22', 780, 1, 12000, 1, 0),
(1356, 565, '1', '2023-09-22', 832, 3, 5000, 1, 0),
(1358, 566, '1', '2023-09-22', 789, 1, 15000, 1, 0),
(1359, 567, '1', '2023-09-22', 227, 1, 80000, 1, 0),
(1360, 568, '1', '2023-09-23', 599, 1, 32000, 1, 0),
(1361, 568, '1', '2023-09-23', 708, 1, 12000, 1, 0),
(1362, 568, '1', '2023-09-23', 52, 1, 13000, 1, 0),
(1363, 568, '1', '2023-09-23', 127, 1, 8000, 1, 0),
(1367, 569, '1', '2023-09-23', 359, 1, 10000, 1, 0),
(1368, 570, '1', '2023-09-23', 701, 2, 5000, 1, 0),
(1369, 570, '1', '2023-09-23', 709, 1, 5000, 1, 0),
(1371, 571, '1', '2023-09-23', 77, 3, 41000, 1, 10),
(1372, 571, '1', '2023-09-23', 470, 1, 47000, 1, 0),
(1374, 572, '1', '2023-09-23', 235, 1, 15000, 1, 0),
(1375, 573, '1', '2023-09-23', 364, 2, 45000, 1, 10),
(1376, 573, '1', '2023-09-23', 788, 1, 17000, 1, 10),
(1378, 574, '1', '2023-09-23', 126, 1, 9000, 1, 0),
(1379, 574, '1', '2023-09-23', 507, 1, 5000, 1, 0),
(1381, 575, '1', '2023-09-23', 670, 1, 28000, 1, 0),
(1382, 576, '1', '2023-09-23', 766, 1, 30000, 1, 0),
(1383, 577, '1', '2023-09-25', 498, 1, 28000, 1, 0),
(1384, 577, '1', '2023-09-25', 680, 2, 28000, 1, 0),
(1386, 578, '1', '2023-09-25', 634, 2, 30000, 1, 0),
(1387, 578, '1', '2023-09-25', 164, 2, 20000, 1, 0),
(1388, 578, '1', '2023-09-25', 154, 2, 7000, 1, 0),
(1389, 578, '1', '2023-09-25', 155, 2, 5000, 1, 0),
(1390, 578, '1', '2023-09-25', 77, 1, 41000, 1, 0),
(1391, 578, '1', '2023-09-25', 52, 3, 13000, 1, 0),
(1392, 578, '1', '2023-09-25', 87, 2, 17000, 1, 0),
(1393, 578, '1', '2023-09-25', 52, 1, 13000, 1, 0),
(1394, 578, '1', '2023-09-25', 667, 8, 500, 1, 0),
(1395, 578, '1', '2023-09-25', 796, 1, 20000, 1, 0),
(1396, 578, '1', '2023-09-25', 783, 1, 75000, 1, 0),
(1401, 579, '1', '2023-09-25', 705, 1, 2000, 1, 0),
(1402, 580, '1', '2023-09-25', 782, 1, 200000, 1, 0),
(1403, 581, '1', '2023-09-25', 704, 1, 2000, 1, 0),
(1404, 582, '1', '2023-09-25', 117, 1, 13000, 1, 0),
(1405, 583, '1', '2023-09-25', 704, 1, 2000, 1, 0),
(1406, 583, '1', '2023-09-25', 720, 1, 3000, 1, 0),
(1408, 584, '1', '2023-09-25', 406, 1, 69000, 1, 0),
(1409, 585, '1', '2023-09-25', 769, 1, 25000, 1, 0),
(1410, 585, '1', '2023-09-25', 667, 4, 500, 1, 0),
(1412, 586, '1', '2023-09-26', 766, 3, 30000, 1, 0),
(1413, 587, '1', '2023-09-26', 464, 2, 10000, 1, 0),
(1414, 588, '1', '2023-09-26', 126, 1, 9000, 1, 0),
(1415, 589, '1', '2023-09-26', 360, 1, 12000, 1, 0),
(1416, 589, '1', '2023-09-26', 683, 2, 25000, 1, 0),
(1417, 589, '1', '2023-09-26', 128, 1, 8000, 1, 0),
(1418, 589, '1', '2023-09-26', 780, 1, 12000, 1, 0),
(1419, 589, '1', '2023-09-26', 667, 4, 500, 1, 0),
(1422, 590, '1', '2023-09-26', 720, 1, 3000, 1, 0),
(1423, 591, '1', '2023-09-26', 792, 1, 95000, 1, 0),
(1424, 592, '1', '2023-09-26', 848, 2, 34000, 1, 0),
(1425, 592, '1', '2023-09-26', 796, 1, 20000, 1, 0),
(1427, 593, '1', '2023-09-26', 127, 1, 8000, 1, 0),
(1428, 594, '1', '2023-09-26', 670, 1, 28000, 1, 0),
(1429, 595, '1', '2023-09-26', 125, 1, 35500, 1, 0),
(1430, 595, '1', '2023-09-26', 680, 2, 28000, 1, 0),
(1432, 596, '1', '2023-09-26', 633, 2, 15000, 1, 0),
(1433, 597, '1', '2023-09-26', 699, 1, 2000, 1, 0),
(1434, 598, '1', '2023-09-26', 680, 4, 28000, 1, 0),
(1435, 598, '1', '2023-09-26', 125, 2, 35500, 1, 0),
(1437, 599, '1', '2023-09-26', 671, 2, 26000, 1, 0),
(1438, 599, '1', '2023-09-26', 360, 1, 12000, 1, 0),
(1439, 599, '1', '2023-09-26', 128, 1, 8000, 1, 0),
(1440, 599, '1', '2023-09-26', 780, 1, 12000, 1, 0),
(1441, 599, '1', '2023-09-26', 667, 4, 500, 1, 0),
(1444, 600, '1', '2023-09-26', 469, 1, 25000, 1, 0),
(1445, 600, '1', '2023-09-26', 126, 1, 9000, 1, 0),
(1446, 600, '1', '2023-09-26', 121, 1, 16000, 1, 0),
(1447, 600, '1', '2023-09-26', 498, 1, 28000, 1, 0),
(1451, 601, '1', '2023-09-27', 789, 1, 15000, 1, 0),
(1452, 602, '1', '2023-09-27', 533, 2, 22000, 1, 0),
(1453, 602, '1', '2023-09-27', 601, 1, 32000, 1, 0),
(1454, 602, '1', '2023-09-27', 422, 1, 75000, 1, 0),
(1455, 603, '1', '2023-09-27', 820, 1, 35000, 1, 0),
(1456, 603, '1', '2023-09-27', 408, 1, 44000, 1, 0),
(1457, 603, '1', '2023-09-27', 405, 1, 58000, 1, 0),
(1458, 603, '1', '2023-09-27', 407, 1, 45000, 1, 0),
(1459, 603, '1', '2023-09-27', 720, 4, 3000, 1, 0),
(1462, 604, '1', '2023-09-27', 435, 1, 95000, 1, 0),
(1463, 605, '1', '2023-09-27', 67, 1, 8000, 1, 0),
(1464, 605, '1', '2023-09-27', 651, 2, 6000, 1, 0),
(1465, 605, '1', '2023-09-27', 605, 1, 8000, 1, 0),
(1466, 606, '1', '2023-09-27', 761, 1, 5000, 1, 0),
(1467, 607, '1', '2023-09-27', 256, 1, 15000, 1, 0),
(1468, 608, '1', '2023-09-27', 630, 1, 29000, 1, 0),
(1469, 609, '1', '2023-09-28', 498, 1, 28000, 1, 0),
(1470, 609, '1', '2023-09-28', 464, 1, 10000, 1, 0),
(1472, 610, '1', '2023-09-28', 127, 1, 8000, 1, 0),
(1473, 611, '1', '2023-09-28', 127, 1, 8000, 1, 0),
(1474, 612, '1', '2023-09-28', 720, 1, 2000, 1, 0),
(1475, 612, '1', '2023-09-28', 720, 1, 3000, 1, 0),
(1477, 613, '1', '2023-09-28', 530, 1, 25000, 1, 0),
(1478, 614, '1', '2023-09-28', 359, 1, 10000, 1, 0),
(1479, 614, '1', '2023-09-28', 667, 1, 500, 1, 0),
(1480, 614, '1', '2023-09-28', 667, 1, 500, 1, 0),
(1481, 614, '1', '2023-09-28', 682, 1, 30000, 1, 0),
(1485, 615, '1', '2023-09-28', 115, 1, 5000, 1, 0),
(1486, 615, '1', '2023-09-28', 634, 1, 30000, 1, 0),
(1487, 615, '1', '2023-09-28', 805, 1, 25000, 1, 0),
(1488, 615, '1', '2023-09-28', 128, 2, 8000, 1, 0),
(1489, 615, '1', '2023-09-28', 155, 1, 4000, 1, 0),
(1490, 615, '1', '2023-09-28', 728, 1, 120000, 1, 0),
(1492, 616, '1', '2023-09-28', 634, 1, 30000, 1, 0),
(1493, 616, '1', '2023-09-28', 805, 1, 25000, 1, 0),
(1494, 616, '1', '2023-09-28', 129, 1, 10000, 1, 0),
(1495, 616, '1', '2023-09-28', 155, 1, 5000, 1, 0),
(1496, 616, '1', '2023-09-28', 359, 4, 10000, 1, 0),
(1497, 616, '1', '2023-09-28', 450, 3, 10000, 1, 0),
(1498, 616, '1', '2023-09-28', 562, 2, 2000, 1, 0),
(1499, 616, '1', '2023-09-28', 776, 1, 45000, 1, 0),
(1507, 617, '1', '2023-09-28', 668, 1, 33000, 1, 0),
(1508, 618, '1', '2023-09-28', 530, 1, 25000, 1, 0),
(1509, 618, '1', '2023-09-28', 283, 1, 15000, 1, 0),
(1511, 619, '1', '2023-09-28', 670, 2, 28000, 1, 0),
(1512, 619, '1', '2023-09-28', 780, 1, 12000, 1, 0),
(1514, 620, '1', '2023-09-28', 359, 1, 10000, 1, 0),
(1515, 620, '1', '2023-09-28', 128, 1, 8000, 1, 0),
(1516, 620, '1', '2023-09-28', 667, 4, 500, 1, 0),
(1517, 621, '1', '2023-09-28', 672, 1, 25000, 1, 0),
(1518, 622, '1', '2023-09-28', 720, 1, 3000, 1, 0),
(1519, 623, '1', '2023-09-29', 720, 1, 3000, 1, 0),
(1520, 624, '1', '2023-09-29', 506, 1, 75000, 1, 0),
(1521, 625, '1', '2023-09-29', 374, 1, 28000, 1, 0),
(1522, 626, '1', '2023-09-29', 430, 1, 25000, 1, 0),
(1523, 627, '1', '2023-09-29', 128, 1, 8000, 1, 0),
(1524, 627, '1', '2023-09-29', 667, 4, 500, 1, 0),
(1525, 627, '1', '2023-09-29', 359, 2, 10000, 1, 0),
(1526, 628, '1', '2023-09-29', 316, 2, 5000, 1, 0),
(1527, 628, '1', '2023-09-29', 353, 2, 4000, 1, 0),
(1528, 628, '1', '2023-09-29', 380, 1, 55000, 1, 0),
(1529, 628, '1', '2023-09-29', 828, 1, 77000, 1, 0),
(1530, 628, '1', '2023-09-29', 829, 1, 32000, 1, 0),
(1533, 629, '1', '2023-09-29', 680, 1, 28000, 1, 0),
(1534, 629, '1', '2023-09-29', 125, 1, 35500, 1, 0),
(1535, 629, '1', '2023-09-29', 680, 1, 28000, 1, 0),
(1536, 630, '1', '2023-09-29', 485, 1, 120000, 1, 0),
(1537, 630, '1', '2023-09-29', 720, 1, 3000, 1, 0),
(1539, 631, '1', '2023-09-29', 422, 1, 75000, 1, 0),
(1540, 631, '1', '2023-09-29', 769, 1, 25000, 1, 0),
(1541, 631, '1', '2023-09-29', 769, 1, 25000, 1, 0),
(1542, 631, '1', '2023-09-29', 466, 1, 35000, 1, 0),
(1543, 631, '1', '2023-09-29', 126, 1, 9000, 1, 0),
(1544, 631, '1', '2023-09-29', 127, 2, 8000, 1, 0),
(1545, 631, '1', '2023-09-29', 375, 1, 41000, 1, 0),
(1546, 631, '1', '2023-09-29', 638, 1, 80000, 1, 0),
(1547, 631, '1', '2023-09-29', 766, 1, 30000, 1, 0),
(1548, 631, '1', '2023-09-29', 364, 1, 45000, 1, 0),
(1549, 631, '1', '2023-09-29', 380, 1, 55000, 1, 0),
(1554, 632, '1', '2023-09-29', 523, 1, 13000, 1, 0),
(1555, 632, '1', '2023-09-29', 531, 1, 15000, 1, 0),
(1557, 633, '1', '2023-09-30', 671, 2, 26000, 1, 0),
(1558, 633, '1', '2023-09-30', 127, 1, 8000, 1, 0),
(1560, 634, '1', '2023-09-30', 52, 2, 13000, 1, 0),
(1561, 635, '1', '2023-09-30', 256, 1, 15000, 1, 0),
(1562, 636, '1', '2023-10-02', 720, 1, 3000, 1, 0),
(1563, 636, '1', '2023-10-02', 127, 1, 8000, 1, 0),
(1565, 637, '1', '2023-10-02', 153, 1, 8000, 1, 0),
(1566, 638, '1', '2023-10-02', 783, 1, 75000, 1, 15),
(1567, 639, '1', '2023-10-02', 789, 1, 15000, 1, 0),
(1568, 640, '1', '2023-10-02', 797, 1, 13000, 1, 0),
(1569, 640, '1', '2023-10-02', 562, 1, 2000, 1, 0),
(1570, 640, '1', '2023-10-02', 667, 4, 500, 1, 0),
(1571, 640, '1', '2023-10-02', 164, 1, 20000, 1, 0),
(1572, 640, '1', '2023-10-02', 155, 1, 5000, 1, 0),
(1573, 640, '1', '2023-10-02', 154, 1, 7000, 1, 0),
(1574, 640, '1', '2023-10-02', 634, 1, 30000, 1, 0),
(1575, 641, '1', '2023-10-02', 126, 1, 9000, 1, 0),
(1576, 642, '1', '2023-10-02', 121, 2, 16000, 1, 0),
(1577, 642, '1', '2023-10-02', 117, 1, 13000, 1, 0),
(1578, 642, '1', '2023-10-02', 360, 1, 12000, 1, 0),
(1579, 642, '1', '2023-10-02', 359, 1, 10000, 1, 0),
(1580, 642, '1', '2023-10-02', 591, 1, 28000, 1, 0),
(1581, 642, '1', '2023-10-02', 797, 1, 13000, 1, 0),
(1583, 643, '1', '2023-10-02', 678, 1, 22000, 1, 0),
(1584, 644, '1', '2023-10-02', 126, 1, 9000, 1, 0),
(1585, 644, '1', '2023-10-02', 720, 1, 3000, 1, 0),
(1587, 645, '1', '2023-10-02', 808, 1, 20000, 1, 0),
(1588, 645, '1', '2023-10-02', 316, 1, 5000, 1, 0),
(1589, 645, '1', '2023-10-02', 353, 1, 3000, 1, 0),
(1590, 646, '1', '2023-10-02', 842, 1, 500, 1, 0),
(1591, 646, '1', '2023-10-02', 360, 2, 12000, 1, 0),
(1592, 646, '1', '2023-10-02', 450, 2, 10000, 1, 0),
(1593, 646, '1', '2023-10-02', 776, 1, 45000, 1, 0),
(1594, 646, '1', '2023-10-02', 792, 1, 95000, 1, 0),
(1595, 646, '1', '2023-10-02', 180, 4, 5000, 1, 0),
(1596, 646, '1', '2023-10-02', 667, 4, 500, 1, 0),
(1597, 646, '1', '2023-10-02', 129, 1, 10000, 1, 0),
(1605, 647, '1', '2023-10-02', 667, 4, 500, 1, 0),
(1606, 647, '1', '2023-10-02', 562, 3, 2000, 1, 0),
(1607, 647, '1', '2023-10-02', 797, 2, 13000, 1, 0),
(1608, 647, '1', '2023-10-02', 127, 1, 8000, 1, 0),
(1609, 647, '1', '2023-10-02', 680, 2, 28000, 1, 0),
(1610, 647, '1', '2023-10-02', 430, 1, 28000, 1, 0),
(1611, 647, '1', '2023-10-02', 560, 1, 29000, 1, 0),
(1612, 648, '1', '2023-10-02', 680, 2, 26000, 1, 0),
(1613, 648, '1', '2023-10-02', 124, 1, 10000, 1, 0),
(1615, 649, '1', '2023-10-02', 846, 2, 105000, 1, 0),
(1616, 649, '1', '2023-10-02', 794, 1, 120000, 1, 0),
(1618, 650, '1', '2023-10-02', 411, 1, 75000, 1, 0),
(1619, 651, '1', '2023-10-02', 454, 1, 25000, 1, 0),
(1620, 651, '1', '2023-10-02', 464, 1, 10000, 1, 0),
(1621, 651, '1', '2023-10-02', 498, 1, 28000, 1, 0),
(1622, 652, '1', '2023-10-02', 667, 4, 500, 1, 0),
(1623, 652, '1', '2023-10-02', 668, 2, 33000, 1, 0),
(1624, 652, '1', '2023-10-02', 796, 2, 20000, 1, 0),
(1625, 652, '1', '2023-10-02', 861, 1, 10000, 1, 0),
(1626, 652, '1', '2023-10-02', 562, 2, 2000, 1, 0),
(1627, 652, '1', '2023-10-02', 127, 1, 8000, 1, 0),
(1629, 653, '1', '2023-10-03', 669, 2, 28000, 1, 0),
(1630, 654, '1', '2023-10-03', 781, 1, 100000, 1, 0),
(1631, 655, '1', '2023-10-03', 178, 1, 3000, 1, 10),
(1632, 655, '1', '2023-10-03', 124, 1, 10000, 1, 10),
(1634, 656, '1', '2023-10-03', 128, 1, 8000, 1, 0),
(1635, 657, '1', '2023-10-03', 246, 1, 8000, 1, 0),
(1636, 658, '1', '2023-10-03', 668, 1, 33000, 1, 0),
(1637, 659, '1', '2023-10-03', 808, 1, 25000, 1, 0),
(1638, 660, '1', '2023-10-03', 490, 2, 10000, 1, 0),
(1639, 661, '1', '2023-10-03', 667, 4, 500, 1, 0),
(1640, 661, '1', '2023-10-03', 796, 1, 20000, 1, 0),
(1641, 661, '1', '2023-10-03', 680, 1, 28000, 1, 0),
(1642, 661, '1', '2023-10-03', 127, 1, 8000, 1, 0),
(1646, 662, '1', '2023-10-03', 79, 1, 24000, 1, 0),
(1647, 662, '1', '2023-10-03', 162, 1, 4000, 1, 0),
(1648, 662, '1', '2023-10-03', 560, 5, 28000, 1, 0),
(1649, 662, '1', '2023-10-03', 72, 1, 17000, 1, 0),
(1653, 663, '1', '2023-10-03', 98, 2, 55000, 1, 0),
(1654, 663, '1', '2023-10-03', 168, 2, 24000, 1, 0),
(1655, 663, '1', '2023-10-03', 137, 1, 16000, 1, 0),
(1656, 663, '1', '2023-10-03', 196, 2, 5000, 1, 0),
(1657, 663, '1', '2023-10-03', 137, 1, 16000, 1, 0),
(1658, 663, '1', '2023-10-03', 161, 2, 10000, 1, 0),
(1659, 663, '1', '2023-10-03', 127, 1, 8000, 1, 0),
(1660, 663, '1', '2023-10-03', 534, 1, 25000, 1, 0),
(1661, 663, '1', '2023-10-03', 64, 1, 34000, 1, 0),
(1662, 663, '1', '2023-10-03', 797, 1, 13000, 1, 0),
(1663, 663, '1', '2023-10-03', 562, 1, 2000, 1, 0),
(1664, 663, '1', '2023-10-03', 667, 4, 500, 1, 0),
(1665, 663, '1', '2023-10-03', 208, 1, 5000, 1, 0),
(1666, 663, '1', '2023-10-03', 813, 1, 5000, 1, 0),
(1667, 663, '1', '2023-10-03', 145, 1, 6000, 1, 0),
(1668, 663, '1', '2023-10-03', 62, 2, 35000, 1, 0),
(1669, 663, '1', '2023-10-03', 164, 1, 20000, 1, 0),
(1684, 664, '1', '2023-10-03', 668, 1, 33000, 1, 0),
(1685, 665, '1', '2023-10-03', 766, 1, 30000, 1, 0),
(1686, 666, '1', '2023-10-04', 126, 1, 9000, 1, 0),
(1687, 667, '1', '2023-10-04', 591, 1, 25000, 1, 0),
(1688, 668, '1', '2023-10-04', 848, 2, 34000, 1, 0),
(1689, 669, '1', '2023-10-04', 468, 1, 25000, 1, 0),
(1690, 670, '1', '2023-10-04', 720, 1, 3000, 1, 0),
(1691, 671, '1', '2023-10-04', 224, 1, 22000, 1, 0),
(1692, 672, '1', '2023-10-04', 127, 1, 8000, 1, 0),
(1693, 673, '1', '2023-10-04', 856, 1, 48000, 1, 0),
(1694, 674, '1', '2023-10-04', 533, 2, 25000, 1, 0),
(1695, 675, '1', '2023-10-04', 683, 2, 25000, 1, 0),
(1696, 675, '1', '2023-10-04', 720, 2, 3000, 1, 0),
(1697, 675, '1', '2023-10-04', 114, 1, 22000, 1, 0),
(1698, 675, '1', '2023-10-04', 751, 1, 5000, 1, 0),
(1702, 676, '1', '2023-10-05', 126, 1, 9000, 1, 0),
(1703, 677, '1', '2023-10-05', 476, 1, 25000, 1, 0),
(1704, 677, '1', '2023-10-05', 472, 1, 40000, 1, 0),
(1705, 677, '1', '2023-10-05', 477, 1, 45000, 1, 0),
(1706, 678, '1', '2023-10-05', 195, 2, 5000, 1, 0),
(1707, 678, '1', '2023-10-05', 147, 1, 6000, 1, 0),
(1708, 678, '1', '2023-10-05', 42, 1, 52000, 1, 0),
(1709, 678, '1', '2023-10-05', 166, 2, 13000, 1, 0),
(1710, 678, '1', '2023-10-05', 636, 1, 3000, 1, 0),
(1711, 678, '1', '2023-10-05', 129, 1, 10000, 1, 0),
(1712, 678, '1', '2023-10-05', 785, 1, 21100, 1, 0),
(1713, 678, '1', '2023-10-05', 682, 2, 30000, 1, 0),
(1714, 678, '1', '2023-10-05', 178, 1, 3000, 1, 0),
(1715, 678, '1', '2023-10-05', 751, 1, 5000, 1, 0),
(1721, 679, '1', '2023-10-05', 689, 1, 15000, 1, 0),
(1722, 679, '1', '2023-10-05', 713, 4, 500, 1, 0),
(1723, 679, '1', '2023-10-05', 711, 3, 4000, 1, 0),
(1724, 680, '1', '2023-10-05', 464, 2, 10000, 1, 0),
(1725, 681, '1', '2023-10-05', 848, 1, 34000, 1, 0),
(1726, 682, '1', '2023-10-05', 716, 1, 25000, 1, 0),
(1727, 683, '1', '2023-10-05', 720, 1, 3000, 1, 0),
(1728, 683, '1', '2023-10-05', 704, 1, 2000, 1, 0),
(1730, 684, '1', '2023-10-05', 359, 1, 10000, 1, 0),
(1731, 684, '1', '2023-10-05', 877, 1, 10000, 1, 0),
(1732, 684, '1', '2023-10-05', 562, 3, 1000, 1, 0),
(1733, 685, '1', '2023-10-06', 766, 2, 30000, 1, 0),
(1734, 686, '1', '2023-10-06', 498, 2, 28000, 1, 0),
(1735, 686, '1', '2023-10-06', 509, 1, 6000, 1, 0),
(1737, 687, '1', '2023-10-06', 780, 1, 12000, 1, 0),
(1738, 688, '1', '2023-10-06', 768, 1, 15000, 1, 0),
(1739, 689, '1', '2023-10-06', 128, 1, 8000, 1, 0),
(1740, 690, '1', '2023-10-06', 591, 1, 20000, 1, 0),
(1741, 691, '1', '2023-10-06', 562, 1, 2000, 1, 0),
(1742, 691, '1', '2023-10-06', 128, 1, 8000, 1, 0),
(1743, 691, '1', '2023-10-06', 489, 1, 10000, 1, 0),
(1744, 691, '1', '2023-10-06', 450, 1, 10000, 1, 0),
(1748, 692, '1', '2023-10-06', 819, 1, 320000, 1, 0),
(1749, 692, '1', '2023-10-06', 848, 2, 34000, 1, 0),
(1750, 692, '1', '2023-10-06', 698, 2, 4000, 1, 0),
(1751, 692, '1', '2023-10-06', 605, 1, 10000, 1, 0),
(1752, 692, '1', '2023-10-06', 711, 1, 4000, 1, 0),
(1753, 692, '1', '2023-10-06', 355, 1, 140000, 1, 0),
(1755, 693, '1', '2023-10-09', 644, 1, 20000, 1, 0),
(1756, 694, '1', '2023-10-09', 797, 1, 13000, 1, 0),
(1757, 694, '1', '2023-10-09', 52, 1, 13000, 1, 0),
(1759, 695, '1', '2023-10-09', 682, 1, 30000, 1, 0),
(1760, 696, '1', '2023-10-09', 117, 1, 13000, 1, 0),
(1761, 697, '1', '2023-10-09', 819, 1, 330000, 1, 0),
(1762, 697, '1', '2023-10-09', 871, 1, 25000, 1, 0),
(1763, 697, '1', '2023-10-09', 766, 2, 30000, 1, 0),
(1764, 697, '1', '2023-10-09', 622, 1, 10000, 1, 0),
(1768, 698, '1', '2023-10-09', 505, 4, 10000, 1, 0),
(1769, 698, '1', '2023-10-09', 811, 1, 27000, 1, 0),
(1771, 699, '1', '2023-10-09', 125, 1, 35500, 1, 0),
(1772, 699, '1', '2023-10-09', 680, 2, 28000, 1, 0),
(1774, 700, '1', '2023-10-09', 667, 4, 500, 1, 0),
(1775, 700, '1', '2023-10-09', 359, 1, 10000, 1, 0),
(1776, 700, '1', '2023-10-09', 710, 2, 500, 1, 0),
(1777, 701, '1', '2023-10-09', 121, 1, 16000, 1, 0),
(1778, 701, '1', '2023-10-09', 455, 1, 25000, 1, 0),
(1779, 701, '1', '2023-10-09', 106, 1, 10000, 1, 0),
(1780, 702, '1', '2023-10-09', 259, 3, 7000, 1, 0),
(1781, 703, '1', '2023-10-10', 126, 1, 9000, 1, 0),
(1782, 703, '1', '2023-10-10', 464, 1, 10000, 1, 0),
(1784, 704, '1', '2023-10-10', 789, 1, 15000, 1, 0),
(1785, 705, '1', '2023-10-10', 485, 1, 125000, 1, 10),
(1786, 706, '1', '2023-10-10', 632, 1, 5000, 1, 0),
(1787, 706, '1', '2023-10-10', 720, 5, 3000, 1, 0),
(1789, 707, '1', '2023-10-10', 432, 1, 25000, 1, 0),
(1790, 708, '1', '2023-10-10', 471, 1, 45000, 1, 0),
(1791, 709, '1', '2023-10-10', 668, 1, 33000, 1, 0),
(1792, 710, '1', '2023-10-10', 720, 1, 3000, 1, 0),
(1793, 711, '1', '2023-10-11', 675, 1, 38000, 1, 0),
(1794, 711, '1', '2023-10-11', 861, 1, 10000, 1, 0),
(1796, 712, '1', '2023-10-11', 498, 1, 28000, 1, 0),
(1797, 712, '1', '2023-10-11', 464, 1, 10000, 1, 0),
(1798, 712, '1', '2023-10-11', 528, 1, 14000, 1, 0),
(1799, 713, '1', '2023-10-11', 174, 1, 63000, 1, 0),
(1800, 714, '1', '2023-10-11', 127, 1, 8000, 1, 0),
(1801, 715, '1', '2023-10-11', 797, 1, 13000, 1, 0),
(1802, 715, '1', '2023-10-11', 667, 4, 500, 1, 0),
(1803, 715, '1', '2023-10-11', 125, 1, 35500, 1, 0),
(1804, 715, '1', '2023-10-11', 680, 2, 28000, 1, 0),
(1805, 715, '1', '2023-10-11', 654, 1, 22000, 1, 0),
(1806, 715, '1', '2023-10-11', 450, 1, 10000, 1, 0),
(1807, 715, '1', '2023-10-11', 776, 1, 45000, 1, 0),
(1808, 715, '1', '2023-10-11', 562, 1, 1000, 1, 0),
(1809, 715, '1', '2023-10-11', 127, 1, 8000, 1, 0),
(1816, 716, '1', '2023-10-11', 119, 1, 108000, 1, 10),
(1817, 717, '1', '2023-10-12', 464, 1, 10000, 1, 0),
(1818, 717, '1', '2023-10-12', 668, 1, 33000, 1, 0),
(1819, 717, '1', '2023-10-12', 394, 1, 24000, 1, 0),
(1820, 718, '1', '2023-10-12', 671, 1, 26000, 1, 0),
(1821, 719, '1', '2023-10-12', 126, 1, 9000, 1, 0),
(1822, 719, '1', '2023-10-12', 704, 1, 2000, 1, 0),
(1824, 720, '1', '2023-10-13', 597, 1, 56000, 1, 0),
(1825, 720, '1', '2023-10-13', 720, 4, 3000, 1, 0),
(1827, 721, '1', '2023-10-13', 720, 1, 3000, 1, 0),
(1828, 722, '1', '2023-10-13', 270, 1, 7000, 1, 0),
(1829, 723, '1', '2023-10-13', 669, 1, 28000, 1, 0),
(1830, 724, '1', '2023-10-13', 818, 1, 44000, 1, 0),
(1831, 724, '1', '2023-10-13', 599, 1, 32000, 1, 0),
(1833, 725, '1', '2023-10-13', 796, 2, 20000, 1, 0),
(1834, 725, '1', '2023-10-13', 667, 8, 500, 1, 0),
(1836, 726, '1', '2023-10-13', 848, 2, 34000, 1, 0),
(1837, 726, '1', '2023-10-13', 861, 1, 10000, 1, 0),
(1838, 726, '1', '2023-10-13', 128, 1, 8000, 1, 0),
(1839, 727, '1', '2023-10-13', 720, 1, 3000, 1, 0),
(1840, 727, '1', '2023-10-13', 635, 1, 3000, 1, 0),
(1842, 728, '1', '2023-10-13', 359, 4, 10000, 1, 0),
(1843, 728, '1', '2023-10-13', 450, 2, 10000, 1, 0),
(1844, 728, '1', '2023-10-13', 667, 4, 500, 1, 0),
(1845, 728, '1', '2023-10-13', 562, 4, 2000, 1, 0),
(1849, 729, '1', '2023-10-13', 151, 1, 63000, 1, 10),
(1850, 729, '1', '2023-10-13', 210, 1, 10000, 1, 10),
(1852, 730, '1', '2023-10-13', 861, 1, 10000, 1, 0),
(1853, 731, '1', '2023-10-13', 61, 2, 47500, 1, 10),
(1854, 732, '1', '2023-10-14', 497, 1, 120000, 1, 0),
(1855, 733, '1', '2023-10-14', 491, 1, 15000, 1, 0),
(1856, 734, '1', '2023-10-14', 671, 2, 26000, 1, 0),
(1857, 734, '1', '2023-10-14', 178, 1, 3000, 1, 0),
(1858, 734, '1', '2023-10-14', 124, 1, 10000, 1, 0),
(1859, 735, '1', '2023-10-14', 776, 1, 45000, 1, 0),
(1860, 736, '1', '2023-10-14', 232, 2, 6000, 1, 0),
(1861, 737, '1', '2023-10-14', 128, 1, 8000, 1, 0),
(1862, 737, '1', '2023-10-14', 667, 4, 500, 1, 0),
(1863, 737, '1', '2023-10-14', 360, 2, 12000, 1, 0),
(1864, 737, '1', '2023-10-14', 359, 2, 10000, 1, 0),
(1865, 737, '1', '2023-10-14', 450, 1, 10000, 1, 0),
(1866, 737, '1', '2023-10-14', 464, 1, 10000, 1, 0),
(1867, 737, '1', '2023-10-14', 405, 1, 52000, 1, 0),
(1868, 738, '1', '2023-10-14', 636, 2, 3000, 1, 0),
(1869, 739, '1', '2023-10-14', 409, 1, 31000, 1, 0),
(1870, 740, '1', '2023-10-14', 682, 1, 30000, 1, 0),
(1871, 740, '1', '2023-10-14', 813, 1, 6000, 1, 0),
(1873, 741, '1', '2023-10-16', 672, 1, 25000, 1, 0),
(1874, 741, '1', '2023-10-16', 786, 1, 26000, 1, 0),
(1876, 742, '1', '2023-10-16', 630, 1, 29000, 1, 0),
(1877, 743, '1', '2023-10-16', 630, 1, 29000, 1, 0),
(1878, 744, '1', '2023-10-17', 720, 2, 3000, 1, 0),
(1879, 744, '1', '2023-10-17', 704, 1, 2000, 1, 0),
(1881, 745, '1', '2023-10-17', 720, 1, 3000, 1, 0),
(1882, 745, '1', '2023-10-17', 636, 2, 3000, 1, 0),
(1884, 746, '1', '2023-10-17', 636, 2, 3000, 1, 0),
(1885, 747, '1', '2023-10-17', 669, 2, 28000, 1, 0),
(1886, 747, '1', '2023-10-17', 751, 1, 5000, 1, 0),
(1888, 748, '1', '2023-10-17', 849, 1, 77000, 1, 0),
(1889, 748, '1', '2023-10-17', 296, 1, 3000, 1, 0),
(1890, 748, '1', '2023-10-17', 848, 1, 34000, 1, 0),
(1891, 749, '1', '2023-10-17', 127, 1, 8000, 1, 0),
(1892, 749, '1', '2023-10-17', 780, 1, 12000, 1, 0),
(1893, 749, '1', '2023-10-17', 667, 4, 500, 1, 0),
(1894, 749, '1', '2023-10-17', 797, 1, 13000, 1, 0),
(1898, 750, '1', '2023-10-17', 450, 2, 10000, 1, 0),
(1899, 751, '1', '2023-10-17', 720, 1, 3000, 1, 0),
(1900, 751, '1', '2023-10-17', 780, 1, 12000, 1, 0),
(1902, 752, '1', '2023-10-17', 376, 1, 240000, 1, 10),
(1903, 753, '1', '2023-10-17', 626, 1, 28000, 1, 0),
(1904, 753, '1', '2023-10-17', 13, 2, 22000, 1, 0),
(1905, 753, '1', '2023-10-17', 718, 1, 21000, 1, 0),
(1906, 754, '1', '2023-10-17', 682, 1, 30000, 1, 0),
(1907, 754, '1', '2023-10-17', 780, 1, 12000, 1, 0),
(1908, 754, '1', '2023-10-17', 360, 4, 12000, 1, 0),
(1909, 754, '1', '2023-10-17', 450, 1, 10000, 1, 0),
(1910, 754, '1', '2023-10-17', 592, 1, 22000, 1, 0),
(1913, 755, '1', '2023-10-17', 633, 1, 15000, 1, 0),
(1914, 755, '1', '2023-10-17', 101, 1, 214000, 1, 10),
(1915, 755, '1', '2023-10-17', 100, 1, 90000, 1, 10),
(1916, 755, '1', '2023-10-17', 880, 2, 45000, 1, 15),
(1920, 756, '1', '2023-10-17', 19, 1, 142000, 1, 10),
(1921, 756, '1', '2023-10-17', 60, 2, 55000, 1, 10),
(1922, 756, '1', '2023-10-17', 139, 1, 77000, 1, 10),
(1923, 756, '1', '2023-10-17', 174, 1, 63000, 1, 10),
(1924, 756, '1', '2023-10-17', 138, 1, 39000, 1, 10),
(1925, 756, '1', '2023-10-17', 66, 1, 8000, 1, 10),
(1926, 756, '1', '2023-10-17', 726, 1, 46000, 1, 10),
(1927, 756, '1', '2023-10-17', 67, 1, 8000, 1, 0),
(1928, 756, '1', '2023-10-17', 69, 1, 22000, 1, 10),
(1935, 757, '1', '2023-10-18', 182, 1, 8000, 1, 0),
(1936, 758, '1', '2023-10-18', 380, 1, 55000, 1, 0),
(1937, 759, '1', '2023-10-18', 680, 2, 28000, 1, 0),
(1938, 759, '1', '2023-10-18', 780, 1, 12000, 1, 0),
(1940, 760, '1', '2023-10-18', 796, 1, 20000, 1, 0),
(1941, 760, '1', '2023-10-18', 127, 1, 8000, 1, 0),
(1942, 760, '1', '2023-10-18', 779, 1, 17000, 1, 0),
(1943, 761, '1', '2023-10-19', 789, 1, 15000, 1, 0),
(1944, 762, '1', '2023-10-19', 887, 2, 25000, 1, 0),
(1945, 762, '1', '2023-10-19', 599, 1, 32000, 1, 0),
(1946, 762, '1', '2023-10-19', 464, 1, 10000, 1, 0),
(1947, 762, '1', '2023-10-19', 919, 1, 37000, 1, 0),
(1951, 763, '1', '2023-10-19', 812, 1, 13000, 1, 0),
(1952, 764, '1', '2023-10-19', 669, 1, 28000, 1, 0),
(1953, 765, '1', '2023-10-19', 378, 2, 50000, 1, 0),
(1954, 766, '1', '2023-10-20', 878, 2, 25000, 1, 0),
(1955, 766, '1', '2023-10-20', 751, 1, 5000, 1, 0),
(1956, 766, '1', '2023-10-20', 720, 1, 3000, 1, 0),
(1957, 767, '1', '2023-10-20', 599, 1, 32000, 1, 0),
(1958, 768, '1', '2023-10-20', 355, 1, 140000, 1, 0),
(1959, 768, '1', '2023-10-20', 377, 1, 95000, 1, 0),
(1960, 768, '1', '2023-10-20', 625, 1, 8000, 1, 0),
(1961, 768, '1', '2023-10-20', 292, 1, 6000, 1, 0),
(1962, 768, '1', '2023-10-20', 707, 1, 12000, 1, 0),
(1963, 768, '1', '2023-10-20', 380, 1, 55000, 1, 0),
(1965, 769, '1', '2023-10-20', 877, 1, 10000, 1, 0),
(1966, 769, '1', '2023-10-20', 562, 1, 1000, 1, 0),
(1967, 769, '1', '2023-10-20', 667, 4, 500, 1, 0),
(1968, 770, '1', '2023-10-20', 789, 1, 15000, 1, 0),
(1969, 770, '1', '2023-10-20', 127, 1, 8000, 1, 0),
(1970, 771, '1', '2023-10-20', 720, 3, 3000, 1, 0),
(1971, 772, '1', '2023-10-20', 450, 4, 10000, 1, 10),
(1972, 773, '1', '2023-10-20', 671, 1, 28000, 1, 0),
(1973, 774, '1', '2023-10-21', 766, 2, 30000, 1, 0),
(1974, 775, '1', '2023-10-21', 796, 1, 20000, 1, 0),
(1975, 775, '1', '2023-10-21', 848, 2, 34000, 1, 0),
(1976, 775, '1', '2023-10-21', 127, 1, 8000, 1, 0),
(1977, 775, '1', '2023-10-21', 667, 4, 500, 1, 0),
(1978, 775, '1', '2023-10-21', 562, 2, 2000, 1, 0),
(1979, 775, '1', '2023-10-21', 861, 1, 10000, 1, 0),
(1980, 775, '1', '2023-10-21', 361, 1, 12000, 1, 0),
(1981, 775, '1', '2023-10-21', 489, 2, 10000, 1, 0),
(1989, 776, '1', '2023-10-21', 167, 1, 15500, 1, 0),
(1990, 776, '1', '2023-10-21', 764, 1, 4000, 1, 0),
(1992, 777, '1', '2023-10-21', 822, 1, 15000, 1, 0),
(1993, 777, '1', '2023-10-21', 607, 1, 4000, 1, 0),
(1995, 778, '1', '2023-10-21', 672, 1, 25000, 1, 0),
(1996, 779, '1', '2023-10-23', 390, 1, 15000, 1, 0),
(1997, 780, '1', '2023-10-23', 682, 2, 30000, 1, 0),
(1998, 780, '1', '2023-10-23', 861, 1, 10000, 1, 0),
(2000, 781, '1', '2023-10-23', 418, 1, 100000, 1, 0),
(2001, 782, '1', '2023-10-23', 481, 1, 200000, 1, 0),
(2002, 783, '1', '2023-10-23', 263, 4, 500, 1, 0),
(2003, 784, '1', '2023-10-23', 595, 1, 46000, 1, 0),
(2004, 784, '1', '2023-10-23', 591, 1, 25000, 1, 0),
(2005, 784, '1', '2023-10-23', 498, 3, 28000, 1, 0),
(2006, 784, '1', '2023-10-23', 129, 1, 10000, 1, 0),
(2007, 784, '1', '2023-10-23', 667, 4, 500, 1, 0),
(2008, 784, '1', '2023-10-23', 562, 4, 1000, 1, 0),
(2009, 784, '1', '2023-10-23', 780, 1, 12000, 1, 0),
(2010, 784, '1', '2023-10-23', 669, 2, 28000, 1, 0),
(2011, 784, '1', '2023-10-23', 490, 1, 10000, 1, 0),
(2018, 785, '1', '2023-10-23', 203, 1, 3000, 1, 0),
(2019, 785, '1', '2023-10-23', 181, 1, 7000, 1, 0),
(2020, 785, '1', '2023-10-23', 201, 1, 2000, 1, 0),
(2021, 785, '1', '2023-10-23', 672, 2, 25000, 1, 0),
(2025, 786, '1', '2023-10-23', 789, 1, 15000, 1, 0),
(2026, 787, '1', '2023-10-23', 768, 1, 17000, 1, 0),
(2027, 787, '1', '2023-10-23', 682, 2, 30000, 1, 0),
(2028, 787, '1', '2023-10-23', 427, 1, 38000, 1, 0),
(2029, 787, '1', '2023-10-23', 492, 1, 10000, 1, 0),
(2030, 787, '1', '2023-10-23', 695, 1, 13000, 1, 0),
(2031, 787, '1', '2023-10-23', 844, 1, 22000, 1, 0),
(2032, 787, '1', '2023-10-23', 751, 1, 5000, 1, 0),
(2033, 788, '1', '2023-10-24', 728, 1, 95000, 1, 0),
(2034, 789, '1', '2023-10-24', 460, 1, 12000, 1, 0),
(2035, 789, '1', '2023-10-24', 777, 2, 10000, 1, 0),
(2036, 789, '1', '2023-10-24', 498, 2, 28000, 1, 0),
(2037, 789, '1', '2023-10-24', 126, 1, 9000, 1, 0),
(2041, 790, '1', '2023-10-24', 641, 1, 18000, 1, 0),
(2042, 791, '1', '2023-10-24', 126, 1, 9000, 1, 0),
(2043, 791, '1', '2023-10-24', 466, 1, 40000, 1, 0),
(2045, 792, '1', '2023-10-24', 368, 1, 95000, 1, 0),
(2046, 793, '1', '2023-10-24', 850, 1, 72000, 1, 10),
(2047, 794, '1', '2023-10-24', 529, 1, 22000, 1, 0),
(2048, 795, '1', '2023-10-24', 682, 2, 30000, 1, 0),
(2049, 795, '1', '2023-10-24', 780, 1, 12000, 1, 0),
(2051, 796, '1', '2023-10-24', 126, 1, 9000, 1, 0),
(2052, 797, '1', '2023-10-24', 668, 1, 34000, 1, 0),
(2053, 798, '1', '2023-10-24', 121, 1, 16000, 1, 0),
(2054, 798, '1', '2023-10-24', 713, 1, 500, 1, 0),
(2055, 798, '1', '2023-10-24', 667, 1, 500, 1, 0),
(2056, 798, '1', '2023-10-24', 667, 5, 500, 1, 0),
(2057, 798, '1', '2023-10-24', 259, 2, 7000, 1, 0),
(2060, 799, '1', '2023-10-24', 194, 1, 22000, 1, 0),
(2061, 800, '1', '2023-10-24', 668, 1, 34000, 1, 0),
(2062, 801, '1', '2023-10-25', 243, 1, 17000, 1, 0),
(2063, 802, '1', '2023-10-25', 672, 2, 25000, 1, 0),
(2064, 803, '1', '2023-10-26', 783, 1, 75000, 1, 0),
(2065, 803, '1', '2023-10-26', 456, 1, 25000, 1, 0),
(2067, 804, '1', '2023-10-26', 789, 1, 15000, 1, 0),
(2068, 804, '1', '2023-10-26', 178, 1, 3000, 1, 0),
(2069, 804, '1', '2023-10-26', 127, 1, 8000, 1, 0),
(2070, 805, '1', '2023-10-26', 777, 1, 10000, 1, 0),
(2071, 805, '1', '2023-10-26', 489, 1, 7000, 1, 0),
(2072, 805, '1', '2023-10-26', 126, 1, 9000, 1, 0),
(2073, 805, '1', '2023-10-26', 562, 2, 2000, 1, 0),
(2074, 805, '1', '2023-10-26', 667, 2, 500, 1, 0),
(2075, 805, '1', '2023-10-26', 682, 2, 30000, 1, 0),
(2076, 805, '1', '2023-10-26', 751, 1, 5000, 1, 0),
(2077, 806, '1', '2023-10-26', 720, 1, 3000, 1, 0),
(2078, 807, '1', '2023-10-26', 899, 1, 36000, 1, 0),
(2079, 807, '1', '2023-10-26', 360, 1, 12000, 1, 0),
(2080, 807, '1', '2023-10-26', 667, 4, 500, 1, 0),
(2081, 807, '1', '2023-10-26', 796, 1, 20000, 1, 0),
(2082, 807, '1', '2023-10-26', 562, 5, 2000, 1, 0),
(2083, 807, '1', '2023-10-26', 450, 1, 10000, 1, 0),
(2084, 807, '1', '2023-10-26', 720, 1, 3000, 1, 0),
(2085, 808, '1', '2023-10-26', 667, 4, 500, 1, 0),
(2086, 808, '1', '2023-10-26', 797, 1, 13000, 1, 0),
(2087, 808, '1', '2023-10-26', 127, 1, 8000, 1, 0),
(2088, 808, '1', '2023-10-26', 779, 1, 17000, 1, 0),
(2092, 809, '1', '2023-10-27', 360, 1, 12000, 1, 0),
(2093, 809, '1', '2023-10-27', 667, 2, 500, 1, 0),
(2094, 809, '1', '2023-10-27', 683, 2, 25000, 1, 0),
(2095, 809, '1', '2023-10-27', 877, 1, 10000, 1, 0),
(2099, 810, '1', '2023-10-28', 530, 1, 25000, 1, 0),
(2100, 811, '1', '2023-10-28', 528, 1, 14000, 1, 0),
(2101, 811, '1', '2023-10-28', 523, 1, 13000, 1, 0),
(2102, 811, '1', '2023-10-28', 153, 1, 10000, 1, 0),
(2103, 811, '1', '2023-10-28', 155, 1, 5000, 1, 0),
(2107, 812, '1', '2023-10-28', 464, 1, 10000, 1, 0),
(2108, 813, '1', '2023-10-28', 498, 1, 28000, 1, 0),
(2109, 814, '1', '2023-10-28', 670, 1, 28000, 1, 0),
(2110, 814, '1', '2023-10-28', 588, 1, 6000, 1, 0),
(2111, 814, '1', '2023-10-28', 714, 1, 30000, 1, 0),
(2112, 815, '1', '2023-10-30', 276, 1, 38000, 1, 0),
(2113, 815, '1', '2023-10-30', 648, 1, 83000, 1, 0),
(2114, 815, '1', '2023-10-30', 899, 1, 36000, 1, 0),
(2115, 816, '1', '2023-10-30', 560, 1, 29000, 1, 0),
(2116, 817, '1', '2023-10-30', 692, 1, 12000, 1, 0),
(2117, 818, '1', '2023-10-31', 822, 1, 15000, 1, 10),
(2118, 818, '1', '2023-10-31', 98, 2, 55000, 1, 10),
(2119, 818, '1', '2023-10-31', 168, 1, 24000, 1, 10),
(2120, 819, '1', '2023-10-31', 780, 5, 12000, 1, 15),
(2121, 820, '1', '2023-10-31', 812, 1, 13000, 1, 0),
(2122, 821, '1', '2023-10-31', 672, 1, 25000, 1, 0),
(2123, 821, '1', '2023-10-31', 127, 1, 8000, 1, 0),
(2124, 821, '1', '2023-10-31', 316, 1, 5000, 1, 0),
(2125, 821, '1', '2023-10-31', 766, 1, 30000, 1, 0),
(2129, 822, '1', '2023-10-31', 876, 1, 10000, 1, 0),
(2130, 822, '1', '2023-10-31', 713, 2, 500, 1, 0),
(2132, 823, '1', '2023-10-31', 720, 2, 3000, 1, 0),
(2133, 824, '1', '2023-10-31', 668, 1, 34000, 1, 0),
(2134, 825, '1', '2023-10-31', 901, 1, 44000, 1, 0),
(2135, 825, '1', '2023-10-31', 720, 1, 3000, 1, 0),
(2137, 826, '1', '2023-10-31', 499, 2, 73000, 1, 10),
(2138, 827, '1', '2023-10-31', 376, 1, 220000, 1, 0),
(2139, 828, '1', '2023-10-31', 852, 1, 67000, 1, 0),
(2140, 828, '1', '2023-10-31', 849, 1, 77000, 1, 0),
(2142, 829, '1', '2023-10-31', 126, 1, 9000, 1, 0),
(2143, 830, '1', '2023-10-31', 668, 1, 34000, 1, 0),
(2144, 831, '1', '2023-11-01', 659, 2, 7000, 1, 0),
(2145, 832, '1', '2023-11-01', 742, 1, 57000, 1, 0),
(2146, 832, '1', '2023-11-01', 674, 1, 15000, 1, 0),
(2148, 833, '1', '2023-11-01', 674, 1, 15000, 1, 0),
(2149, 833, '1', '2023-11-01', 861, 1, 10000, 1, 0),
(2150, 833, '1', '2023-11-01', 128, 1, 8000, 1, 0),
(2151, 834, '1', '2023-11-01', 797, 1, 13000, 1, 0),
(2152, 834, '1', '2023-11-01', 361, 1, 12000, 1, 0),
(2153, 834, '1', '2023-11-01', 489, 1, 10000, 1, 0),
(2154, 834, '1', '2023-11-01', 537, 4, 500, 1, 0),
(2155, 834, '1', '2023-11-01', 562, 4, 2000, 1, 0),
(2158, 835, '1', '2023-11-01', 270, 1, 7000, 1, 0),
(2159, 836, '1', '2023-11-01', 218, 1, 72000, 1, 0),
(2160, 837, '1', '2023-11-01', 889, 1, 58000, 1, 0),
(2161, 837, '1', '2023-11-01', 647, 1, 70000, 1, 0),
(2163, 838, '1', '2023-11-01', 933, 1, 40000, 1, 0),
(2164, 838, '1', '2023-11-01', 708, 1, 12000, 1, 0),
(2165, 838, '1', '2023-11-01', 668, 1, 34000, 1, 0),
(2166, 839, '1', '2023-11-01', 50, 1, 260000, 1, 0),
(2167, 839, '1', '2023-11-01', 151, 1, 63000, 1, 0),
(2168, 839, '1', '2023-11-01', 210, 1, 10000, 1, 0),
(2169, 839, '1', '2023-11-01', 176, 1, 22500, 1, 0),
(2170, 839, '1', '2023-11-01', 175, 1, 5500, 1, 0),
(2171, 839, '1', '2023-11-01', 200, 1, 8000, 1, 0),
(2172, 839, '1', '2023-11-01', 630, 1, 29000, 1, 0),
(2173, 839, '1', '2023-11-01', 682, 1, 30000, 1, 0),
(2174, 839, '1', '2023-11-01', 824, 1, 5000, 1, 0),
(2181, 840, '1', '2023-11-02', 291, 1, 28000, 1, 0),
(2182, 841, '1', '2023-11-02', 491, 2, 15000, 1, 0),
(2183, 842, '1', '2023-11-02', 715, 1, 8000, 1, 0),
(2184, 843, '1', '2023-11-02', 372, 1, 105000, 1, 0),
(2185, 844, '1', '2023-11-02', 671, 2, 28000, 1, 0),
(2186, 845, '1', '2023-11-03', 846, 1, 100000, 1, 0),
(2187, 846, '1', '2023-11-03', 822, 1, 15000, 1, 10),
(2188, 846, '1', '2023-11-03', 632, 1, 5500, 1, 10),
(2190, 847, '1', '2023-11-03', 918, 1, 43000, 1, 0),
(2191, 847, '1', '2023-11-03', 714, 1, 30000, 1, 0),
(2192, 847, '1', '2023-11-03', 335, 1, 5000, 1, 0),
(2193, 848, '1', '2023-11-03', 720, 1, 3000, 1, 0),
(2194, 848, '1', '2023-11-03', 704, 1, 2000, 1, 0),
(2195, 848, '1', '2023-11-03', 626, 1, 21000, 1, 0),
(2196, 849, '1', '2023-11-03', 532, 1, 30000, 1, 0),
(2197, 850, '1', '2023-11-03', 682, 1, 30000, 1, 0),
(2198, 850, '1', '2023-11-03', 398, 1, 25000, 1, 0),
(2199, 850, '1', '2023-11-03', 75, 1, 32000, 1, 0),
(2200, 851, '1', '2023-11-04', 674, 1, 15000, 1, 0),
(2201, 851, '1', '2023-11-04', 127, 1, 8000, 1, 0),
(2203, 852, '1', '2023-11-07', 437, 1, 25000, 1, 0),
(2204, 852, '1', '2023-11-07', 342, 6, 500, 1, 0),
(2205, 852, '1', '2023-11-07', 384, 1, 6000, 1, 0),
(2206, 853, '1', '2023-11-07', 127, 3, 8000, 1, 0),
(2207, 854, '1', '2023-11-07', 126, 1, 9000, 1, 0),
(2208, 855, '1', '2023-11-07', 127, 1, 8000, 1, 0),
(2209, 855, '1', '2023-11-07', 797, 1, 13000, 1, 0),
(2210, 855, '1', '2023-11-07', 243, 2, 5000, 1, 0),
(2211, 855, '1', '2023-11-07', 562, 2, 2000, 1, 0),
(2215, 856, '1', '2023-11-07', 675, 2, 38000, 1, 0),
(2216, 856, '1', '2023-11-07', 871, 1, 25000, 1, 0),
(2217, 856, '1', '2023-11-07', 761, 1, 5000, 1, 0),
(2218, 857, '1', '2023-11-08', 335, 1, 5000, 1, 0),
(2219, 858, '1', '2023-11-08', 128, 1, 8000, 1, 0),
(2220, 858, '1', '2023-11-08', 766, 1, 30000, 1, 0),
(2221, 858, '1', '2023-11-08', 562, 2, 2000, 1, 0),
(2222, 859, '1', '2023-11-08', 797, 1, 13000, 1, 0),
(2223, 859, '1', '2023-11-08', 456, 1, 25000, 1, 0),
(2224, 859, '1', '2023-11-08', 450, 1, 10000, 1, 0),
(2225, 859, '1', '2023-11-08', 562, 2, 2000, 1, 0),
(2229, 860, '1', '2023-11-08', 127, 3, 8000, 1, 0),
(2230, 861, '1', '2023-11-08', 763, 1, 6000, 1, 0),
(2231, 861, '1', '2023-11-08', 126, 1, 9000, 1, 0),
(2233, 862, '1', '2023-11-08', 715, 2, 8000, 1, 0),
(2234, 862, '1', '2023-11-08', 699, 1, 2000, 1, 0),
(2235, 862, '1', '2023-11-08', 264, 1, 9000, 1, 0),
(2236, 862, '1', '2023-11-08', 263, 1, 500, 1, 0),
(2237, 862, '1', '2023-11-08', 377, 1, 95000, 1, 0),
(2240, 863, '1', '2023-11-08', 418, 2, 100000, 1, 0),
(2241, 864, '1', '2023-11-08', 742, 1, 57000, 1, 0),
(2242, 865, '1', '2023-11-08', 127, 2, 8000, 1, 0),
(2243, 866, '1', '2023-11-08', 668, 1, 34000, 1, 0),
(2244, 867, '1', '2023-11-08', 601, 1, 32000, 1, 10),
(2245, 867, '1', '2023-11-08', 287, 1, 30000, 1, 10),
(2247, 868, '1', '2023-11-09', 42, 1, 67000, 1, 0),
(2248, 869, '1', '2023-11-09', 368, 1, 95000, 1, 0),
(2249, 869, '1', '2023-11-09', 848, 2, 34000, 1, 0),
(2250, 869, '1', '2023-11-09', 375, 1, 41000, 1, 0),
(2251, 869, '1', '2023-11-09', 282, 2, 41000, 1, 0),
(2255, 870, '1', '2023-11-09', 668, 1, 33000, 1, 0),
(2256, 871, '1', '2023-11-09', 670, 1, 28000, 1, 0),
(2257, 872, '1', '2023-11-09', 127, 1, 8000, 1, 0),
(2258, 873, '1', '2023-11-09', 720, 1, 3000, 1, 0),
(2259, 874, '1', '2023-11-09', 720, 1, 3000, 1, 0),
(2260, 875, '1', '2023-11-09', 720, 1, 3000, 1, 0),
(2261, 876, '1', '2023-11-09', 735, 1, 170000, 1, 0),
(2262, 876, '1', '2023-11-09', 670, 2, 28000, 1, 0),
(2264, 877, '1', '2023-11-10', 766, 1, 30000, 1, 0),
(2265, 878, '1', '2023-11-10', 876, 1, 10000, 1, 0),
(2266, 879, '1', '2023-11-10', 864, 1, 25000, 1, 0),
(2267, 880, '1', '2023-11-10', 127, 1, 8000, 1, 0),
(2268, 880, '1', '2023-11-10', 704, 1, 2000, 1, 0),
(2269, 880, '1', '2023-11-10', 720, 1, 3000, 1, 0),
(2270, 881, '1', '2023-11-10', 90, 1, 365000, 1, 10),
(2271, 881, '1', '2023-11-10', 448, 1, 290000, 1, 10),
(2273, 882, '1', '2023-11-10', 670, 1, 28000, 1, 0),
(2274, 883, '1', '2023-11-11', 599, 1, 30000, 1, 0),
(2275, 884, '1', '2023-11-11', 792, 1, 95000, 1, 0),
(2276, 885, '1', '2023-11-11', 485, 1, 115000, 1, 0),
(2277, 886, '1', '2023-11-13', 720, 2, 3000, 1, 0),
(2278, 887, '1', '2023-11-13', 195, 2, 5000, 1, 0),
(2279, 888, '1', '2023-11-13', 813, 1, 5000, 1, 0),
(2280, 889, '1', '2023-11-13', 670, 1, 28000, 1, 0),
(2281, 890, '1', '2023-11-14', 127, 1, 8000, 1, 0),
(2282, 891, '1', '2023-11-14', 124, 1, 10000, 1, 0),
(2283, 892, '1', '2023-11-14', 533, 2, 25000, 1, 0),
(2284, 893, '1', '2023-11-14', 626, 1, 21100, 1, 0),
(2285, 893, '1', '2023-11-14', 913, 1, 340000, 1, 0),
(2287, 894, '1', '2023-11-14', 127, 1, 8000, 1, 0),
(2288, 894, '1', '2023-11-14', 154, 1, 7000, 1, 10),
(2289, 894, '1', '2023-11-14', 166, 1, 13000, 1, 10),
(2290, 894, '1', '2023-11-14', 785, 1, 13000, 1, 10),
(2291, 894, '1', '2023-11-14', 489, 1, 10000, 1, 0),
(2294, 895, '1', '2023-11-14', 670, 2, 28000, 1, 0),
(2295, 895, '1', '2023-11-14', 751, 1, 5000, 1, 0),
(2296, 895, '1', '2023-11-14', 562, 2, 2000, 1, 0),
(2297, 895, '1', '2023-11-14', 178, 1, 3000, 1, 0),
(2298, 895, '1', '2023-11-14', 537, 1, 4000, 1, 0),
(2301, 896, '1', '2023-11-14', 703, 2, 5500, 1, 0),
(2302, 897, '1', '2023-11-14', 507, 1, 6000, 1, 0),
(2303, 898, '1', '2023-11-14', 127, 1, 8000, 1, 0),
(2304, 898, '1', '2023-11-14', 128, 1, 8000, 1, 0),
(2305, 898, '1', '2023-11-14', 667, 4, 500, 1, 0),
(2306, 898, '1', '2023-11-14', 670, 2, 28000, 1, 0),
(2307, 898, '1', '2023-11-14', 360, 1, 12000, 1, 0),
(2308, 898, '1', '2023-11-14', 124, 1, 10000, 1, 0),
(2309, 898, '1', '2023-11-14', 562, 4, 2000, 1, 0),
(2310, 899, '1', '2023-11-14', 720, 2, 3000, 1, 0),
(2311, 899, '1', '2023-11-14', 704, 1, 2000, 1, 0),
(2313, 900, '1', '2023-11-14', 798, 1, 56000, 1, 0),
(2314, 900, '1', '2023-11-14', 533, 2, 25000, 1, 0),
(2315, 900, '1', '2023-11-14', 766, 2, 30000, 1, 0),
(2316, 900, '1', '2023-11-14', 298, 1, 10000, 1, 0),
(2317, 900, '1', '2023-11-14', 885, 1, 9000, 1, 0),
(2318, 901, '1', '2023-11-15', 668, 1, 34000, 1, 0),
(2319, 901, '1', '2023-11-15', 593, 1, 5000, 1, 0),
(2321, 902, '1', '2023-11-15', 797, 1, 13000, 1, 0),
(2322, 902, '1', '2023-11-15', 578, 2, 75000, 1, 0),
(2323, 902, '1', '2023-11-15', 600, 1, 30000, 1, 0),
(2324, 902, '1', '2023-11-15', 870, 1, 14000, 1, 0),
(2325, 902, '1', '2023-11-15', 713, 3, 500, 1, 0),
(2328, 903, '1', '2023-11-15', 761, 1, 5000, 1, 0),
(2329, 904, '1', '2023-11-15', 674, 1, 15000, 1, 0),
(2330, 905, '1', '2023-11-15', 761, 1, 5000, 1, 0),
(2331, 906, '1', '2023-11-15', 670, 1, 28000, 1, 0),
(2332, 907, '1', '2023-11-15', 707, 1, 12000, 1, 0),
(2333, 907, '1', '2023-11-15', 764, 1, 3500, 1, 0),
(2335, 908, '1', '2023-11-15', 674, 1, 15000, 1, 0),
(2336, 908, '1', '2023-11-15', 670, 1, 28000, 1, 0),
(2338, 909, '1', '2023-11-16', 714, 1, 30000, 1, 0),
(2339, 909, '1', '2023-11-16', 848, 1, 34000, 1, 0),
(2340, 909, '1', '2023-11-16', 601, 1, 32000, 1, 0),
(2341, 910, '1', '2023-11-16', 692, 1, 12000, 1, 0),
(2342, 911, '1', '2023-11-16', 674, 2, 15000, 1, 0),
(2343, 912, '1', '2023-11-17', 420, 1, 85000, 1, 0),
(2344, 912, '1', '2023-11-17', 674, 1, 15000, 1, 0),
(2345, 912, '1', '2023-11-17', 930, 1, 3500, 1, 0),
(2346, 912, '1', '2023-11-17', 876, 1, 10000, 1, 0),
(2347, 912, '1', '2023-11-17', 194, 1, 22000, 1, 0),
(2348, 912, '1', '2023-11-17', 138, 1, 39000, 1, 0),
(2349, 912, '1', '2023-11-17', 238, 1, 25000, 1, 0),
(2350, 913, '1', '2023-11-17', 307, 1, 28000, 1, 0),
(2351, 913, '1', '2023-11-17', 929, 1, 40000, 1, 0),
(2352, 913, '1', '2023-11-17', 711, 2, 4000, 1, 0),
(2353, 913, '1', '2023-11-17', 699, 1, 10000, 1, 0),
(2357, 914, '1', '2023-11-17', 846, 2, 105000, 1, 0),
(2358, 915, '1', '2023-11-17', 797, 1, 13000, 1, 0),
(2359, 915, '1', '2023-11-17', 877, 1, 10000, 1, 0),
(2360, 915, '1', '2023-11-17', 861, 1, 10000, 1, 0),
(2361, 915, '1', '2023-11-17', 127, 1, 8000, 1, 0),
(2365, 916, '1', '2023-11-17', 659, 2, 7000, 1, 0),
(2366, 917, '1', '2023-11-17', 874, 1, 5000, 1, 0),
(2367, 918, '1', '2023-11-20', 598, 1, 32000, 1, 0),
(2368, 919, '1', '2023-11-20', 899, 1, 36000, 1, 0),
(2369, 919, '1', '2023-11-20', 820, 1, 44000, 1, 0),
(2370, 919, '1', '2023-11-20', 823, 1, 2000, 1, 0),
(2371, 920, '1', '2023-11-20', 672, 1, 25000, 1, 0),
(2372, 920, '1', '2023-11-20', 779, 1, 17000, 1, 0),
(2374, 921, '1', '2023-11-20', 28, 1, 70000, 1, 0),
(2375, 922, '1', '2023-11-20', 116, 1, 19000, 1, 0),
(2376, 923, '1', '2023-11-20', 766, 1, 30000, 1, 0),
(2377, 924, '1', '2023-11-20', 877, 1, 10000, 1, 0),
(2378, 924, '1', '2023-11-20', 127, 1, 8000, 1, 0),
(2379, 924, '1', '2023-11-20', 780, 1, 12000, 1, 0),
(2380, 924, '1', '2023-11-20', 52, 1, 13000, 1, 0),
(2381, 924, '1', '2023-11-20', 910, 1, 27000, 1, 0),
(2382, 924, '1', '2023-11-20', 667, 4, 500, 1, 0),
(2383, 924, '1', '2023-11-20', 761, 1, 5000, 1, 0),
(2384, 925, '1', '2023-11-20', 813, 1, 5000, 1, 0),
(2385, 926, '1', '2023-11-20', 708, 1, 12000, 1, 0),
(2386, 927, '1', '2023-11-20', 127, 1, 8000, 1, 0),
(2387, 928, '1', '2023-11-20', 126, 1, 9000, 1, 0),
(2388, 929, '1', '2023-11-21', 121, 1, 12000, 1, 0),
(2389, 929, '1', '2023-11-21', 597, 1, 56000, 1, 0),
(2391, 930, '1', '2023-11-21', 777, 1, 17000, 1, 0),
(2392, 931, '1', '2023-11-21', 373, 1, 20000, 1, 0),
(2393, 932, '1', '2023-11-21', 210, 1, 10000, 1, 0),
(2394, 933, '1', '2023-11-21', 672, 1, 25000, 1, 0),
(2395, 934, '1', '2023-11-21', 874, 1, 5000, 1, 0),
(2396, 935, '1', '2023-11-22', 638, 1, 40000, 1, 0),
(2397, 936, '1', '2023-11-22', 116, 1, 18000, 1, 0),
(2398, 937, '1', '2023-11-22', 643, 1, 25000, 1, 0),
(2399, 938, '1', '2023-11-22', 600, 1, 30000, 1, 0),
(2400, 938, '1', '2023-11-22', 693, 1, 17000, 1, 0),
(2402, 939, '1', '2023-11-23', 786, 1, 26000, 1, 0),
(2403, 940, '1', '2023-11-23', 720, 1, 3000, 1, 0),
(2404, 941, '1', '2023-11-23', 127, 1, 8000, 1, 0),
(2405, 942, '1', '2023-11-24', 674, 1, 15000, 1, 0),
(2406, 942, '1', '2023-11-24', 720, 1, 3000, 1, 0),
(2407, 942, '1', '2023-11-24', 562, 1, 1000, 1, 0),
(2408, 942, '1', '2023-11-24', 129, 1, 10000, 1, 0),
(2409, 942, '1', '2023-11-24', 360, 1, 12000, 1, 0),
(2410, 942, '1', '2023-11-24', 128, 1, 8000, 1, 0),
(2411, 942, '1', '2023-11-24', 710, 2, 500, 1, 0),
(2412, 943, '1', '2023-11-24', 98, 2, 55000, 1, 10),
(2413, 943, '1', '2023-11-24', 195, 2, 5000, 1, 10),
(2414, 943, '1', '2023-11-24', 106, 1, 5000, 1, 0),
(2415, 943, '1', '2023-11-24', 667, 2, 500, 1, 0),
(2416, 943, '1', '2023-11-24', 129, 1, 10000, 1, 0),
(2417, 943, '1', '2023-11-24', 721, 1, 13000, 1, 0),
(2418, 943, '1', '2023-11-24', 562, 4, 2000, 1, 0),
(2419, 943, '1', '2023-11-24', 809, 1, 13000, 1, 0),
(2427, 944, '1', '2023-11-24', 720, 1, 3000, 1, 0),
(2428, 944, '1', '2023-11-24', 704, 1, 2000, 1, 0),
(2430, 945, '1', '2023-11-24', 848, 1, 34000, 1, 0),
(2431, 946, '1', '2023-11-25', 715, 1, 8000, 1, 0),
(2432, 946, '1', '2023-11-25', 212, 1, 10000, 1, 0),
(2434, 947, '1', '2023-11-25', 491, 1, 15000, 1, 0),
(2435, 948, '1', '2023-11-25', 598, 1, 32000, 1, 0),
(2436, 949, '1', '2023-11-25', 360, 1, 10000, 1, 0),
(2437, 949, '1', '2023-11-25', 270, 1, 7000, 1, 0),
(2439, 950, '1', '2023-11-25', 777, 1, 17000, 1, 10),
(2440, 951, '1', '2023-11-25', 287, 1, 32000, 1, 0),
(2441, 952, '1', '2023-11-25', 533, 2, 25000, 1, 0),
(2442, 953, '1', '2023-11-27', 668, 1, 34000, 1, 0),
(2443, 953, '1', '2023-11-27', 589, 1, 6000, 1, 0),
(2445, 954, '1', '2023-11-27', 162, 1, 5000, 1, 0),
(2446, 954, '1', '2023-11-27', 904, 1, 52000, 1, 0),
(2447, 954, '1', '2023-11-27', 695, 1, 13000, 1, 0),
(2448, 954, '1', '2023-11-27', 391, 1, 20000, 1, 0),
(2452, 955, '1', '2023-11-27', 813, 1, 5000, 1, 0),
(2453, 955, '1', '2023-11-27', 75, 1, 35000, 1, 0),
(2454, 955, '1', '2023-11-27', 127, 1, 8000, 1, 0),
(2455, 955, '1', '2023-11-27', 342, 2, 500, 1, 0),
(2459, 956, '1', '2023-11-27', 877, 1, 10000, 1, 0),
(2460, 956, '1', '2023-11-27', 783, 1, 75000, 1, 0),
(2461, 956, '1', '2023-11-27', 455, 1, 25000, 1, 0),
(2462, 956, '1', '2023-11-27', 562, 3, 2000, 1, 0),
(2466, 957, '1', '2023-11-28', 373, 1, 30000, 1, 0),
(2467, 957, '1', '2023-11-28', 796, 1, 20000, 1, 0),
(2468, 957, '1', '2023-11-28', 667, 4, 500, 1, 0),
(2469, 957, '1', '2023-11-28', 599, 1, 30000, 1, 0),
(2473, 958, '1', '2023-11-28', 367, 1, 250000, 1, 0),
(2474, 958, '1', '2023-11-28', 368, 1, 90000, 1, 0),
(2475, 958, '1', '2023-11-28', 641, 1, 18000, 1, 0),
(2476, 958, '1', '2023-11-28', 231, 3, 5000, 1, 0),
(2480, 959, '1', '2023-11-28', 489, 1, 10000, 1, 0),
(2481, 960, '1', '2023-11-29', 811, 1, 27000, 1, 0),
(2482, 960, '1', '2023-11-29', 127, 1, 8000, 1, 0),
(2483, 960, '1', '2023-11-29', 154, 1, 7000, 1, 0),
(2484, 960, '1', '2023-11-29', 877, 1, 10000, 1, 0),
(2485, 960, '1', '2023-11-29', 505, 2, 10000, 1, 0),
(2486, 960, '1', '2023-11-29', 450, 1, 10000, 1, 0),
(2488, 961, '1', '2023-11-29', 668, 2, 34000, 1, 0),
(2489, 961, '1', '2023-11-29', 124, 1, 10000, 1, 0),
(2490, 961, '1', '2023-11-29', 877, 1, 10000, 1, 0),
(2491, 961, '1', '2023-11-29', 127, 1, 8000, 1, 0),
(2492, 961, '1', '2023-11-29', 667, 2, 500, 1, 0),
(2495, 962, '1', '2023-11-29', 870, 1, 5000, 1, 0),
(2496, 963, '1', '2023-11-29', 124, 1, 10000, 1, 0),
(2497, 964, '1', '2023-11-29', 877, 1, 10000, 1, 0),
(2498, 964, '1', '2023-11-29', 360, 1, 12000, 1, 0),
(2499, 964, '1', '2023-11-29', 713, 2, 500, 1, 0),
(2500, 964, '1', '2023-11-29', 699, 1, 2000, 1, 0),
(2504, 965, '1', '2023-11-29', 708, 1, 12000, 1, 0),
(2505, 966, '1', '2023-11-29', 848, 2, 34000, 1, 0),
(2506, 966, '1', '2023-11-29', 127, 3, 8000, 1, 0),
(2507, 966, '1', '2023-11-29', 667, 4, 500, 1, 0),
(2508, 966, '1', '2023-11-29', 249, 1, 18000, 1, 0),
(2509, 966, '1', '2023-11-29', 599, 1, 32000, 1, 0),
(2512, 967, '1', '2023-11-29', 127, 1, 8000, 1, 0),
(2513, 968, '1', '2023-11-29', 674, 1, 15000, 1, 0),
(2514, 969, '1', '2023-11-29', 720, 1, 3000, 1, 0),
(2515, 970, '1', '2023-11-30', 217, 1, 72000, 1, 0),
(2516, 970, '1', '2023-11-30', 302, 1, 20000, 1, 0),
(2518, 971, '1', '2023-11-30', 597, 1, 57000, 1, 0),
(2519, 972, '1', '2023-11-30', 678, 1, 22000, 1, 0),
(2520, 973, '1', '2023-11-30', 188, 1, 12500, 1, 0),
(2521, 974, '1', '2023-12-01', 796, 1, 20000, 1, 0),
(2522, 974, '1', '2023-12-01', 680, 1, 28000, 1, 0),
(2523, 974, '1', '2023-12-01', 667, 4, 500, 1, 0),
(2524, 975, '1', '2023-12-01', 846, 1, 110000, 1, 0),
(2525, 976, '1', '2023-12-01', 636, 2, 5000, 1, 0),
(2526, 977, '1', '2023-12-01', 429, 1, 15000, 1, 0),
(2527, 977, '1', '2023-12-01', 715, 1, 8000, 1, 0),
(2529, 978, '1', '2023-12-02', 489, 2, 10000, 1, 0),
(2530, 979, '1', '2023-12-02', 373, 1, 20000, 1, 10),
(2531, 980, '1', '2023-12-04', 678, 1, 22000, 1, 0),
(2532, 981, '1', '2023-12-04', 254, 1, 11000, 1, 0),
(2533, 982, '1', '2023-12-04', 674, 1, 15000, 1, 0),
(2534, 983, '1', '2023-12-04', 229, 2, 5000, 1, 0),
(2535, 984, '1', '2023-12-04', 915, 1, 70000, 1, 0),
(2536, 985, '1', '2023-12-04', 147, 1, 7000, 1, 0),
(2537, 986, '1', '2023-12-04', 796, 1, 20000, 1, 0),
(2538, 986, '1', '2023-12-04', 848, 2, 34000, 1, 0),
(2539, 986, '1', '2023-12-04', 667, 4, 500, 1, 0),
(2540, 986, '1', '2023-12-04', 246, 1, 8000, 1, 0),
(2544, 987, '1', '2023-12-04', 667, 1, 500, 1, 0),
(2545, 987, '1', '2023-12-04', 127, 1, 8000, 1, 0),
(2547, 988, '1', '2023-12-04', 879, 2, 8000, 1, 0),
(2548, 989, '1', '2023-12-04', 127, 1, 8000, 1, 0),
(2549, 990, '1', '2023-12-05', 245, 1, 10000, 1, 0);
INSERT INTO `salida_productos` (`id_salida`, `numero_fact`, `nombre_fact`, `fecha_salida`, `id_producto`, `cantidad`, `monto`, `id_usuario`, `desc_product`) VALUES
(2550, 991, '1', '2023-12-05', 126, 1, 9000, 1, 0),
(2551, 992, '1', '2023-12-05', 450, 1, 10000, 1, 0),
(2552, 992, '1', '2023-12-05', 786, 2, 26000, 1, 0),
(2553, 992, '1', '2023-12-05', 877, 1, 10000, 1, 0),
(2554, 992, '1', '2023-12-05', 751, 1, 5000, 1, 0),
(2555, 992, '1', '2023-12-05', 720, 1, 3000, 1, 0),
(2558, 993, '1', '2023-12-05', 877, 1, 10000, 1, 0),
(2559, 993, '1', '2023-12-05', 667, 4, 500, 1, 0),
(2560, 993, '1', '2023-12-05', 450, 1, 10000, 1, 0),
(2561, 993, '1', '2023-12-05', 450, 1, 10000, 1, 0),
(2562, 993, '1', '2023-12-05', 141, 1, 15000, 1, 0),
(2565, 994, '1', '2023-12-05', 670, 2, 28000, 1, 0),
(2566, 994, '1', '2023-12-05', 780, 1, 12000, 1, 0),
(2567, 994, '1', '2023-12-05', 450, 1, 10000, 1, 0),
(2568, 994, '1', '2023-12-05', 498, 2, 28000, 1, 0),
(2569, 994, '1', '2023-12-05', 701, 2, 5000, 1, 0),
(2570, 994, '1', '2023-12-05', 957, 1, 7600, 1, 0),
(2572, 995, '1', '2023-12-05', 243, 1, 17000, 1, 0),
(2573, 996, '1', '2023-12-06', 762, 1, 4000, 1, 0),
(2574, 997, '1', '2023-12-06', 902, 1, 67000, 1, 0),
(2575, 998, '1', '2023-12-06', 429, 1, 15000, 1, 15),
(2576, 999, '1', '2023-12-06', 877, 1, 10000, 1, 0),
(2577, 999, '1', '2023-12-06', 667, 4, 500, 1, 0),
(2579, 1000, '1', '2023-12-06', 793, 2, 110000, 1, 0),
(2580, 1001, '1', '2023-12-06', 529, 1, 25000, 1, 0),
(2581, 1001, '1', '2023-12-06', 720, 1, 3000, 1, 0),
(2583, 1002, '1', '2023-12-06', 871, 1, 25000, 1, 0),
(2584, 1002, '1', '2023-12-06', 127, 1, 8000, 1, 0),
(2585, 1002, '1', '2023-12-06', 848, 2, 34000, 1, 0),
(2586, 1003, '1', '2023-12-06', 670, 2, 28000, 1, 0),
(2587, 1003, '1', '2023-12-06', 127, 2, 8000, 1, 0),
(2589, 1004, '1', '2023-12-06', 877, 1, 10000, 1, 0),
(2590, 1005, '1', '2023-12-07', 88, 1, 45000, 1, 0),
(2591, 1006, '1', '2023-12-07', 127, 1, 8000, 1, 0),
(2592, 1007, '1', '2023-12-07', 683, 2, 25000, 1, 0),
(2593, 1007, '1', '2023-12-07', 667, 4, 500, 1, 0),
(2595, 1008, '1', '2023-12-07', 715, 2, 8000, 1, 0),
(2596, 1009, '1', '2023-12-07', 848, 1, 34000, 1, 0),
(2597, 1009, '1', '2023-12-07', 695, 2, 10000, 1, 0),
(2598, 1009, '1', '2023-12-07', 720, 1, 3000, 1, 0),
(2599, 1010, '1', '2023-12-07', 751, 1, 5000, 1, 0),
(2600, 1010, '1', '2023-12-07', 127, 1, 8000, 1, 0),
(2601, 1010, '1', '2023-12-07', 178, 1, 3000, 1, 0),
(2602, 1011, '1', '2023-12-08', 680, 2, 28000, 1, 0),
(2603, 1011, '1', '2023-12-08', 667, 4, 500, 1, 0),
(2604, 1011, '1', '2023-12-08', 127, 1, 8000, 1, 0),
(2605, 1011, '1', '2023-12-08', 877, 1, 10000, 1, 0),
(2606, 1011, '1', '2023-12-08', 360, 2, 12000, 1, 0),
(2609, 1012, '1', '2023-12-08', 682, 2, 30000, 1, 0),
(2610, 1012, '1', '2023-12-08', 127, 1, 8000, 1, 0),
(2612, 1013, '1', '2023-12-09', 560, 1, 29000, 1, 0),
(2613, 1013, '1', '2023-12-09', 761, 1, 6000, 1, 0),
(2615, 1014, '1', '2023-12-09', 498, 2, 25000, 1, 0),
(2616, 1014, '1', '2023-12-09', 874, 1, 5000, 1, 0),
(2618, 1015, '1', '2023-12-11', 766, 1, 30000, 1, 0),
(2619, 1015, '1', '2023-12-11', 708, 1, 12000, 1, 0),
(2620, 1015, '1', '2023-12-11', 122, 1, 8000, 1, 0),
(2621, 1016, '1', '2023-12-11', 793, 1, 105000, 1, 0),
(2622, 1017, '1', '2023-12-11', 680, 2, 28000, 1, 0),
(2623, 1017, '1', '2023-12-11', 958, 1, 30000, 1, 0),
(2625, 1018, '1', '2023-12-11', 259, 1, 5000, 1, 0),
(2626, 1018, '1', '2023-12-11', 713, 1, 500, 1, 0),
(2627, 1018, '1', '2023-12-11', 845, 1, 4000, 1, 0),
(2628, 1019, '1', '2023-12-11', 874, 1, 5000, 1, 0),
(2629, 1020, '1', '2023-12-11', 820, 1, 35000, 1, 0),
(2630, 1020, '1', '2023-12-11', 408, 1, 42000, 1, 0),
(2632, 1021, '1', '2023-12-11', 127, 3, 8000, 1, 0),
(2633, 1022, '1', '2023-12-13', 360, 2, 12000, 1, 0),
(2634, 1023, '1', '2023-12-13', 720, 2, 3000, 1, 0),
(2635, 1024, '1', '2023-12-13', 560, 1, 29000, 1, 0),
(2636, 1025, '1', '2023-12-13', 878, 2, 25000, 1, 0),
(2637, 1025, '1', '2023-12-13', 127, 1, 8000, 1, 0),
(2638, 1025, '1', '2023-12-13', 779, 1, 17000, 1, 0),
(2639, 1025, '1', '2023-12-13', 128, 1, 8000, 1, 0),
(2643, 1026, '1', '2023-12-13', 736, 1, 27000, 1, 10),
(2644, 1027, '1', '2023-12-14', 792, 1, 95000, 1, 0),
(2645, 1027, '1', '2023-12-14', 126, 1, 9000, 1, 0),
(2646, 1027, '1', '2023-12-14', 491, 1, 15000, 1, 0),
(2647, 1028, '1', '2023-12-14', 867, 1, 10000, 1, 0),
(2648, 1029, '1', '2023-12-14', 245, 2, 10000, 1, 0),
(2649, 1029, '1', '2023-12-14', 469, 1, 25000, 1, 0),
(2651, 1030, '1', '2023-12-14', 761, 1, 5000, 1, 0),
(2652, 1031, '1', '2023-12-14', 62, 2, 35000, 1, 0),
(2653, 1031, '1', '2023-12-14', 195, 2, 5000, 1, 0),
(2654, 1031, '1', '2023-12-14', 531, 1, 15000, 1, 0),
(2655, 1031, '1', '2023-12-14', 147, 1, 6000, 1, 0),
(2656, 1031, '1', '2023-12-14', 721, 2, 13000, 1, 0),
(2657, 1031, '1', '2023-12-14', 163, 2, 18000, 1, 0),
(2658, 1031, '1', '2023-12-14', 822, 1, 15000, 1, 0),
(2659, 1031, '1', '2023-12-14', 127, 1, 8000, 1, 0),
(2660, 1031, '1', '2023-12-14', 128, 1, 8000, 1, 0),
(2661, 1031, '1', '2023-12-14', 785, 1, 13500, 1, 0),
(2662, 1031, '1', '2023-12-14', 813, 1, 5000, 1, 0),
(2663, 1031, '1', '2023-12-14', 667, 4, 500, 1, 0),
(2664, 1031, '1', '2023-12-14', 562, 4, 2000, 1, 0),
(2665, 1031, '1', '2023-12-14', 73, 1, 118000, 1, 0),
(2667, 1032, '1', '2023-12-14', 644, 4, 20000, 1, 0),
(2668, 1033, '1', '2023-12-15', 916, 1, 162000, 1, 0),
(2669, 1034, '1', '2023-12-15', 399, 1, 24000, 1, 0),
(2670, 1035, '1', '2023-12-15', 766, 1, 30000, 1, 0),
(2671, 1036, '1', '2023-12-15', 659, 1, 5000, 1, 0),
(2672, 1037, '1', '2023-12-15', 366, 1, 100000, 1, 0),
(2673, 1038, '1', '2023-12-15', 956, 2, 5000, 1, 0),
(2674, 1039, '1', '2023-12-15', 282, 2, 40000, 1, 10),
(2675, 1040, '1', '2023-12-15', 270, 1, 6000, 1, 0),
(2676, 1041, '1', '2023-12-15', 506, 1, 78000, 1, 10),
(2677, 1042, '1', '2023-12-15', 420, 1, 95000, 1, 0),
(2678, 1043, '1', '2023-12-15', 569, 1, 30000, 1, 0),
(2679, 1043, '1', '2023-12-15', 969, 1, 160000, 1, 0),
(2680, 1043, '1', '2023-12-15', 298, 1, 13000, 1, 0),
(2681, 1044, '1', '2023-12-15', 259, 2, 5000, 1, 0),
(2682, 1044, '1', '2023-12-15', 127, 1, 8000, 1, 0),
(2684, 1045, '1', '2023-12-16', 848, 1, 34000, 1, 0),
(2685, 1045, '1', '2023-12-16', 128, 1, 8000, 1, 0),
(2686, 1045, '1', '2023-12-16', 562, 1, 2000, 1, 0),
(2687, 1045, '1', '2023-12-16', 861, 1, 7000, 1, 0),
(2691, 1046, '1', '2023-12-16', 671, 1, 28000, 1, 0),
(2692, 1047, '1', '2023-12-16', 761, 1, 5000, 1, 0),
(2693, 1047, '1', '2023-12-16', 243, 1, 17000, 1, 0),
(2695, 1048, '1', '2023-12-16', 860, 1, 84000, 1, 0),
(2696, 1049, '1', '2023-12-16', 956, 2, 5000, 1, 0),
(2697, 1050, '1', '2023-12-16', 674, 1, 15000, 1, 0),
(2698, 1051, '1', '2023-12-18', 669, 2, 28000, 1, 0),
(2699, 1051, '1', '2023-12-18', 871, 1, 25000, 1, 0),
(2701, 1052, '1', '2023-12-18', 669, 1, 28000, 1, 0),
(2702, 1053, '1', '2023-12-18', 778, 1, 48000, 1, 0),
(2703, 1053, '1', '2023-12-18', 128, 1, 8000, 1, 0),
(2704, 1053, '1', '2023-12-18', 450, 1, 10000, 1, 0),
(2705, 1054, '1', '2023-12-18', 506, 1, 78000, 1, 0),
(2706, 1054, '1', '2023-12-18', 715, 2, 8000, 1, 0),
(2707, 1054, '1', '2023-12-18', 442, 1, 120000, 1, 0),
(2708, 1054, '1', '2023-12-18', 313, 1, 17000, 1, 0),
(2712, 1055, '1', '2023-12-18', 776, 1, 45000, 1, 0),
(2713, 1056, '1', '2023-12-18', 986, 1, 43000, 1, 0),
(2714, 1057, '1', '2023-12-18', 151, 1, 63000, 1, 15),
(2715, 1058, '1', '2023-12-18', 491, 1, 15000, 1, 0),
(2716, 1059, '1', '2023-12-18', 720, 2, 3000, 1, 0),
(2717, 1060, '1', '2023-12-18', 432, 1, 25000, 1, 0),
(2718, 1060, '1', '2023-12-18', 429, 1, 15000, 1, 0),
(2719, 1060, '1', '2023-12-18', 270, 1, 7000, 1, 0),
(2720, 1060, '1', '2023-12-18', 127, 1, 8000, 1, 0),
(2721, 1060, '1', '2023-12-18', 954, 1, 29000, 1, 0),
(2724, 1061, '1', '2023-12-18', 243, 1, 15000, 1, 0),
(2725, 1061, '1', '2023-12-18', 464, 1, 10000, 1, 0),
(2726, 1061, '1', '2023-12-18', 779, 1, 17000, 1, 0),
(2727, 1061, '1', '2023-12-18', 128, 1, 8000, 1, 0),
(2728, 1061, '1', '2023-12-18', 667, 4, 500, 1, 0),
(2729, 1061, '1', '2023-12-18', 359, 2, 10000, 1, 0),
(2730, 1061, '1', '2023-12-18', 680, 2, 28000, 1, 0),
(2731, 1062, '1', '2023-12-18', 398, 1, 25000, 1, 15),
(2732, 1063, '1', '2023-12-18', 142, 1, 123000, 1, 0),
(2733, 1064, '1', '2023-12-18', 242, 2, 3000, 1, 0),
(2734, 1065, '1', '2023-12-18', 666, 1, 5000, 1, 0),
(2735, 1066, '1', '2023-12-18', 680, 2, 28000, 1, 0),
(2736, 1066, '1', '2023-12-18', 958, 1, 30000, 1, 0),
(2738, 1067, '1', '2023-12-19', 134, 1, 20000, 1, 0),
(2739, 1068, '1', '2023-12-19', 360, 2, 12000, 1, 0),
(2740, 1068, '1', '2023-12-19', 128, 2, 8000, 1, 0),
(2742, 1069, '1', '2023-12-19', 671, 2, 28000, 1, 0),
(2743, 1069, '1', '2023-12-19', 126, 1, 9000, 1, 0),
(2745, 1070, '1', '2023-12-19', 846, 2, 105000, 1, 0),
(2746, 1071, '1', '2023-12-19', 998, 1, 25000, 1, 0),
(2747, 1071, '1', '2023-12-19', 820, 1, 35000, 1, 0),
(2748, 1071, '1', '2023-12-19', 408, 1, 42000, 1, 0),
(2749, 1071, '1', '2023-12-19', 167, 1, 15500, 1, 0),
(2750, 1071, '1', '2023-12-19', 79, 1, 28000, 1, 0),
(2751, 1071, '1', '2023-12-19', 72, 1, 17000, 1, 0),
(2753, 1072, '1', '2023-12-19', 956, 2, 5000, 1, 0),
(2754, 1073, '1', '2023-12-19', 974, 2, 40000, 1, 0),
(2755, 1073, '1', '2023-12-19', 848, 2, 34000, 1, 0),
(2757, 1074, '1', '2023-12-19', 443, 1, 32000, 1, 0),
(2758, 1074, '1', '2023-12-19', 439, 1, 4000, 1, 0),
(2759, 1074, '1', '2023-12-19', 495, 1, 94000, 1, 0),
(2760, 1075, '1', '2023-12-19', 674, 1, 15000, 1, 0),
(2761, 1076, '1', '2023-12-19', 827, 1, 55000, 1, 0),
(2762, 1077, '1', '2023-12-20', 959, 1, 10000, 1, 0),
(2763, 1077, '1', '2023-12-20', 954, 1, 29000, 1, 0),
(2764, 1077, '1', '2023-12-20', 178, 2, 3000, 1, 0),
(2765, 1077, '1', '2023-12-20', 220, 1, 22000, 1, 0),
(2769, 1078, '1', '2023-12-20', 128, 1, 8000, 1, 0),
(2770, 1078, '1', '2023-12-20', 147, 1, 6000, 1, 0),
(2771, 1078, '1', '2023-12-20', 359, 1, 10000, 1, 0),
(2772, 1078, '1', '2023-12-20', 126, 1, 9000, 1, 0),
(2776, 1079, '1', '2023-12-20', 562, 2, 2000, 1, 0),
(2777, 1080, '1', '2023-12-20', 786, 1, 26000, 1, 0),
(2778, 1081, '1', '2023-12-20', 865, 2, 3000, 1, 0),
(2779, 1082, '1', '2023-12-20', 641, 1, 18000, 1, 0),
(2780, 1082, '1', '2023-12-20', 127, 1, 8000, 1, 0),
(2782, 1083, '1', '2023-12-20', 868, 1, 7000, 1, 0),
(2783, 1084, '1', '2023-12-20', 818, 1, 42000, 1, 0),
(2784, 1085, '1', '2023-12-21', 972, 1, 37000, 1, 0),
(2785, 1086, '1', '2023-12-21', 720, 1, 3000, 1, 0),
(2786, 1087, '1', '2023-12-21', 455, 1, 25000, 1, 0),
(2787, 1088, '1', '2023-12-21', 671, 1, 28000, 1, 0),
(2788, 1088, '1', '2023-12-21', 751, 1, 5000, 1, 0),
(2789, 1088, '1', '2023-12-21', 178, 1, 3000, 1, 0),
(2790, 1089, '1', '2023-12-21', 119, 1, 108000, 1, 5),
(2791, 1089, '1', '2023-12-21', 492, 1, 10000, 1, 0),
(2793, 1090, '1', '2023-12-21', 670, 2, 28000, 1, 0),
(2794, 1090, '1', '2023-12-21', 128, 1, 8000, 1, 0),
(2795, 1090, '1', '2023-12-21', 958, 1, 30000, 1, 0),
(2796, 1090, '1', '2023-12-21', 667, 4, 500, 1, 0),
(2800, 1091, '1', '2023-12-21', 898, 1, 38000, 1, 0),
(2801, 1091, '1', '2023-12-21', 897, 1, 42000, 1, 0),
(2803, 1092, '1', '2023-12-21', 601, 1, 32000, 1, 0),
(2804, 1093, '1', '2023-12-21', 720, 1, 3000, 1, 0),
(2805, 1093, '1', '2023-12-21', 704, 1, 2000, 1, 0),
(2807, 1094, '1', '2023-12-21', 455, 1, 25000, 1, 10),
(2808, 1095, '1', '2023-12-21', 272, 1, 26000, 1, 0),
(2809, 1095, '1', '2023-12-21', 762, 1, 3000, 1, 0),
(2810, 1095, '1', '2023-12-21', 708, 1, 12000, 1, 0),
(2811, 1095, '1', '2023-12-21', 126, 1, 9000, 1, 0),
(2812, 1096, '1', '2023-12-22', 708, 1, 12000, 1, 0),
(2813, 1096, '1', '2023-12-22', 122, 1, 8000, 1, 0),
(2814, 1096, '1', '2023-12-22', 956, 1, 5000, 1, 0),
(2815, 1096, '1', '2023-12-22', 967, 1, 10000, 1, 0),
(2816, 1096, '1', '2023-12-22', 489, 1, 10000, 1, 0),
(2817, 1096, '1', '2023-12-22', 128, 1, 8000, 1, 0),
(2818, 1096, '1', '2023-12-22', 264, 1, 5000, 1, 0),
(2819, 1096, '1', '2023-12-22', 704, 1, 2000, 1, 0),
(2820, 1096, '1', '2023-12-22', 793, 1, 120000, 1, 0),
(2821, 1096, '1', '2023-12-22', 491, 1, 10000, 1, 0),
(2827, 1097, '1', '2023-12-22', 164, 1, 20000, 1, 0),
(2828, 1097, '1', '2023-12-22', 155, 1, 4000, 1, 0),
(2830, 1098, '1', '2023-12-23', 127, 1, 8000, 1, 0),
(2831, 1099, '1', '2023-12-23', 128, 1, 8000, 1, 0),
(2832, 1099, '1', '2023-12-23', 450, 2, 10000, 1, 0),
(2834, 1100, '1', '2023-12-23', 667, 4, 500, 1, 0),
(2835, 1100, '1', '2023-12-23', 680, 2, 28000, 1, 0),
(2836, 1100, '1', '2023-12-23', 128, 1, 8000, 1, 0),
(2837, 1101, '1', '2023-12-26', 783, 1, 75000, 1, 15),
(2838, 1101, '1', '2023-12-26', 360, 1, 12000, 1, 15),
(2840, 1102, '1', '2023-12-26', 643, 1, 25000, 1, 0),
(2841, 1102, '1', '2023-12-26', 292, 1, 5000, 1, 0),
(2843, 1103, '1', '2023-12-26', 180, 4, 4000, 1, 0),
(2844, 1103, '1', '2023-12-26', 691, 1, 18000, 1, 0),
(2846, 1104, '1', '2023-12-26', 848, 1, 34000, 1, 0),
(2847, 1105, '1', '2023-12-26', 720, 1, 3000, 1, 0),
(2848, 1106, '1', '2023-12-26', 126, 1, 9000, 1, 0),
(2849, 1107, '1', '2023-12-26', 577, 1, 41000, 1, 0),
(2850, 1108, '1', '2023-12-26', 174, 1, 63000, 1, 10),
(2851, 1109, '1', '2023-12-26', 667, 4, 500, 1, 0),
(2852, 1109, '1', '2023-12-26', 682, 2, 30000, 1, 0),
(2853, 1109, '1', '2023-12-26', 128, 1, 8000, 1, 0),
(2854, 1109, '1', '2023-12-26', 127, 1, 8000, 1, 0),
(2855, 1109, '1', '2023-12-26', 780, 1, 12000, 1, 0),
(2858, 1110, '1', '2023-12-26', 875, 1, 20000, 1, 0),
(2859, 1111, '1', '2023-12-26', 805, 1, 25000, 1, 0),
(2860, 1111, '1', '2023-12-26', 626, 1, 21100, 1, 0),
(2861, 1111, '1', '2023-12-26', 848, 2, 34000, 1, 0),
(2862, 1112, '1', '2023-12-27', 441, 1, 10000, 1, 0),
(2863, 1113, '1', '2023-12-27', 16, 1, 99000, 1, 15),
(2864, 1114, '1', '2023-12-27', 258, 1, 110000, 1, 10),
(2865, 1114, '1', '2023-12-27', 1000, 1, 10000, 1, 0),
(2867, 1115, '1', '2023-12-27', 128, 1, 8000, 1, 0),
(2868, 1115, '1', '2023-12-27', 490, 1, 10000, 1, 0),
(2869, 1115, '1', '2023-12-27', 562, 2, 2000, 1, 0),
(2870, 1115, '1', '2023-12-27', 127, 1, 8000, 1, 0),
(2874, 1116, '1', '2023-12-27', 670, 1, 28000, 1, 0),
(2875, 1117, '1', '2023-12-28', 126, 1, 9000, 1, 0),
(2876, 1118, '1', '2023-12-28', 1039, 1, 12000, 1, 0),
(2877, 1119, '1', '2023-12-28', 877, 1, 10000, 1, 0),
(2878, 1119, '1', '2023-12-28', 848, 2, 34000, 1, 0),
(2879, 1119, '1', '2023-12-28', 667, 4, 500, 1, 0),
(2880, 1120, '1', '2023-12-28', 519, 1, 10000, 1, 0),
(2881, 1120, '1', '2023-12-28', 1010, 1, 45000, 1, 0),
(2883, 1121, '1', '2023-12-28', 313, 1, 17000, 1, 0),
(2884, 1122, '1', '2023-12-28', 359, 1, 10000, 1, 0),
(2885, 1122, '1', '2023-12-28', 562, 2, 2000, 1, 0),
(2886, 1122, '1', '2023-12-28', 667, 2, 500, 1, 0),
(2887, 1123, '1', '2023-12-28', 446, 1, 110000, 1, 0),
(2888, 1124, '1', '2023-12-28', 359, 2, 10000, 1, 0),
(2889, 1125, '1', '2023-12-28', 720, 1, 3000, 1, 0),
(2890, 1126, '1', '2023-12-28', 305, 1, 8000, 1, 0),
(2891, 1127, '1', '2023-12-28', 766, 2, 30000, 1, 0),
(2892, 1128, '1', '2023-12-28', 431, 1, 25000, 1, 0),
(2893, 1128, '1', '2023-12-28', 761, 1, 5000, 1, 0),
(2894, 1128, '1', '2023-12-28', 848, 2, 34000, 1, 0),
(2895, 1129, '1', '2023-12-28', 956, 2, 5000, 1, 0),
(2896, 1130, '1', '2023-12-29', 490, 1, 10000, 1, 0),
(2897, 1131, '1', '2023-12-29', 418, 1, 100000, 1, 0),
(2898, 1131, '1', '2023-12-29', 1000, 2, 10000, 1, 0),
(2899, 1131, '1', '2023-12-29', 491, 1, 15000, 1, 0),
(2900, 1131, '1', '2023-12-29', 846, 1, 110000, 1, 0),
(2904, 1132, '1', '2023-12-29', 856, 1, 60000, 1, 0),
(2905, 1133, '1', '2023-12-29', 376, 1, 240000, 1, 0),
(2906, 1133, '1', '2023-12-29', 292, 1, 5000, 1, 0),
(2908, 1134, '1', '2023-12-29', 297, 1, 10000, 1, 0),
(2909, 1135, '1', '2023-12-29', 467, 1, 45000, 1, 0),
(2910, 1136, '1', '2023-12-29', 918, 1, 41000, 1, 0),
(2911, 1137, '1', '2023-12-29', 998, 1, 23000, 1, 0),
(2912, 1138, '1', '2023-12-29', 669, 2, 28000, 1, 0),
(2913, 1138, '1', '2023-12-29', 959, 1, 10000, 1, 0),
(2915, 1139, '1', '2023-12-30', 720, 1, 3000, 1, 0),
(2916, 1139, '1', '2023-12-30', 72, 1, 17000, 1, 0),
(2918, 1140, '1', '2023-12-30', 766, 1, 30000, 1, 0),
(2919, 1140, '1', '2023-12-30', 373, 1, 30000, 1, 0),
(2921, 1141, '1', '2023-12-30', 793, 2, 115000, 1, 0),
(2922, 1141, '1', '2023-12-30', 848, 1, 34000, 1, 0),
(2924, 1142, '1', '2023-12-30', 355, 1, 160000, 1, 0),
(2925, 1142, '1', '2023-12-30', 693, 1, 17000, 1, 0),
(2926, 1142, '1', '2023-12-30', 297, 1, 12000, 1, 0),
(2927, 1143, '1', '2024-01-03', 848, 1, 34000, 1, 0),
(2928, 1144, '1', '2024-01-03', 562, 4, 2000, 1, 0),
(2929, 1145, '1', '2024-01-03', 215, 1, 10000, 1, 0),
(2930, 1146, '1', '2024-01-03', 464, 1, 10000, 1, 0),
(2931, 1147, '1', '2024-01-03', 562, 2, 2000, 1, 0),
(2932, 1148, '1', '2024-01-03', 562, 3, 2000, 1, 0),
(2933, 1149, '1', '2024-01-04', 836, 1, 17000, 1, 0),
(2934, 1150, '1', '2024-01-04', 969, 1, 160000, 1, 0),
(2935, 1151, '3', '2024-01-08', 667, 1, 500, 1, 0),
(2936, 1152, '1', '2024-01-09', 678, 1, 22000, 1, 0),
(2937, 1153, '1', '2024-01-09', 678, 1, 22000, 1, 0),
(2938, 1153, '1', '2024-01-09', 1013, 1, 63000, 1, 10),
(2939, 1153, '1', '2024-01-09', 669, 1, 34000, 1, 0),
(2940, 1153, '1', '2024-01-09', 129, 1, 13000, 1, 0),
(2941, 1153, '1', '2024-01-09', 361, 2, 12000, 1, 0),
(2942, 1153, '1', '2024-01-09', 359, 2, 10000, 1, 0),
(2943, 1153, '1', '2024-01-09', 562, 3, 2000, 1, 0),
(2944, 1153, '1', '2024-01-09', 869, 1, 5000, 1, 0),
(2945, 1153, '1', '2024-01-09', 667, 4, 500, 1, 0),
(2946, 1153, '1', '2024-01-09', 342, 2, 500, 1, 0),
(2947, 1153, '1', '2024-01-09', 342, 4, 500, 1, 0),
(2948, 1153, '1', '2024-01-09', 342, 4, 500, 1, 0),
(2949, 1153, '1', '2024-01-09', 344, 4, 500, 1, 0),
(2950, 1153, '1', '2024-01-09', 344, 1, 500, 1, 0),
(2951, 1153, '1', '2024-01-09', 219, 1, 12000, 1, 0),
(2952, 1153, '1', '2024-01-09', 150, 1, 12000, 1, 0),
(2953, 1153, '1', '2024-01-09', 675, 1, 51000, 1, 0),
(2954, 1153, '1', '2024-01-09', 498, 2, 28000, 1, 0),
(2955, 1153, '1', '2024-01-09', 469, 1, 25000, 1, 0),
(2956, 1153, '1', '2024-01-09', 126, 1, 9000, 1, 0),
(2957, 1153, '1', '2024-01-09', 578, 1, 75000, 1, 0),
(2958, 1153, '1', '2024-01-09', 464, 1, 10000, 1, 0),
(2959, 1153, '1', '2024-01-09', 126, 1, 9000, 1, 0),
(2960, 1153, '1', '2024-01-09', 955, 1, 55000, 1, 0),
(2961, 1153, '1', '2024-01-09', 135, 1, 55000, 1, 0),
(2962, 1153, '1', '2024-01-09', 1020, 1, 55000, 1, 0),
(2963, 1153, '1', '2024-01-09', 134, 1, 55000, 1, 0),
(2964, 1153, '1', '2024-01-09', 134, 1, 55000, 1, 0),
(2965, 1153, '1', '2024-01-09', 129, 1, 55000, 1, 0),
(2966, 1153, '1', '2024-01-09', 953, 1, 55000, 1, 0),
(2967, 1153, '1', '2024-01-09', 28, 1, 55000, 1, 0),
(2968, 1153, '1', '2024-01-09', 471, 1, 55000, 1, 0),
(2969, 1153, '1', '2024-01-09', 672, 2, 25000, 1, 0),
(2970, 1153, '1', '2024-01-09', 62, 1, 35000, 1, 0),
(2971, 1153, '1', '2024-01-09', 127, 1, 20000, 1, 0),
(2972, 1153, '1', '2024-01-09', 680, 2, 28000, 1, 0),
(2973, 1153, '1', '2024-01-09', 562, 4, 2000, 1, 0),
(2974, 1153, '1', '2024-01-09', 128, 1, 8000, 1, 0),
(2975, 1153, '1', '2024-01-09', 667, 1, 500, 1, 0),
(2976, 1153, '1', '2024-01-09', 79, 1, 21000, 1, 0),
(2977, 1153, '1', '2024-01-09', 720, 1, 3000, 1, 0),
(2978, 1153, '1', '2024-01-09', 704, 1, 2000, 1, 0),
(2979, 1153, '1', '2024-01-09', 704, 1, 2000, 1, 0),
(3000, 1154, '1', '2024-01-10', 198, 1, 2000, 1, 0),
(3001, 1154, '1', '2024-01-10', 285, 1, 225000, 1, 0),
(3002, 1154, '1', '2024-01-10', 869, 1, 5000, 1, 0),
(3003, 1154, '1', '2024-01-10', 874, 1, 5000, 1, 0),
(3004, 1154, '1', '2024-01-10', 667, 6, 500, 1, 0),
(3005, 1154, '1', '2024-01-10', 869, 1, 5000, 1, 0),
(3006, 1154, '1', '2024-01-10', 711, 2, 4000, 1, 0),
(3007, 1154, '1', '2024-01-10', 842, 1, 2200, 1, 0),
(3008, 1154, '1', '2024-01-10', 126, 1, 9000, 1, 0),
(3009, 1154, '1', '2024-01-10', 361, 1, 12000, 1, 0),
(3010, 1154, '1', '2024-01-10', 128, 1, 8000, 1, 0),
(3011, 1154, '1', '2024-01-10', 959, 1, 10000, 1, 0),
(3012, 1154, '1', '2024-01-10', 669, 2, 28000, 1, 0),
(3013, 1154, '1', '2024-01-10', 641, 2, 18000, 1, 0),
(3014, 1154, '1', '2024-01-10', 848, 1, 34000, 1, 0),
(3015, 1154, '1', '2024-01-10', 848, 1, 34000, 1, 0),
(3016, 1154, '1', '2024-01-10', 445, 1, 80000, 1, 0),
(3031, 1155, '1', '2024-01-11', 669, 1, 28000, 1, 0),
(3032, 1155, '1', '2024-01-11', 359, 1, 10000, 1, 0),
(3033, 1155, '1', '2024-01-11', 360, 2, 12000, 1, 0),
(3034, 1155, '1', '2024-01-11', 469, 1, 25000, 1, 0),
(3035, 1155, '1', '2024-01-11', 201, 1, 2000, 1, 0),
(3036, 1155, '1', '2024-01-11', 126, 1, 9000, 1, 0),
(3037, 1155, '1', '2024-01-11', 292, 1, 5000, 1, 0),
(3038, 1155, '1', '2024-01-11', 971, 1, 39000, 1, 0),
(3039, 1155, '1', '2024-01-11', 460, 1, 12000, 1, 0),
(3040, 1155, '1', '2024-01-11', 676, 1, 44000, 1, 0),
(3041, 1155, '1', '2024-01-11', 676, 1, 44000, 1, 0),
(3042, 1155, '1', '2024-01-11', 437, 1, 25000, 1, 0),
(3046, 1156, '1', '2024-01-12', 232, 1, 7000, 1, 0),
(3047, 1156, '1', '2024-01-12', 842, 1, 2000, 1, 0),
(3048, 1156, '1', '2024-01-12', 680, 1, 28000, 1, 0),
(3049, 1156, '1', '2024-01-12', 680, 1, 28000, 1, 0),
(3050, 1156, '1', '2024-01-12', 127, 1, 8000, 1, 0),
(3051, 1156, '1', '2024-01-12', 129, 1, 13000, 1, 0),
(3052, 1156, '1', '2024-01-12', 667, 4, 500, 1, 0),
(3053, 1156, '1', '2024-01-12', 780, 1, 12000, 1, 0),
(3054, 1156, '1', '2024-01-12', 562, 1, 2000, 1, 0),
(3055, 1156, '1', '2024-01-12', 562, 2, 2000, 1, 0),
(3056, 1156, '1', '2024-01-12', 720, 1, 3000, 1, 0),
(3057, 1156, '1', '2024-01-12', 680, 1, 28000, 1, 0),
(3058, 1156, '1', '2024-01-12', 128, 1, 8000, 1, 0),
(3059, 1156, '1', '2024-01-12', 667, 4, 500, 1, 0),
(3060, 1156, '1', '2024-01-12', 506, 1, 78000, 1, 0),
(3061, 1156, '1', '2024-01-12', 232, 2, 7000, 1, 0),
(3062, 1156, '1', '2024-01-12', 674, 1, 15000, 1, 0),
(3063, 1156, '1', '2024-01-12', 1032, 1, 15000, 1, 0),
(3064, 1156, '1', '2024-01-12', 106, 1, 5000, 1, 0),
(3065, 1156, '1', '2024-01-12', 498, 1, 28000, 1, 0),
(3066, 1156, '1', '2024-01-12', 498, 1, 28000, 1, 0),
(3067, 1156, '1', '2024-01-12', 524, 1, 15000, 1, 0),
(3068, 1156, '1', '2024-01-12', 181, 1, 2000, 1, 0),
(3069, 1156, '1', '2024-01-12', 562, 1, 2000, 1, 0),
(3070, 1156, '1', '2024-01-12', 79, 1, 23000, 1, 0),
(3071, 1156, '1', '2024-01-12', 463, 1, 17000, 1, 0),
(3072, 1156, '1', '2024-01-12', 186, 1, 5000, 1, 0),
(3073, 1156, '1', '2024-01-12', 38, 1, 35000, 1, 0),
(3074, 1156, '1', '2024-01-12', 793, 1, 115000, 1, 0),
(3075, 1156, '1', '2024-01-12', 793, 1, 115000, 1, 0),
(3077, 1157, '1', '2024-01-13', 699, 1, 2000, 1, 0),
(3078, 1157, '1', '2024-01-13', 712, 2, 500, 1, 0),
(3079, 1157, '1', '2024-01-13', 667, 2, 500, 1, 0),
(3080, 1157, '1', '2024-01-13', 79, 1, 2000, 1, 0),
(3081, 1157, '1', '2024-01-13', 123, 1, 8000, 1, 0),
(3082, 1157, '1', '2024-01-13', 209, 1, 18000, 1, 0),
(3083, 1157, '1', '2024-01-13', 106, 1, 5000, 1, 0),
(3084, 1157, '1', '2024-01-13', 878, 1, 25000, 1, 0),
(3085, 1157, '1', '2024-01-13', 632, 1, 5000, 1, 0),
(3086, 1157, '1', '2024-01-13', 1070, 1, 8000, 1, 0),
(3087, 1157, '1', '2024-01-13', 518, 1, 8000, 1, 0),
(3088, 1157, '1', '2024-01-13', 178, 1, 3000, 1, 0),
(3089, 1157, '1', '2024-01-13', 877, 1, 10000, 1, 0),
(3090, 1157, '1', '2024-01-13', 1045, 1, 3000, 1, 0),
(3091, 1157, '1', '2024-01-13', 520, 1, 15000, 1, 0),
(3092, 1157, '1', '2024-01-13', 880, 1, 45000, 1, 0),
(3093, 1157, '1', '2024-01-13', 708, 1, 12000, 1, 0),
(3094, 1157, '1', '2024-01-13', 220, 1, 40000, 1, 0),
(3095, 1157, '1', '2024-01-13', 39, 1, 40000, 1, 0),
(3096, 1157, '1', '2024-01-13', 1044, 1, 40000, 1, 0),
(3097, 1157, '1', '2024-01-13', 33, 1, 42000, 1, 0),
(3098, 1157, '1', '2024-01-13', 33, 1, 38000, 1, 0),
(3099, 1157, '1', '2024-01-13', 126, 1, 9000, 1, 0),
(3100, 1157, '1', '2024-01-13', 50, 1, 260000, 1, 0),
(3101, 1157, '1', '2024-01-13', 176, 1, 22000, 1, 0),
(3102, 1157, '1', '2024-01-13', 954, 1, 29000, 1, 0),
(3103, 1157, '1', '2024-01-13', 175, 1, 5000, 1, 0),
(3104, 1157, '1', '2024-01-13', 200, 1, 8000, 1, 0),
(3105, 1157, '1', '2024-01-13', 185, 3, 2000, 1, 0),
(3106, 1157, '1', '2024-01-13', 680, 1, 28000, 1, 0),
(3107, 1157, '1', '2024-01-13', 193, 1, 2000, 1, 0),
(3108, 1157, '1', '2024-01-13', 1060, 2, 5000, 1, 0),
(3109, 1157, '1', '2024-01-13', 744, 1, 21000, 1, 0),
(3110, 1157, '1', '2024-01-13', 959, 1, 10000, 1, 0),
(3111, 1157, '1', '2024-01-13', 178, 1, 3000, 1, 0),
(3112, 1157, '1', '2024-01-13', 194, 1, 22000, 1, 0),
(3113, 1157, '1', '2024-01-13', 306, 1, 15000, 1, 0),
(3114, 1157, '1', '2024-01-13', 1025, 1, 35000, 1, 0),
(3115, 1157, '1', '2024-01-13', 106, 1, 2000, 1, 0),
(3116, 1157, '1', '2024-01-13', 637, 1, 10000, 1, 0),
(3117, 1157, '1', '2024-01-13', 803, 1, 5000, 1, 0),
(3118, 1157, '1', '2024-01-13', 152, 1, 11000, 1, 0),
(3119, 1157, '1', '2024-01-13', 150, 1, 8000, 1, 0),
(3120, 1157, '1', '2024-01-13', 163, 1, 16000, 1, 0),
(3121, 1157, '1', '2024-01-13', 82, 1, 40000, 1, 0),
(3140, 1158, '1', '2024-01-15', 604, 1, 41000, 1, 0),
(3141, 1158, '1', '2024-01-15', 871, 1, 25000, 1, 0),
(3142, 1158, '1', '2024-01-15', 669, 1, 28000, 1, 0),
(3143, 1158, '1', '2024-01-15', 720, 1, 3000, 1, 0),
(3144, 1158, '1', '2024-01-15', 720, 1, 3000, 1, 0),
(3145, 1158, '1', '2024-01-15', 720, 1, 3000, 1, 0),
(3146, 1158, '1', '2024-01-15', 498, 1, 28000, 1, 0),
(3147, 1158, '1', '2024-01-15', 126, 1, 9000, 1, 0),
(3148, 1158, '1', '2024-01-15', 180, 2, 4000, 1, 0),
(3149, 1158, '1', '2024-01-15', 106, 1, 2000, 1, 0),
(3150, 1158, '1', '2024-01-15', 106, 1, 1000, 1, 0),
(3151, 1158, '1', '2024-01-15', 128, 1, 8000, 1, 0),
(3152, 1158, '1', '2024-01-15', 669, 1, 28000, 1, 0),
(3153, 1158, '1', '2024-01-15', 669, 1, 28000, 1, 0),
(3154, 1158, '1', '2024-01-15', 591, 1, 62000, 1, 0),
(3155, 1158, '1', '2024-01-15', 562, 1, 2000, 1, 0),
(3156, 1158, '1', '2024-01-15', 360, 2, 12000, 1, 0),
(3157, 1158, '1', '2024-01-15', 720, 1, 3000, 1, 0),
(3158, 1158, '1', '2024-01-15', 127, 1, 8000, 1, 0),
(3159, 1158, '1', '2024-01-15', 120, 1, 45000, 1, 0),
(3160, 1158, '1', '2024-01-15', 261, 1, 33000, 1, 0),
(3161, 1158, '1', '2024-01-15', 712, 4, 500, 1, 0),
(3162, 1158, '1', '2024-01-15', 699, 1, 3000, 1, 0),
(3163, 1158, '1', '2024-01-15', 431, 1, 25000, 1, 0),
(3164, 1158, '1', '2024-01-15', 711, 1, 4000, 1, 0),
(3165, 1158, '1', '2024-01-15', 127, 1, 8000, 1, 0),
(3166, 1158, '1', '2024-01-15', 990, 1, 30000, 1, 0),
(3167, 1158, '1', '2024-01-15', 699, 1, 2000, 1, 0),
(3168, 1158, '1', '2024-01-15', 712, 2, 500, 1, 0),
(3169, 1158, '1', '2024-01-15', 712, 2, 500, 1, 0),
(3170, 1158, '1', '2024-01-15', 166, 1, 15000, 1, 0),
(3171, 1158, '1', '2024-01-15', 486, 1, 62000, 1, 0),
(3172, 1158, '1', '2024-01-15', 910, 1, 10000, 1, 0),
(3173, 1158, '1', '2024-01-15', 129, 1, 10000, 1, 0),
(3174, 1158, '1', '2024-01-15', 106, 1, 1000, 1, 0),
(3175, 1158, '1', '2024-01-15', 562, 2, 2000, 1, 0),
(3176, 1158, '1', '2024-01-15', 503, 1, 35000, 1, 0),
(3177, 1158, '1', '2024-01-15', 804, 1, 60500, 1, 0),
(3178, 1158, '1', '2024-01-15', 804, 1, 60500, 1, 0),
(3179, 1158, '1', '2024-01-15', 734, 1, 50000, 1, 0),
(3180, 1159, '1', '2024-01-16', 562, 2, 2000, 1, 0),
(3181, 1159, '1', '2024-01-16', 431, 1, 35000, 1, 0),
(3182, 1159, '1', '2024-01-16', 487, 1, 55000, 1, 0),
(3183, 1159, '1', '2024-01-16', 562, 1, 2000, 1, 0),
(3184, 1159, '1', '2024-01-16', 877, 1, 10000, 1, 0),
(3185, 1159, '1', '2024-01-16', 667, 3, 500, 1, 0),
(3186, 1159, '1', '2024-01-16', 456, 1, 25000, 1, 0),
(3187, 1159, '1', '2024-01-16', 744, 1, 25000, 1, 0),
(3188, 1159, '1', '2024-01-16', 422, 1, 80000, 1, 0),
(3189, 1159, '1', '2024-01-16', 127, 2, 8000, 1, 0),
(3190, 1159, '1', '2024-01-16', 792, 1, 95000, 1, 0),
(3191, 1159, '1', '2024-01-16', 766, 1, 34000, 1, 0),
(3192, 1159, '1', '2024-01-16', 699, 1, 1000, 1, 0),
(3193, 1159, '1', '2024-01-16', 869, 1, 5000, 1, 0),
(3194, 1159, '1', '2024-01-16', 985, 1, 45000, 1, 0),
(3195, 1159, '1', '2024-01-16', 713, 2, 500, 1, 0),
(3196, 1159, '1', '2024-01-16', 850, 1, 72000, 1, 0),
(3197, 1159, '1', '2024-01-16', 186, 1, 5000, 1, 0),
(3198, 1159, '1', '2024-01-16', 643, 1, 25000, 1, 0),
(3199, 1159, '1', '2024-01-16', 41, 1, 5000, 1, 0),
(3200, 1159, '1', '2024-01-16', 562, 4, 2000, 1, 0),
(3201, 1159, '1', '2024-01-16', 877, 1, 13000, 1, 0),
(3202, 1159, '1', '2024-01-16', 360, 1, 12000, 1, 0),
(3203, 1159, '1', '2024-01-16', 680, 1, 28000, 1, 0),
(3204, 1159, '1', '2024-01-16', 680, 1, 28000, 1, 0),
(3205, 1159, '1', '2024-01-16', 780, 1, 12000, 1, 0),
(3206, 1159, '1', '2024-01-16', 361, 1, 22000, 1, 0),
(3207, 1159, '1', '2024-01-16', 877, 1, 13000, 1, 0),
(3208, 1159, '1', '2024-01-16', 562, 1, 2000, 1, 0),
(3209, 1159, '1', '2024-01-16', 667, 4, 500, 1, 0),
(3210, 1159, '1', '2024-01-16', 680, 1, 28000, 1, 0),
(3211, 1159, '1', '2024-01-16', 680, 1, 28000, 1, 0),
(3212, 1159, '1', '2024-01-16', 780, 1, 12000, 1, 0),
(3213, 1159, '1', '2024-01-16', 1016, 1, 28000, 1, 0),
(3214, 1159, '1', '2024-01-16', 245, 1, 10000, 1, 0),
(3215, 1159, '1', '2024-01-16', 379, 1, 52000, 1, 0),
(3243, 1160, '1', '2024-01-17', 188, 1, 13000, 1, 0),
(3244, 1160, '1', '2024-01-17', 149, 1, 17000, 1, 0),
(3245, 1160, '1', '2024-01-17', 127, 1, 8000, 1, 0),
(3246, 1160, '1', '2024-01-17', 1046, 1, 7000, 1, 0),
(3247, 1160, '1', '2024-01-17', 992, 1, 10000, 1, 0),
(3248, 1160, '1', '2024-01-17', 721, 1, 13000, 1, 0),
(3249, 1160, '1', '2024-01-17', 877, 1, 13000, 1, 0),
(3250, 1160, '1', '2024-01-17', 537, 1, 2000, 1, 0),
(3251, 1160, '1', '2024-01-17', 242, 1, 3000, 1, 0),
(3252, 1160, '1', '2024-01-17', 127, 1, 8000, 1, 0),
(3253, 1160, '1', '2024-01-17', 36, 1, 42000, 1, 0),
(3254, 1160, '1', '2024-01-17', 477, 1, 42000, 1, 0),
(3255, 1160, '1', '2024-01-17', 360, 1, 16000, 1, 0),
(3256, 1160, '1', '2024-01-17', 127, 1, 8000, 1, 0),
(3257, 1160, '1', '2024-01-17', 1042, 1, 72000, 1, 0),
(3258, 1160, '1', '2024-01-17', 295, 1, 23000, 1, 0),
(3259, 1160, '1', '2024-01-17', 175, 1, 7500, 1, 0),
(3260, 1160, '1', '2024-01-17', 1060, 2, 5000, 1, 0),
(3261, 1160, '1', '2024-01-17', 174, 1, 61000, 1, 0),
(3262, 1160, '1', '2024-01-17', 505, 1, 10000, 1, 0),
(3263, 1160, '1', '2024-01-17', 699, 1, 9000, 1, 0),
(3264, 1160, '1', '2024-01-17', 869, 1, 5000, 1, 0),
(3265, 1160, '1', '2024-01-17', 712, 2, 500, 1, 0),
(3266, 1160, '1', '2024-01-17', 1062, 1, 12000, 1, 0),
(3267, 1160, '1', '2024-01-17', 537, 1, 4000, 1, 0),
(3268, 1160, '1', '2024-01-17', 359, 2, 10000, 1, 0),
(3269, 1160, '1', '2024-01-17', 910, 1, 10000, 1, 0),
(3270, 1160, '1', '2024-01-17', 180, 1, 18000, 1, 0),
(3271, 1160, '1', '2024-01-17', 263, 6, 500, 1, 0),
(3272, 1160, '1', '2024-01-17', 708, 1, 12000, 1, 0),
(3273, 1160, '1', '2024-01-17', 179, 1, 9000, 1, 0),
(3274, 1160, '1', '2024-01-17', 127, 3, 8000, 1, 0),
(3275, 1160, '1', '2024-01-17', 634, 1, 45000, 1, 0),
(3276, 1160, '1', '2024-01-17', 1070, 1, 40000, 1, 0),
(3306, 1161, '1', '2024-01-18', 766, 1, 30000, 1, 0),
(3307, 1161, '1', '2024-01-18', 761, 1, 5000, 1, 0),
(3308, 1161, '1', '2024-01-18', 967, 1, 500, 1, 0),
(3309, 1161, '1', '2024-01-18', 180, 2, 4000, 1, 0),
(3310, 1161, '1', '2024-01-18', 977, 1, 55000, 1, 0),
(3311, 1161, '1', '2024-01-18', 850, 1, 72000, 1, 0),
(3312, 1161, '1', '2024-01-18', 880, 2, 45000, 1, 0),
(3313, 1161, '1', '2024-01-18', 818, 1, 44000, 1, 0),
(3314, 1161, '1', '2024-01-18', 643, 1, 20000, 1, 0),
(3315, 1161, '1', '2024-01-18', 560, 1, 30000, 1, 0),
(3316, 1161, '1', '2024-01-18', 1051, 3, 24000, 1, 0),
(3317, 1161, '1', '2024-01-18', 296, 1, 10000, 1, 0),
(3318, 1161, '1', '2024-01-18', 669, 1, 26000, 1, 0),
(3319, 1161, '1', '2024-01-18', 682, 1, 34000, 1, 0),
(3320, 1161, '1', '2024-01-18', 792, 1, 95000, 1, 0),
(3321, 1161, '1', '2024-01-18', 766, 1, 30000, 1, 0),
(3322, 1161, '1', '2024-01-18', 992, 2, 10000, 1, 0),
(3323, 1161, '1', '2024-01-18', 699, 1, 2000, 1, 0),
(3324, 1161, '1', '2024-01-18', 712, 1, 4000, 1, 0),
(3325, 1161, '1', '2024-01-18', 537, 1, 1000, 1, 0),
(3326, 1161, '1', '2024-01-18', 362, 1, 55000, 1, 0),
(3327, 1161, '1', '2024-01-18', 291, 1, 30000, 1, 0),
(3328, 1161, '1', '2024-01-18', 699, 1, 2000, 1, 0),
(3329, 1161, '1', '2024-01-18', 263, 2, 500, 1, 0),
(3330, 1161, '1', '2024-01-18', 869, 2, 5000, 1, 0),
(3331, 1161, '1', '2024-01-18', 841, 1, 6000, 1, 0),
(3332, 1161, '1', '2024-01-18', 562, 3, 2000, 1, 0),
(3333, 1161, '1', '2024-01-18', 877, 1, 10000, 1, 0),
(3334, 1161, '1', '2024-01-18', 537, 1, 2000, 1, 0),
(3335, 1161, '1', '2024-01-18', 360, 3, 12000, 1, 0),
(3336, 1161, '1', '2024-01-18', 456, 1, 28000, 1, 0),
(3337, 1161, '1', '2024-01-18', 127, 1, 8000, 1, 0),
(3338, 1161, '1', '2024-01-18', 842, 1, 1000, 1, 0),
(3339, 1161, '1', '2024-01-18', 877, 1, 10000, 1, 0),
(3369, 1162, '1', '2024-01-19', 708, 1, 12000, 1, 0),
(3370, 1162, '1', '2024-01-19', 958, 1, 35000, 1, 0),
(3371, 1162, '1', '2024-01-19', 680, 2, 28000, 1, 0),
(3372, 1162, '1', '2024-01-19', 985, 1, 45000, 1, 0),
(3373, 1162, '1', '2024-01-19', 537, 1, 2000, 1, 0),
(3374, 1162, '1', '2024-01-19', 680, 2, 28000, 1, 0),
(3375, 1162, '1', '2024-01-19', 959, 1, 12000, 1, 0),
(3376, 1162, '1', '2024-01-19', 818, 1, 13000, 1, 0),
(3377, 1162, '1', '2024-01-19', 704, 1, 45000, 1, 0),
(3378, 1162, '1', '2024-01-19', 456, 1, 45000, 1, 0),
(3379, 1162, '1', '2024-01-19', 877, 1, 13000, 1, 0),
(3380, 1162, '1', '2024-01-19', 818, 1, 13000, 1, 0),
(3381, 1162, '1', '2024-01-19', 880, 1, 42000, 1, 0),
(3382, 1162, '1', '2024-01-19', 720, 1, 3000, 1, 0),
(3383, 1162, '1', '2024-01-19', 359, 1, 10000, 1, 0),
(3384, 1162, '1', '2024-01-19', 721, 1, 13000, 1, 0),
(3385, 1162, '1', '2024-01-19', 864, 1, 30000, 1, 0),
(3386, 1162, '1', '2024-01-19', 869, 1, 5000, 1, 0),
(3387, 1162, '1', '2024-01-19', 537, 1, 1000, 1, 0),
(3400, 1163, '1', '2024-01-20', 678, 1, 22000, 1, 0),
(3401, 1163, '1', '2024-01-20', 720, 1, 8000, 1, 0),
(3402, 1163, '1', '2024-01-20', 976, 1, 14000, 1, 0),
(3403, 1163, '1', '2024-01-20', 705, 1, 2000, 1, 0),
(3404, 1163, '1', '2024-01-20', 720, 1, 3000, 1, 0),
(3405, 1163, '1', '2024-01-20', 962, 1, 16000, 1, 0),
(3406, 1163, '1', '2024-01-20', 721, 1, 11000, 1, 0),
(3407, 1163, '1', '2024-01-20', 296, 1, 8000, 1, 0),
(3408, 1163, '1', '2024-01-20', 470, 1, 42000, 1, 0),
(3409, 1163, '1', '2024-01-20', 844, 1, 9000, 1, 0),
(3410, 1163, '1', '2024-01-20', 537, 1, 1000, 1, 0),
(3411, 1163, '1', '2024-01-20', 877, 1, 10000, 1, 0),
(3412, 1163, '1', '2024-01-20', 537, 1, 2000, 1, 0),
(3413, 1163, '1', '2024-01-20', 360, 1, 10000, 1, 0),
(3414, 1163, '1', '2024-01-20', 910, 1, 10000, 1, 0),
(3415, 1163, '1', '2024-01-20', 824, 1, 3000, 1, 0),
(3416, 1163, '1', '2024-01-20', 1068, 1, 13000, 1, 0),
(3417, 1163, '1', '2024-01-20', 785, 1, 13000, 1, 0),
(3418, 1163, '1', '2024-01-20', 562, 2, 2000, 1, 0),
(3419, 1163, '1', '2024-01-20', 877, 1, 8000, 1, 0),
(3420, 1163, '1', '2024-01-20', 785, 1, 13000, 1, 0),
(3421, 1163, '1', '2024-01-20', 166, 1, 13000, 1, 0),
(3422, 1163, '1', '2024-01-20', 822, 1, 15000, 1, 0),
(3423, 1163, '1', '2024-01-20', 62, 2, 35000, 1, 0),
(3424, 1163, '1', '2024-01-20', 632, 2, 5000, 1, 0),
(3425, 1163, '1', '2024-01-20', 179, 1, 5000, 1, 0),
(3426, 1163, '1', '2024-01-20', 127, 1, 8000, 1, 0),
(3427, 1163, '1', '2024-01-20', 43, 1, 38000, 1, 0),
(3428, 1163, '1', '2024-01-20', 792, 1, 185000, 1, 0),
(3429, 1163, '1', '2024-01-20', 680, 1, 28000, 1, 0),
(3430, 1163, '1', '2024-01-20', 680, 1, 28000, 1, 0),
(3431, 1163, '1', '2024-01-20', 877, 2, 13000, 1, 0),
(3432, 1163, '1', '2024-01-20', 127, 1, 8000, 1, 0),
(3433, 1163, '1', '2024-01-20', 359, 1, 10000, 1, 0),
(3434, 1163, '1', '2024-01-20', 562, 1, 2000, 1, 0),
(3435, 1163, '1', '2024-01-20', 875, 1, 18000, 1, 0),
(3436, 1163, '1', '2024-01-20', 699, 1, 2000, 1, 0),
(3437, 1163, '1', '2024-01-20', 537, 1, 3000, 1, 0),
(3438, 1163, '1', '2024-01-20', 537, 1, 1000, 1, 0),
(3439, 1163, '1', '2024-01-20', 78, 1, 12000, 1, 0),
(3440, 1163, '1', '2024-01-20', 877, 1, 13000, 1, 0),
(3441, 1163, '1', '2024-01-20', 680, 1, 28000, 1, 0),
(3442, 1163, '1', '2024-01-20', 680, 1, 28000, 1, 0),
(3443, 1163, '1', '2024-01-20', 127, 1, 8000, 1, 0),
(3444, 1163, '1', '2024-01-20', 537, 1, 2000, 1, 0),
(3445, 1163, '1', '2024-01-20', 959, 1, 12000, 1, 0),
(3446, 1163, '1', '2024-01-20', 562, 2, 2000, 1, 0),
(3463, 1164, '1', '2024-01-22', 823, 1, 1000, 1, 0),
(3464, 1164, '1', '2024-01-22', 420, 1, 95000, 1, 0),
(3465, 1164, '1', '2024-01-22', 498, 1, 28000, 1, 0),
(3466, 1164, '1', '2024-01-22', 359, 1, 10000, 1, 0),
(3467, 1164, '1', '2024-01-22', 867, 1, 20000, 1, 0),
(3468, 1164, '1', '2024-01-22', 241, 1, 2000, 1, 0),
(3469, 1164, '1', '2024-01-22', 699, 1, 1000, 1, 0),
(3470, 1164, '1', '2024-01-22', 669, 1, 28000, 1, 0),
(3471, 1164, '1', '2024-01-22', 878, 1, 25000, 1, 0),
(3472, 1164, '1', '2024-01-22', 878, 1, 25000, 1, 0),
(3473, 1164, '1', '2024-01-22', 157, 1, 8000, 1, 0),
(3474, 1164, '1', '2024-01-22', 562, 2, 2000, 1, 0),
(3475, 1164, '1', '2024-01-22', 360, 1, 22000, 1, 0),
(3476, 1164, '1', '2024-01-22', 877, 1, 10000, 1, 0),
(3477, 1164, '1', '2024-01-22', 537, 1, 2000, 1, 0),
(3478, 1164, '1', '2024-01-22', 642, 2, 12000, 1, 0),
(3479, 1164, '1', '2024-01-22', 498, 2, 28000, 1, 0),
(3480, 1164, '1', '2024-01-22', 669, 2, 28000, 1, 0),
(3481, 1164, '1', '2024-01-22', 127, 1, 8000, 1, 0),
(3482, 1164, '1', '2024-01-22', 659, 2, 7000, 1, 0),
(3483, 1164, '1', '2024-01-22', 38, 1, 32000, 1, 0),
(3484, 1164, '1', '2024-01-22', 910, 1, 20000, 1, 0),
(3485, 1164, '1', '2024-01-22', 877, 1, 13000, 1, 0),
(3486, 1164, '1', '2024-01-22', 537, 1, 1000, 1, 0),
(3487, 1164, '1', '2024-01-22', 216, 1, 10000, 1, 0),
(3488, 1164, '1', '2024-01-22', 126, 1, 9000, 1, 0),
(3489, 1164, '1', '2024-01-22', 219, 1, 12000, 1, 0),
(3490, 1164, '1', '2024-01-22', 230, 1, 10000, 1, 0),
(3494, 1165, '1', '2024-01-23', 669, 1, 28000, 1, 0),
(3495, 1165, '1', '2024-01-23', 766, 1, 36000, 1, 0),
(3496, 1165, '1', '2024-01-23', 613, 1, 7000, 1, 0),
(3497, 1165, '1', '2024-01-23', 36, 1, 32000, 1, 0),
(3498, 1165, '1', '2024-01-23', 877, 1, 13000, 1, 0),
(3499, 1165, '1', '2024-01-23', 1057, 1, 8000, 1, 0),
(3500, 1165, '1', '2024-01-23', 682, 1, 30000, 1, 0),
(3501, 1165, '1', '2024-01-23', 792, 1, 95000, 1, 0),
(3502, 1165, '1', '2024-01-23', 127, 1, 8000, 1, 0),
(3503, 1165, '1', '2024-01-23', 678, 2, 28000, 1, 0),
(3504, 1165, '1', '2024-01-23', 910, 1, 10000, 1, 0),
(3505, 1165, '1', '2024-01-23', 877, 1, 8000, 1, 0),
(3506, 1165, '1', '2024-01-23', 544, 1, 28000, 1, 0),
(3507, 1165, '1', '2024-01-23', 1077, 1, 160000, 1, 0),
(3508, 1165, '1', '2024-01-23', 586, 1, 5000, 1, 0),
(3509, 1165, '1', '2024-01-23', 669, 1, 28000, 1, 0),
(3510, 1165, '1', '2024-01-23', 696, 1, 12000, 1, 0),
(3511, 1165, '1', '2024-01-23', 484, 1, 78000, 1, 0),
(3512, 1165, '1', '2024-01-23', 869, 1, 5000, 1, 0),
(3513, 1165, '1', '2024-01-23', 122, 1, 5000, 1, 0),
(3514, 1165, '1', '2024-01-23', 537, 1, 3000, 1, 0),
(3515, 1165, '1', '2024-01-23', 877, 1, 10000, 1, 0),
(3516, 1165, '1', '2024-01-23', 437, 1, 23000, 1, 0),
(3517, 1165, '1', '2024-01-23', 640, 1, 165000, 1, 0),
(3518, 1165, '1', '2024-01-23', 639, 1, 18000, 1, 0),
(3519, 1165, '1', '2024-01-23', 376, 1, 240000, 1, 0),
(3520, 1165, '1', '2024-01-23', 572, 1, 65000, 1, 0),
(3525, 1166, '1', '2024-01-24', 720, 1, 3000, 1, 0),
(3526, 1166, '1', '2024-01-24', 775, 1, 90000, 1, 0),
(3527, 1166, '1', '2024-01-24', 959, 1, 10000, 1, 0),
(3528, 1166, '1', '2024-01-24', 616, 1, 3000, 1, 0),
(3529, 1166, '1', '2024-01-24', 669, 1, 34000, 1, 0),
(3530, 1166, '1', '2024-01-24', 72, 1, 17000, 1, 0),
(3531, 1166, '1', '2024-01-24', 878, 1, 25000, 1, 0),
(3532, 1166, '1', '2024-01-24', 958, 1, 36000, 1, 0),
(3533, 1166, '1', '2024-01-24', 669, 2, 28000, 1, 0),
(3534, 1166, '1', '2024-01-24', 877, 1, 8000, 1, 0),
(3535, 1166, '1', '2024-01-24', 537, 1, 2000, 1, 0),
(3536, 1166, '1', '2024-01-24', 127, 1, 9000, 1, 0),
(3537, 1166, '1', '2024-01-24', 180, 1, 4000, 1, 0),
(3540, 1167, '1', '2024-01-25', 122, 1, 8000, 1, 0),
(3541, 1167, '1', '2024-01-25', 720, 1, 3000, 1, 0),
(3542, 1167, '1', '2024-01-25', 925, 1, 2000, 1, 0),
(3543, 1167, '1', '2024-01-25', 296, 1, 3000, 1, 0),
(3544, 1167, '1', '2024-01-25', 492, 1, 10000, 1, 0),
(3545, 1167, '1', '2024-01-25', 720, 1, 3000, 1, 0),
(3546, 1167, '1', '2024-01-25', 704, 1, 2000, 1, 0),
(3547, 1167, '1', '2024-01-25', 682, 2, 30000, 1, 0),
(3548, 1167, '1', '2024-01-25', 277, 1, 12000, 1, 0),
(3549, 1167, '1', '2024-01-25', 669, 2, 28000, 1, 0),
(3550, 1167, '1', '2024-01-25', 10, 1, 27500, 1, 0),
(3551, 1167, '1', '2024-01-25', 959, 1, 27500, 1, 0),
(3552, 1167, '1', '2024-01-25', 959, 1, 27500, 1, 0),
(3553, 1167, '1', '2024-01-25', 636, 1, 27500, 1, 0),
(3554, 1167, '1', '2024-01-25', 135, 1, 27500, 1, 0),
(3555, 1167, '1', '2024-01-25', 200, 1, 27500, 1, 0),
(3556, 1167, '1', '2024-01-25', 284, 1, 27500, 1, 0),
(3557, 1167, '1', '2024-01-25', 176, 1, 27500, 1, 0),
(3558, 1167, '1', '2024-01-25', 1039, 1, 27500, 1, 0),
(3559, 1167, '1', '2024-01-25', 431, 1, 27500, 1, 0),
(3560, 1167, '1', '2024-01-25', 170, 1, 27500, 1, 0),
(3561, 1167, '1', '2024-01-25', 150, 1, 27500, 1, 0),
(3562, 1167, '1', '2024-01-25', 298, 1, 9000, 1, 0),
(3563, 1167, '1', '2024-01-25', 506, 1, 70000, 1, 0),
(3564, 1167, '1', '2024-01-25', 766, 1, 30000, 1, 0),
(3565, 1167, '1', '2024-01-25', 468, 1, 25000, 1, 0),
(3566, 1167, '1', '2024-01-25', 126, 1, 9000, 1, 0),
(3567, 1167, '1', '2024-01-25', 992, 1, 10000, 1, 0),
(3571, 1168, '1', '2024-01-26', 885, 1, 8000, 1, 0),
(3572, 1168, '1', '2024-01-26', 657, 1, 65000, 1, 0),
(3573, 1168, '1', '2024-01-26', 775, 1, 65000, 1, 0),
(3574, 1168, '1', '2024-01-26', 238, 1, 65000, 1, 0),
(3575, 1168, '1', '2024-01-26', 868, 1, 65000, 1, 0),
(3576, 1168, '1', '2024-01-26', 456, 1, 28000, 1, 0),
(3577, 1168, '1', '2024-01-26', 498, 1, 28000, 1, 0),
(3578, 1168, '1', '2024-01-26', 141, 1, 6000, 1, 0),
(3579, 1168, '1', '2024-01-26', 919, 1, 41000, 1, 0),
(3580, 1168, '1', '2024-01-26', 80, 1, 10000, 1, 0),
(3581, 1168, '1', '2024-01-26', 492, 1, 10000, 1, 0),
(3582, 1168, '1', '2024-01-26', 352, 1, 10000, 1, 0),
(3583, 1168, '1', '2024-01-26', 720, 1, 10000, 1, 0),
(3584, 1168, '1', '2024-01-26', 910, 1, 10000, 1, 0),
(3585, 1168, '1', '2024-01-26', 213, 2, 2000, 1, 0),
(3586, 1168, '1', '2024-01-26', 537, 1, 1000, 1, 0),
(3587, 1168, '1', '2024-01-26', 642, 1, 12000, 1, 0),
(3588, 1168, '1', '2024-01-26', 642, 1, 12000, 1, 0),
(3589, 1168, '1', '2024-01-26', 726, 1, 30000, 1, 0),
(3590, 1168, '1', '2024-01-26', 699, 1, 2000, 1, 0),
(3591, 1168, '1', '2024-01-26', 711, 1, 5000, 1, 0),
(3592, 1168, '1', '2024-01-26', 876, 1, 12000, 1, 0),
(3593, 1168, '1', '2024-01-26', 563, 2, 15000, 1, 0),
(3594, 1168, '1', '2024-01-26', 34, 1, 30000, 1, 0),
(3595, 1168, '1', '2024-01-26', 798, 2, 56000, 1, 0),
(3596, 1168, '1', '2024-01-26', 1092, 2, 36000, 1, 0),
(3597, 1168, '1', '2024-01-26', 375, 1, 41000, 1, 0),
(3598, 1168, '1', '2024-01-26', 720, 1, 5000, 1, 0),
(3599, 1168, '1', '2024-01-26', 232, 2, 7000, 1, 0),
(3602, 1169, '1', '2024-01-27', 766, 1, 38000, 1, 0),
(3603, 1169, '1', '2024-01-27', 720, 1, 3000, 1, 0),
(3604, 1169, '1', '2024-01-27', 431, 1, 25000, 1, 0),
(3605, 1169, '1', '2024-01-27', 439, 1, 4000, 1, 0),
(3606, 1169, '1', '2024-01-27', 141, 1, 6000, 1, 0),
(3607, 1169, '1', '2024-01-27', 791, 1, 10000, 1, 0),
(3608, 1169, '1', '2024-01-27', 689, 1, 17000, 1, 0),
(3609, 1170, '1', '2024-01-29', 441, 1, 12000, 1, 0),
(3610, 1170, '1', '2024-01-29', 795, 1, 13000, 1, 0),
(3611, 1170, '1', '2024-01-29', 537, 1, 2000, 1, 0),
(3612, 1170, '1', '2024-01-29', 592, 1, 21000, 1, 0),
(3613, 1170, '1', '2024-01-29', 842, 1, 2000, 1, 0),
(3614, 1170, '1', '2024-01-29', 699, 1, 2000, 1, 0),
(3615, 1170, '1', '2024-01-29', 845, 2, 6000, 1, 0),
(3616, 1170, '1', '2024-01-29', 126, 1, 9000, 1, 0),
(3617, 1170, '1', '2024-01-29', 1061, 1, 35000, 1, 0),
(3618, 1170, '1', '2024-01-29', 201, 1, 2000, 1, 0),
(3619, 1170, '1', '2024-01-29', 720, 1, 3000, 1, 0),
(3620, 1170, '1', '2024-01-29', 492, 1, 10000, 1, 0),
(3621, 1170, '1', '2024-01-29', 720, 1, 3000, 1, 0),
(3622, 1170, '1', '2024-01-29', 954, 1, 30000, 1, 0),
(3623, 1170, '1', '2024-01-29', 720, 1, 3000, 1, 0),
(3624, 1170, '1', '2024-01-29', 121, 1, 16000, 1, 0),
(3625, 1170, '1', '2024-01-29', 711, 1, 3000, 1, 0),
(3626, 1170, '1', '2024-01-29', 77, 1, 41000, 1, 0),
(3627, 1170, '1', '2024-01-29', 126, 1, 9000, 1, 0),
(3628, 1170, '1', '2024-01-29', 407, 1, 45000, 1, 0),
(3629, 1170, '1', '2024-01-29', 150, 1, 2000, 1, 0),
(3630, 1170, '1', '2024-01-29', 792, 1, 270000, 1, 0),
(3631, 1170, '1', '2024-01-29', 491, 1, 15000, 1, 0),
(3632, 1170, '1', '2024-01-29', 833, 1, 27000, 1, 0),
(3633, 1170, '1', '2024-01-29', 696, 1, 18000, 1, 0),
(3634, 1170, '1', '2024-01-29', 359, 1, 10000, 1, 0),
(3635, 1170, '1', '2024-01-29', 537, 1, 2000, 1, 0),
(3636, 1170, '1', '2024-01-29', 1045, 1, 4000, 1, 0),
(3637, 1170, '1', '2024-01-29', 456, 1, 56000, 1, 0),
(3638, 1170, '1', '2024-01-29', 180, 1, 5000, 1, 0),
(3639, 1170, '1', '2024-01-29', 591, 1, 25000, 1, 0),
(3640, 1170, '1', '2024-01-29', 596, 1, 49000, 1, 0),
(3641, 1170, '1', '2024-01-29', 390, 1, 15000, 1, 0),
(3642, 1170, '1', '2024-01-29', 263, 4, 500, 1, 0),
(3672, 1171, '1', '2024-01-30', 641, 2, 18000, 1, 0),
(3673, 1171, '1', '2024-01-30', 669, 1, 28000, 1, 0),
(3674, 1171, '1', '2024-01-30', 669, 2, 28000, 1, 0),
(3675, 1171, '1', '2024-01-30', 669, 1, 28000, 1, 0),
(3676, 1171, '1', '2024-01-30', 669, 1, 28000, 1, 0),
(3677, 1171, '1', '2024-01-30', 871, 1, 25000, 1, 0),
(3678, 1171, '1', '2024-01-30', 127, 1, 8000, 1, 0),
(3679, 1171, '1', '2024-01-30', 699, 1, 2000, 1, 0),
(3680, 1171, '1', '2024-01-30', 946, 1, 90000, 1, 0),
(3681, 1171, '1', '2024-01-30', 911, 2, 40000, 1, 0),
(3682, 1171, '1', '2024-01-30', 669, 2, 28000, 1, 0),
(3683, 1171, '1', '2024-01-30', 492, 1, 10000, 1, 0),
(3684, 1171, '1', '2024-01-30', 720, 1, 3000, 1, 0),
(3685, 1171, '1', '2024-01-30', 696, 1, 10000, 1, 0),
(3686, 1171, '1', '2024-01-30', 77, 1, 41000, 1, 0),
(3687, 1171, '1', '2024-01-30', 878, 1, 25000, 1, 0),
(3688, 1171, '1', '2024-01-30', 720, 1, 3000, 1, 0),
(3689, 1171, '1', '2024-01-30', 116, 1, 19000, 1, 0),
(3690, 1171, '1', '2024-01-30', 640, 2, 150000, 1, 0),
(3691, 1171, '1', '2024-01-30', 640, 2, 150000, 1, 0),
(3692, 1171, '1', '2024-01-30', 640, 2, 150000, 1, 0),
(3693, 1171, '1', '2024-01-30', 244, 2, 10000, 1, 0),
(3694, 1171, '1', '2024-01-30', 973, 2, 15000, 1, 0),
(3695, 1171, '1', '2024-01-30', 147, 1, 7000, 1, 0),
(3696, 1171, '1', '2024-01-30', 127, 3, 8000, 1, 0),
(3697, 1171, '1', '2024-01-30', 842, 1, 1000, 1, 0),
(3698, 1171, '1', '2024-01-30', 127, 1, 8000, 1, 0),
(3703, 1172, '1', '2024-01-31', 669, 2, 28000, 1, 0),
(3704, 1172, '1', '2024-01-31', 127, 1, 8000, 1, 0),
(3705, 1172, '1', '2024-01-31', 985, 1, 45000, 1, 0),
(3706, 1172, '1', '2024-01-31', 1078, 1, 160000, 1, 0),
(3707, 1172, '1', '2024-01-31', 649, 1, 9000, 1, 0),
(3708, 1172, '1', '2024-01-31', 721, 2, 13000, 1, 0),
(3709, 1172, '1', '2024-01-31', 590, 1, 13000, 1, 0),
(3710, 1172, '1', '2024-01-31', 682, 1, 34000, 1, 0),
(3711, 1172, '1', '2024-01-31', 814, 1, 5000, 1, 0),
(3712, 1172, '1', '2024-01-31', 491, 1, 15000, 1, 0),
(3713, 1172, '1', '2024-01-31', 674, 1, 15000, 1, 0),
(3714, 1172, '1', '2024-01-31', 678, 1, 22000, 1, 0),
(3715, 1172, '1', '2024-01-31', 639, 1, 18000, 1, 0),
(3716, 1172, '1', '2024-01-31', 476, 1, 33000, 1, 0),
(3717, 1172, '1', '2024-01-31', 476, 1, 33000, 1, 0),
(3718, 1172, '1', '2024-01-31', 498, 2, 28000, 1, 0),
(3719, 1172, '1', '2024-01-31', 460, 1, 12000, 1, 0),
(3720, 1172, '1', '2024-01-31', 905, 1, 62000, 1, 0),
(3721, 1172, '1', '2024-01-31', 710, 2, 500, 1, 0),
(3722, 1172, '1', '2024-01-31', 678, 1, 22000, 1, 0),
(3734, 1173, '1', '2024-02-01', 857, 1, 300000, 1, 0),
(3735, 1173, '1', '2024-02-01', 692, 1, 12000, 1, 0),
(3736, 1173, '1', '2024-02-01', 696, 1, 8000, 1, 0),
(3737, 1173, '1', '2024-02-01', 562, 2, 2000, 1, 0),
(3738, 1173, '1', '2024-02-01', 537, 1, 2000, 1, 0),
(3739, 1173, '1', '2024-02-01', 359, 1, 10000, 1, 0),
(3740, 1173, '1', '2024-02-01', 669, 2, 28000, 1, 0),
(3741, 1173, '1', '2024-02-01', 156, 1, 7000, 1, 0),
(3742, 1173, '1', '2024-02-01', 150, 1, 2000, 1, 0),
(3743, 1173, '1', '2024-02-01', 544, 1, 30000, 1, 0),
(3744, 1173, '1', '2024-02-01', 632, 1, 5000, 1, 0),
(3745, 1173, '1', '2024-02-01', 965, 1, 39000, 1, 0),
(3746, 1173, '1', '2024-02-01', 291, 2, 28000, 1, 0),
(3747, 1173, '1', '2024-02-01', 615, 1, 7000, 1, 0),
(3748, 1173, '1', '2024-02-01', 720, 1, 3000, 1, 0),
(3749, 1173, '1', '2024-02-01', 979, 1, 70000, 1, 0),
(3765, 1174, '1', '2024-02-02', 669, 1, 28000, 1, 0),
(3766, 1174, '1', '2024-02-02', 537, 1, 2000, 1, 0),
(3767, 1174, '1', '2024-02-02', 562, 2, 2000, 1, 0),
(3768, 1174, '1', '2024-02-02', 241, 1, 2000, 1, 0),
(3769, 1174, '1', '2024-02-02', 720, 1, 3000, 1, 0),
(3770, 1174, '1', '2024-02-02', 245, 2, 1000, 1, 0),
(3771, 1174, '1', '2024-02-02', 761, 1, 5000, 1, 0),
(3772, 1174, '1', '2024-02-02', 696, 1, 10000, 1, 0),
(3773, 1174, '1', '2024-02-02', 505, 2, 10000, 1, 0),
(3774, 1174, '1', '2024-02-02', 127, 1, 8000, 1, 0),
(3775, 1174, '1', '2024-02-02', 222, 1, 45000, 1, 0),
(3776, 1174, '1', '2024-02-02', 352, 1, 4000, 1, 0),
(3777, 1174, '1', '2024-02-02', 925, 1, 2000, 1, 0),
(3778, 1174, '1', '2024-02-02', 878, 2, 25000, 1, 0),
(3779, 1174, '1', '2024-02-02', 696, 1, 10000, 1, 0),
(3780, 1174, '1', '2024-02-02', 359, 2, 10000, 1, 0),
(3781, 1174, '1', '2024-02-02', 537, 1, 2000, 1, 0),
(3782, 1174, '1', '2024-02-02', 910, 1, 27000, 1, 0),
(3783, 1174, '1', '2024-02-02', 878, 1, 25000, 1, 0),
(3784, 1174, '1', '2024-02-02', 156, 1, 7000, 1, 0),
(3785, 1174, '1', '2024-02-02', 720, 1, 3000, 1, 0),
(3786, 1174, '1', '2024-02-02', 562, 2, 2000, 1, 0),
(3787, 1174, '1', '2024-02-02', 696, 1, 10000, 1, 0),
(3788, 1174, '1', '2024-02-02', 696, 1, 10000, 1, 0),
(3789, 1174, '1', '2024-02-02', 232, 2, 7000, 1, 0),
(3790, 1174, '1', '2024-02-02', 1093, 1, 28000, 1, 0),
(3791, 1174, '1', '2024-02-02', 501, 1, 133000, 1, 0),
(3792, 1174, '1', '2024-02-02', 591, 1, 25000, 1, 0),
(3793, 1174, '1', '2024-02-02', 842, 1, 2000, 1, 0),
(3794, 1174, '1', '2024-02-02', 721, 2, 12000, 1, 0),
(3795, 1174, '1', '2024-02-02', 451, 1, 6000, 1, 0),
(3796, 1174, '1', '2024-02-02', 456, 1, 24000, 1, 0),
(3828, 1175, '1', '2024-02-03', 31, 1, 15000, 1, 0),
(3829, 1175, '1', '2024-02-03', 205, 1, 6000, 1, 0),
(3830, 1175, '1', '2024-02-03', 180, 4, 4000, 1, 0),
(3831, 1175, '1', '2024-02-03', 720, 1, 3000, 1, 0),
(3832, 1175, '1', '2024-02-03', 156, 1, 7000, 1, 0),
(3833, 1175, '1', '2024-02-03', 703, 1, 10000, 1, 0),
(3834, 1175, '1', '2024-02-03', 674, 1, 15000, 1, 0),
(3835, 1175, '1', '2024-02-03', 669, 2, 28000, 1, 0),
(3836, 1175, '1', '2024-02-03', 1093, 2, 28000, 1, 0),
(3837, 1175, '1', '2024-02-03', 581, 1, 13000, 1, 0),
(3838, 1175, '1', '2024-02-03', 127, 1, 8000, 1, 0),
(3839, 1175, '1', '2024-02-03', 498, 1, 28000, 1, 0),
(3840, 1175, '1', '2024-02-03', 126, 1, 9000, 1, 0),
(3841, 1175, '1', '2024-02-03', 1092, 2, 36000, 1, 0),
(3842, 1175, '1', '2024-02-03', 127, 3, 8000, 1, 0),
(3843, 1175, '1', '2024-02-03', 720, 1, 3000, 1, 0),
(3844, 1175, '1', '2024-02-03', 674, 1, 15000, 1, 0),
(3845, 1175, '1', '2024-02-03', 956, 1, 5000, 1, 0),
(3846, 1175, '1', '2024-02-03', 956, 1, 5000, 1, 0),
(3847, 1175, '1', '2024-02-03', 766, 1, 30000, 1, 0),
(3848, 1175, '1', '2024-02-03', 474, 1, 129000, 1, 0),
(3849, 1175, '1', '2024-02-03', 669, 2, 28000, 1, 0),
(3850, 1175, '1', '2024-02-03', 958, 1, 36000, 1, 0),
(3851, 1175, '1', '2024-02-03', 899, 1, 36000, 1, 0),
(3852, 1175, '1', '2024-02-03', 456, 1, 28000, 1, 0),
(3853, 1175, '1', '2024-02-03', 669, 2, 28000, 1, 0),
(3854, 1175, '1', '2024-02-03', 956, 1, 5000, 1, 0),
(3855, 1175, '1', '2024-02-03', 959, 1, 10000, 1, 0),
(3856, 1175, '1', '2024-02-03', 408, 1, 42000, 1, 0),
(3859, 1176, '1', '2024-02-05', 74, 2, 10000, 1, 0),
(3860, 1176, '1', '2024-02-05', 696, 1, 8000, 1, 0),
(3861, 1176, '1', '2024-02-05', 537, 1, 2000, 1, 0),
(3862, 1176, '1', '2024-02-05', 1015, 2, 15000, 1, 0),
(3863, 1176, '1', '2024-02-05', 1092, 1, 36000, 1, 0),
(3864, 1176, '1', '2024-02-05', 669, 1, 34000, 1, 0);
INSERT INTO `salida_productos` (`id_salida`, `numero_fact`, `nombre_fact`, `fecha_salida`, `id_producto`, `cantidad`, `monto`, `id_usuario`, `desc_product`) VALUES
(3865, 1176, '1', '2024-02-05', 1093, 1, 28000, 1, 0),
(3866, 1176, '1', '2024-02-05', 957, 1, 7000, 1, 0),
(3867, 1176, '1', '2024-02-05', 720, 1, 3000, 1, 0),
(3868, 1176, '1', '2024-02-05', 704, 1, 2000, 1, 0),
(3869, 1176, '1', '2024-02-05', 536, 1, 25000, 1, 0),
(3870, 1176, '1', '2024-02-05', 669, 2, 28000, 1, 0),
(3871, 1176, '1', '2024-02-05', 124, 1, 13000, 1, 0),
(3872, 1176, '1', '2024-02-05', 537, 1, 1000, 1, 0),
(3873, 1176, '1', '2024-02-05', 720, 1, 3000, 1, 0),
(3874, 1176, '1', '2024-02-05', 126, 1, 9000, 1, 0),
(3875, 1176, '1', '2024-02-05', 562, 1, 2000, 1, 0),
(3876, 1176, '1', '2024-02-05', 869, 1, 5000, 1, 0),
(3877, 1176, '1', '2024-02-05', 262, 1, 5000, 1, 0),
(3878, 1176, '1', '2024-02-05', 429, 1, 15000, 1, 0),
(3879, 1176, '1', '2024-02-05', 1096, 2, 40000, 1, 0),
(3880, 1176, '1', '2024-02-05', 644, 4, 20000, 1, 0),
(3881, 1176, '1', '2024-02-05', 761, 1, 8000, 1, 0),
(3882, 1176, '1', '2024-02-05', 767, 1, 12000, 1, 0),
(3883, 1176, '1', '2024-02-05', 562, 1, 2000, 1, 0),
(3884, 1176, '1', '2024-02-05', 537, 1, 1000, 1, 0),
(3890, 1177, '1', '2024-02-06', 126, 1, 9000, 1, 0),
(3891, 1177, '1', '2024-02-06', 127, 1, 8000, 1, 0),
(3892, 1177, '1', '2024-02-06', 580, 1, 13000, 1, 0),
(3893, 1177, '1', '2024-02-06', 720, 1, 3000, 1, 0),
(3894, 1177, '1', '2024-02-06', 150, 1, 2000, 1, 0),
(3895, 1177, '1', '2024-02-06', 1094, 2, 90000, 1, 0),
(3896, 1177, '1', '2024-02-06', 712, 2, 500, 1, 0),
(3897, 1177, '1', '2024-02-06', 537, 1, 1000, 1, 0),
(3898, 1177, '1', '2024-02-06', 450, 1, 34500, 1, 0),
(3899, 1177, '1', '2024-02-06', 458, 1, 34500, 1, 0),
(3900, 1177, '1', '2024-02-06', 696, 1, 10000, 1, 0),
(3901, 1177, '1', '2024-02-06', 191, 2, 3000, 1, 0),
(3902, 1177, '1', '2024-02-06', 533, 2, 25000, 1, 0),
(3903, 1177, '1', '2024-02-06', 150, 1, 2000, 1, 0),
(3904, 1177, '1', '2024-02-06', 177, 1, 7000, 1, 0),
(3905, 1177, '1', '2024-02-06', 720, 1, 3000, 1, 0),
(3921, 1178, '1', '2024-02-07', 706, 1, 2000, 1, 0),
(3922, 1178, '1', '2024-02-07', 537, 1, 1000, 1, 0),
(3923, 1178, '1', '2024-02-07', 598, 1, 30000, 1, 0),
(3924, 1178, '1', '2024-02-07', 537, 1, 2000, 1, 0),
(3925, 1178, '1', '2024-02-07', 360, 1, 12000, 1, 0),
(3926, 1178, '1', '2024-02-07', 673, 1, 22000, 1, 0),
(3927, 1178, '1', '2024-02-07', 1105, 1, 10000, 1, 0),
(3928, 1178, '1', '2024-02-07', 669, 2, 28000, 1, 0),
(3929, 1178, '1', '2024-02-07', 1106, 4, 500, 1, 0),
(3930, 1178, '1', '2024-02-07', 562, 1, 2000, 1, 0),
(3931, 1178, '1', '2024-02-07', 40, 1, 6000, 1, 0),
(3932, 1178, '1', '2024-02-07', 498, 1, 28000, 1, 0),
(3933, 1178, '1', '2024-02-07', 126, 1, 9000, 1, 0),
(3934, 1178, '1', '2024-02-07', 915, 1, 80000, 1, 0),
(3935, 1178, '1', '2024-02-07', 806, 1, 5000, 1, 0),
(3936, 1178, '1', '2024-02-07', 460, 1, 12000, 1, 0),
(3937, 1178, '1', '2024-02-07', 1093, 2, 28000, 1, 0),
(3938, 1178, '1', '2024-02-07', 1104, 1, 9000, 1, 0),
(3939, 1178, '1', '2024-02-07', 468, 1, 25000, 1, 0),
(3952, 1179, '1', '2024-02-08', 860, 2, 80000, 1, 0),
(3953, 1179, '1', '2024-02-08', 1023, 1, 9000, 1, 0),
(3954, 1179, '1', '2024-02-08', 720, 1, 3000, 1, 0),
(3955, 1179, '1', '2024-02-08', 1107, 2, 28000, 1, 0),
(3956, 1179, '1', '2024-02-08', 1104, 1, 9000, 1, 0),
(3957, 1179, '1', '2024-02-08', 1105, 1, 10000, 1, 0),
(3958, 1179, '1', '2024-02-08', 1106, 4, 500, 1, 0),
(3959, 1179, '1', '2024-02-08', 191, 1, 3000, 1, 0),
(3960, 1179, '1', '2024-02-08', 126, 1, 9000, 1, 0),
(3961, 1179, '1', '2024-02-08', 768, 1, 17000, 1, 0),
(3962, 1179, '1', '2024-02-08', 599, 1, 32000, 1, 0),
(3963, 1179, '1', '2024-02-08', 499, 1, 70000, 1, 0),
(3964, 1179, '1', '2024-02-08', 1105, 1, 10000, 1, 0),
(3965, 1179, '1', '2024-02-08', 721, 1, 17000, 1, 0),
(3966, 1179, '1', '2024-02-08', 1106, 2, 500, 1, 0),
(3967, 1179, '1', '2024-02-08', 982, 1, 100000, 1, 0),
(3968, 1179, '1', '2024-02-08', 1104, 1, 9000, 1, 0),
(3969, 1179, '1', '2024-02-08', 385, 1, 130000, 1, 0),
(3970, 1179, '1', '2024-02-08', 891, 1, 25000, 1, 0),
(3971, 1179, '1', '2024-02-08', 869, 1, 5000, 1, 0),
(3972, 1179, '1', '2024-02-08', 1088, 1, 98000, 1, 0),
(3973, 1179, '1', '2024-02-08', 711, 2, 4000, 1, 0),
(3974, 1180, '1', '2024-02-09', 887, 1, 30000, 1, 0),
(3975, 1180, '1', '2024-02-09', 1107, 2, 28000, 1, 0),
(3976, 1180, '1', '2024-02-09', 1104, 1, 9000, 1, 0),
(3977, 1180, '1', '2024-02-09', 1105, 1, 10000, 1, 0),
(3978, 1180, '1', '2024-02-09', 581, 1, 13000, 1, 0),
(3979, 1180, '1', '2024-02-09', 1106, 4, 500, 1, 0),
(3980, 1180, '1', '2024-02-09', 380, 1, 60000, 1, 0),
(3981, 1180, '1', '2024-02-09', 41, 1, 6000, 1, 0),
(3982, 1180, '1', '2024-02-09', 1107, 1, 28000, 1, 0),
(3983, 1180, '1', '2024-02-09', 360, 2, 12000, 1, 0),
(3984, 1180, '1', '2024-02-09', 359, 2, 10000, 1, 0),
(3985, 1180, '1', '2024-02-09', 562, 1, 2000, 1, 0),
(3986, 1180, '1', '2024-02-09', 562, 3, 2000, 1, 0),
(3987, 1180, '1', '2024-02-09', 498, 1, 28000, 1, 0),
(3988, 1180, '1', '2024-02-09', 717, 1, 20000, 1, 0),
(3989, 1180, '1', '2024-02-09', 1107, 1, 28000, 1, 0),
(3990, 1180, '1', '2024-02-09', 669, 2, 28000, 1, 0),
(3991, 1180, '1', '2024-02-09', 1104, 1, 9000, 1, 0),
(3992, 1180, '1', '2024-02-09', 717, 1, 10000, 1, 0),
(3993, 1180, '1', '2024-02-09', 360, 1, 12000, 1, 0),
(3994, 1180, '1', '2024-02-09', 562, 1, 2000, 1, 0),
(3995, 1180, '1', '2024-02-09', 1106, 2, 500, 1, 0),
(3996, 1180, '1', '2024-02-09', 1063, 1, 8000, 1, 0),
(3997, 1180, '1', '2024-02-09', 256, 1, 15000, 1, 0),
(3998, 1180, '1', '2024-02-09', 312, 1, 15000, 1, 0),
(3999, 1180, '1', '2024-02-09', 718, 1, 8000, 1, 0),
(4000, 1180, '1', '2024-02-09', 150, 1, 8000, 1, 0),
(4005, 1181, '1', '2024-02-10', 1108, 2, 25000, 1, 0),
(4006, 1181, '1', '2024-02-10', 1106, 4, 500, 1, 0),
(4007, 1181, '1', '2024-02-10', 720, 2, 3000, 1, 0),
(4008, 1181, '1', '2024-02-10', 720, 1, 3000, 1, 0),
(4009, 1181, '1', '2024-02-10', 663, 1, 39000, 1, 0),
(4010, 1181, '1', '2024-02-10', 992, 1, 12000, 1, 0),
(4011, 1181, '1', '2024-02-10', 762, 1, 3000, 1, 0),
(4012, 1181, '1', '2024-02-10', 533, 2, 25000, 1, 0),
(4013, 1181, '1', '2024-02-10', 241, 1, 2000, 1, 0),
(4014, 1181, '1', '2024-02-10', 786, 1, 26000, 1, 0),
(4020, 1182, '1', '2024-02-12', 116, 1, 19000, 1, 0),
(4021, 1182, '1', '2024-02-12', 761, 1, 5000, 1, 0),
(4022, 1182, '1', '2024-02-12', 1095, 2, 110000, 1, 0),
(4023, 1182, '1', '2024-02-12', 597, 1, 56000, 1, 0),
(4024, 1182, '1', '2024-02-12', 491, 1, 15000, 1, 0),
(4025, 1182, '1', '2024-02-12', 1106, 4, 500, 1, 0),
(4026, 1182, '1', '2024-02-12', 859, 2, 79000, 1, 0),
(4027, 1182, '1', '2024-02-12', 1022, 2, 5000, 1, 0),
(4028, 1182, '1', '2024-02-12', 720, 1, 3000, 1, 0),
(4029, 1182, '1', '2024-02-12', 720, 1, 3000, 1, 0),
(4030, 1182, '1', '2024-02-12', 705, 1, 2000, 1, 0),
(4031, 1182, '1', '2024-02-12', 720, 1, 3000, 1, 0),
(4032, 1182, '1', '2024-02-12', 126, 1, 9000, 1, 0),
(4033, 1182, '1', '2024-02-12', 1062, 1, 12000, 1, 0),
(4034, 1182, '1', '2024-02-12', 1106, 2, 500, 1, 0),
(4035, 1182, '1', '2024-02-12', 1106, 2, 500, 1, 0),
(4036, 1182, '1', '2024-02-12', 121, 1, 16000, 1, 0),
(4037, 1182, '1', '2024-02-12', 699, 1, 2000, 1, 0),
(4038, 1182, '1', '2024-02-12', 874, 1, 5000, 1, 0),
(4039, 1182, '1', '2024-02-12', 263, 2, 500, 1, 0),
(4040, 1182, '1', '2024-02-12', 244, 1, 10000, 1, 0),
(4051, 1183, '1', '2024-02-13', 869, 1, 5000, 1, 0),
(4052, 1183, '1', '2024-02-13', 713, 2, 500, 1, 0),
(4053, 1183, '1', '2024-02-13', 955, 1, 7000, 1, 0),
(4054, 1183, '1', '2024-02-13', 953, 1, 39000, 1, 0),
(4055, 1183, '1', '2024-02-13', 66, 1, 8000, 1, 0),
(4056, 1183, '1', '2024-02-13', 1068, 1, 13000, 1, 0),
(4057, 1183, '1', '2024-02-13', 518, 1, 8000, 1, 0),
(4058, 1183, '1', '2024-02-13', 1020, 1, 20000, 1, 0),
(4059, 1183, '1', '2024-02-13', 1023, 1, 12000, 1, 0),
(4060, 1183, '1', '2024-02-13', 191, 1, 3000, 1, 0),
(4061, 1183, '1', '2024-02-13', 1107, 2, 28000, 1, 0),
(4062, 1183, '1', '2024-02-13', 272, 1, 24000, 1, 0),
(4063, 1183, '1', '2024-02-13', 1015, 1, 15000, 1, 0),
(4064, 1183, '1', '2024-02-13', 1107, 1, 28000, 1, 0),
(4065, 1183, '1', '2024-02-13', 1035, 1, 8000, 1, 0),
(4066, 1183, '1', '2024-02-13', 1092, 2, 36000, 1, 0),
(4067, 1183, '1', '2024-02-13', 720, 1, 3000, 1, 0),
(4068, 1183, '1', '2024-02-13', 635, 1, 3000, 1, 0),
(4069, 1183, '1', '2024-02-13', 1015, 1, 15000, 1, 0),
(4070, 1183, '1', '2024-02-13', 242, 1, 3000, 1, 0),
(4071, 1183, '1', '2024-02-13', 1107, 1, 28000, 1, 0),
(4072, 1183, '1', '2024-02-13', 720, 1, 3000, 1, 0),
(4073, 1183, '1', '2024-02-13', 375, 1, 40000, 1, 0),
(4074, 1183, '1', '2024-02-13', 766, 1, 30000, 1, 0),
(4075, 1183, '1', '2024-02-13', 766, 1, 30000, 1, 0),
(4082, 1184, '1', '2024-02-14', 955, 1, 7000, 1, 0),
(4083, 1184, '1', '2024-02-14', 526, 1, 10000, 1, 0),
(4084, 1184, '1', '2024-02-14', 669, 1, 28000, 1, 0),
(4085, 1184, '1', '2024-02-14', 1101, 1, 8000, 1, 0),
(4086, 1184, '1', '2024-02-14', 682, 2, 30000, 1, 0),
(4087, 1184, '1', '2024-02-14', 1104, 1, 9000, 1, 0),
(4088, 1184, '1', '2024-02-14', 1105, 1, 10000, 1, 0),
(4089, 1184, '1', '2024-02-14', 1106, 4, 500, 1, 0),
(4090, 1184, '1', '2024-02-14', 380, 1, 54000, 1, 0),
(4091, 1184, '1', '2024-02-14', 720, 1, 3000, 1, 0),
(4092, 1184, '1', '2024-02-14', 1105, 1, 10000, 1, 0),
(4093, 1184, '1', '2024-02-14', 1106, 4, 500, 1, 0),
(4094, 1184, '1', '2024-02-14', 359, 1, 10000, 1, 0),
(4095, 1184, '1', '2024-02-14', 1162, 2, 28000, 1, 0),
(4096, 1184, '1', '2024-02-14', 812, 1, 12000, 1, 0),
(4097, 1184, '1', '2024-02-14', 669, 1, 28000, 1, 0),
(4113, 1185, '1', '2024-02-15', 126, 1, 9000, 1, 0),
(4114, 1185, '1', '2024-02-15', 469, 1, 25000, 1, 0),
(4115, 1185, '1', '2024-02-15', 530, 1, 25000, 1, 0),
(4116, 1185, '1', '2024-02-15', 896, 1, 36000, 1, 0),
(4117, 1185, '1', '2024-02-15', 1015, 1, 15000, 1, 0),
(4118, 1185, '1', '2024-02-15', 1092, 1, 36000, 1, 0),
(4119, 1185, '1', '2024-02-15', 720, 1, 3000, 1, 0),
(4120, 1185, '1', '2024-02-15', 925, 1, 2000, 1, 0),
(4121, 1185, '1', '2024-02-15', 544, 1, 30000, 1, 0),
(4122, 1185, '1', '2024-02-15', 127, 1, 8000, 1, 0),
(4123, 1185, '1', '2024-02-15', 669, 2, 34000, 1, 0),
(4124, 1185, '1', '2024-02-15', 1104, 1, 9000, 1, 0),
(4125, 1185, '1', '2024-02-15', 720, 1, 3000, 1, 0),
(4126, 1185, '1', '2024-02-15', 704, 1, 2000, 1, 0),
(4127, 1185, '1', '2024-02-15', 126, 1, 9000, 1, 0),
(4128, 1185, '1', '2024-02-15', 1162, 2, 28000, 1, 0),
(4129, 1185, '1', '2024-02-15', 958, 1, 39000, 1, 0),
(4130, 1185, '1', '2024-02-15', 1104, 1, 9000, 1, 0),
(4144, 1186, '1', '2024-02-16', 1095, 2, 110000, 1, 0),
(4145, 1186, '1', '2024-02-16', 380, 1, 55000, 1, 0),
(4146, 1186, '1', '2024-02-16', 1113, 1, 225000, 1, 0),
(4147, 1186, '1', '2024-02-16', 390, 1, 13000, 1, 0),
(4148, 1186, '1', '2024-02-16', 1101, 1, 8000, 1, 0),
(4149, 1186, '1', '2024-02-16', 1085, 2, 25000, 1, 0),
(4150, 1186, '1', '2024-02-16', 849, 1, 70000, 1, 0),
(4151, 1186, '1', '2024-02-16', 292, 1, 9000, 1, 0),
(4152, 1186, '1', '2024-02-16', 359, 2, 10000, 1, 0),
(4153, 1186, '1', '2024-02-16', 361, 1, 10000, 1, 0),
(4154, 1186, '1', '2024-02-16', 1105, 1, 10000, 1, 0),
(4155, 1186, '1', '2024-02-16', 562, 1, 2000, 1, 0),
(4156, 1186, '1', '2024-02-16', 124, 1, 10000, 1, 0),
(4157, 1186, '1', '2024-02-16', 669, 2, 28000, 1, 0),
(4158, 1186, '1', '2024-02-16', 232, 1, 7000, 1, 0),
(4159, 1186, '1', '2024-02-16', 766, 2, 30000, 1, 0),
(4160, 1186, '1', '2024-02-16', 699, 1, 2000, 1, 0),
(4161, 1186, '1', '2024-02-16', 242, 1, 3000, 1, 0),
(4162, 1186, '1', '2024-02-16', 562, 1, 2000, 1, 0),
(4163, 1186, '1', '2024-02-16', 1085, 1, 25000, 1, 0),
(4164, 1186, '1', '2024-02-16', 910, 1, 27000, 1, 0),
(4165, 1186, '1', '2024-02-16', 562, 5, 2000, 1, 0),
(4166, 1186, '1', '2024-02-16', 1105, 1, 10000, 1, 0),
(4167, 1186, '1', '2024-02-16', 734, 1, 65000, 1, 0),
(4168, 1186, '1', '2024-02-16', 1146, 1, 10000, 1, 0),
(4169, 1186, '1', '2024-02-16', 242, 1, 3000, 1, 0),
(4170, 1186, '1', '2024-02-16', 701, 2, 5000, 1, 0),
(4171, 1186, '1', '2024-02-16', 490, 3, 10000, 1, 0),
(4172, 1186, '1', '2024-02-16', 1105, 1, 10000, 1, 0),
(4175, 1187, '1', '2024-02-17', 641, 1, 18000, 1, 0),
(4176, 1187, '1', '2024-02-17', 206, 1, 10000, 1, 0),
(4177, 1187, '1', '2024-02-17', 147, 1, 6000, 1, 0),
(4178, 1187, '1', '2024-02-17', 1146, 1, 10000, 1, 0),
(4179, 1187, '1', '2024-02-17', 720, 1, 3000, 1, 0),
(4180, 1187, '1', '2024-02-17', 1105, 1, 10000, 1, 0),
(4181, 1187, '1', '2024-02-17', 1106, 4, 500, 1, 0),
(4182, 1187, '1', '2024-02-17', 562, 1, 2000, 1, 0),
(4183, 1187, '1', '2024-02-17', 1162, 2, 28000, 1, 0),
(4184, 1187, '1', '2024-02-17', 1104, 1, 9000, 1, 0),
(4185, 1187, '1', '2024-02-17', 1104, 1, 9000, 1, 0),
(4186, 1187, '1', '2024-02-17', 232, 1, 7000, 1, 0),
(4187, 1187, '1', '2024-02-17', 626, 1, 17000, 1, 0),
(4188, 1187, '1', '2024-02-17', 811, 2, 17000, 1, 0),
(4189, 1187, '1', '2024-02-17', 451, 1, 17000, 1, 0),
(4190, 1187, '1', '2024-02-17', 1105, 1, 10000, 1, 0),
(4191, 1187, '1', '2024-02-17', 1092, 2, 36000, 1, 0),
(4192, 1187, '1', '2024-02-17', 1094, 2, 95000, 1, 0),
(4193, 1187, '1', '2024-02-17', 591, 1, 25000, 1, 0),
(4194, 1187, '1', '2024-02-17', 1093, 2, 28000, 1, 0),
(4195, 1187, '1', '2024-02-17', 871, 1, 25000, 1, 0),
(4196, 1187, '1', '2024-02-17', 1104, 3, 9000, 1, 0),
(4206, 1188, '1', '2024-02-19', 385, 1, 124000, 1, 0),
(4207, 1188, '1', '2024-02-19', 135, 1, 28000, 1, 0),
(4208, 1188, '1', '2024-02-19', 201, 1, 2000, 1, 0),
(4209, 1188, '1', '2024-02-19', 678, 2, 22000, 1, 0),
(4210, 1188, '1', '2024-02-19', 888, 1, 18000, 1, 0),
(4211, 1188, '1', '2024-02-19', 1105, 1, 10000, 1, 0),
(4212, 1188, '1', '2024-02-19', 1162, 2, 28000, 1, 0),
(4213, 1188, '1', '2024-02-19', 1207, 1, 15000, 1, 0),
(4214, 1188, '1', '2024-02-19', 360, 1, 12000, 1, 0),
(4215, 1188, '1', '2024-02-19', 1106, 4, 500, 1, 0),
(4216, 1188, '1', '2024-02-19', 1104, 1, 9000, 1, 0),
(4217, 1188, '1', '2024-02-19', 76, 1, 21000, 1, 0),
(4218, 1188, '1', '2024-02-19', 669, 2, 28000, 1, 0),
(4219, 1188, '1', '2024-02-19', 1217, 2, 20000, 1, 0),
(4220, 1188, '1', '2024-02-19', 115, 1, 5000, 1, 0),
(4221, 1188, '1', '2024-02-19', 114, 1, 10000, 1, 0),
(4222, 1188, '1', '2024-02-19', 869, 1, 5000, 1, 0),
(4223, 1188, '1', '2024-02-19', 1062, 1, 12000, 1, 0),
(4224, 1188, '1', '2024-02-19', 711, 1, 4000, 1, 0),
(4225, 1188, '1', '2024-02-19', 1210, 1, 145000, 1, 0),
(4226, 1188, '1', '2024-02-19', 689, 1, 15000, 1, 0),
(4227, 1188, '1', '2024-02-19', 1106, 6, 500, 1, 0),
(4228, 1188, '1', '2024-02-19', 874, 1, 5000, 1, 0),
(4229, 1188, '1', '2024-02-19', 107, 1, 22000, 1, 0),
(4230, 1188, '1', '2024-02-19', 105, 1, 20000, 1, 0),
(4231, 1188, '1', '2024-02-19', 1092, 2, 36000, 1, 0),
(4232, 1188, '1', '2024-02-19', 1104, 1, 9000, 1, 0),
(4233, 1188, '1', '2024-02-19', 490, 4, 10000, 1, 0),
(4234, 1188, '1', '2024-02-19', 1105, 1, 10000, 1, 0),
(4235, 1188, '1', '2024-02-19', 562, 2, 2000, 1, 0),
(4236, 1188, '1', '2024-02-19', 376, 1, 240000, 1, 0),
(4237, 1189, '1', '2024-02-20', 766, 2, 30000, 1, 0),
(4238, 1189, '1', '2024-02-20', 1106, 4, 500, 1, 0),
(4239, 1189, '1', '2024-02-20', 1085, 2, 26000, 1, 0),
(4240, 1189, '1', '2024-02-20', 973, 2, 15000, 1, 0),
(4241, 1189, '1', '2024-02-20', 161, 1, 10000, 1, 0),
(4242, 1189, '1', '2024-02-20', 712, 2, 500, 1, 0),
(4243, 1189, '1', '2024-02-20', 699, 1, 2000, 1, 0),
(4244, 1189, '1', '2024-02-20', 421, 1, 170000, 1, 0),
(4245, 1189, '1', '2024-02-20', 562, 1, 2000, 1, 0),
(4246, 1189, '1', '2024-02-20', 1217, 1, 20000, 1, 0),
(4247, 1189, '1', '2024-02-20', 844, 1, 23000, 1, 0),
(4248, 1189, '1', '2024-02-20', 508, 1, 7000, 1, 0),
(4249, 1189, '1', '2024-02-20', 562, 2, 2000, 1, 0),
(4250, 1189, '1', '2024-02-20', 1106, 4, 500, 1, 0),
(4251, 1189, '1', '2024-02-20', 359, 1, 10000, 1, 0),
(4252, 1189, '1', '2024-02-20', 77, 1, 41000, 1, 0),
(4253, 1189, '1', '2024-02-20', 1282, 1, 8000, 1, 0),
(4268, 1190, '1', '2024-02-21', 126, 1, 9000, 1, 0),
(4269, 1190, '1', '2024-02-21', 359, 1, 10000, 1, 0),
(4270, 1190, '1', '2024-02-21', 1211, 1, 15000, 1, 0),
(4271, 1190, '1', '2024-02-21', 247, 1, 10000, 1, 0),
(4272, 1190, '1', '2024-02-21', 126, 1, 9000, 1, 0),
(4273, 1190, '1', '2024-02-21', 359, 1, 10000, 1, 0),
(4274, 1190, '1', '2024-02-21', 1106, 4, 500, 1, 0),
(4275, 1190, '1', '2024-02-21', 562, 3, 2000, 1, 0),
(4276, 1190, '1', '2024-02-21', 1282, 1, 8000, 1, 0),
(4277, 1190, '1', '2024-02-21', 792, 2, 90000, 1, 0),
(4278, 1190, '1', '2024-02-21', 720, 1, 3000, 1, 0),
(4279, 1190, '1', '2024-02-21', 151, 1, 65000, 1, 0),
(4280, 1190, '1', '2024-02-21', 1215, 1, 3000, 1, 0),
(4281, 1190, '1', '2024-02-21', 384, 1, 6000, 1, 0),
(4282, 1190, '1', '2024-02-21', 766, 2, 30000, 1, 0),
(4283, 1190, '1', '2024-02-21', 1104, 1, 9000, 1, 0),
(4284, 1190, '1', '2024-02-21', 703, 1, 5000, 1, 0),
(4299, 1191, '1', '2024-02-22', 669, 2, 28000, 1, 0),
(4300, 1191, '1', '2024-02-22', 720, 1, 3000, 1, 0),
(4301, 1191, '1', '2024-02-22', 1104, 1, 9000, 1, 0),
(4302, 1191, '1', '2024-02-22', 1105, 1, 10000, 1, 0),
(4303, 1191, '1', '2024-02-22', 1106, 4, 500, 1, 0),
(4304, 1191, '1', '2024-02-22', 562, 1, 2000, 1, 0),
(4305, 1191, '1', '2024-02-22', 1262, 1, 7500, 1, 0),
(4306, 1191, '1', '2024-02-22', 359, 1, 10000, 1, 0),
(4307, 1191, '1', '2024-02-22', 678, 2, 22000, 1, 0),
(4308, 1191, '1', '2024-02-22', 1092, 2, 36000, 1, 0),
(4309, 1191, '1', '2024-02-22', 1262, 1, 7000, 1, 0),
(4310, 1191, '1', '2024-02-22', 216, 1, 10000, 1, 0),
(4314, 1192, '1', '2024-02-23', 1217, 1, 20000, 1, 0),
(4315, 1192, '1', '2024-02-23', 994, 1, 35000, 1, 0),
(4316, 1192, '1', '2024-02-23', 126, 1, 9000, 1, 0),
(4317, 1192, '1', '2024-02-23', 1162, 1, 28000, 1, 0),
(4318, 1192, '1', '2024-02-23', 464, 1, 10000, 1, 0),
(4319, 1192, '1', '2024-02-23', 459, 1, 10000, 1, 0),
(4320, 1192, '1', '2024-02-23', 508, 1, 7000, 1, 0),
(4321, 1192, '1', '2024-02-23', 507, 1, 6000, 1, 0),
(4322, 1192, '1', '2024-02-23', 777, 1, 17000, 1, 0),
(4323, 1192, '1', '2024-02-23', 895, 1, 40000, 1, 0),
(4324, 1192, '1', '2024-02-23', 1092, 2, 36000, 1, 0),
(4325, 1192, '1', '2024-02-23', 715, 2, 8000, 1, 0),
(4326, 1192, '1', '2024-02-23', 669, 2, 28000, 1, 0),
(4327, 1192, '1', '2024-02-23', 422, 1, 90000, 1, 0),
(4328, 1192, '1', '2024-02-23', 216, 1, 10000, 1, 0),
(4329, 1192, '1', '2024-02-23', 761, 1, 5000, 1, 0),
(4345, 1193, '1', '2024-02-24', 1105, 1, 10000, 1, 0),
(4346, 1193, '1', '2024-02-24', 1106, 4, 500, 1, 0),
(4347, 1193, '1', '2024-02-24', 216, 1, 10000, 1, 0),
(4348, 1193, '1', '2024-02-24', 1093, 1, 28000, 1, 0),
(4349, 1193, '1', '2024-02-24', 1286, 1, 10000, 1, 0),
(4350, 1193, '1', '2024-02-24', 720, 2, 3000, 1, 0),
(4351, 1193, '1', '2024-02-24', 669, 2, 28000, 1, 0),
(4352, 1193, '1', '2024-02-24', 979, 1, 70000, 1, 0),
(4353, 1193, '1', '2024-02-24', 1286, 1, 10000, 1, 0),
(4354, 1193, '1', '2024-02-24', 1106, 4, 500, 1, 0),
(4355, 1193, '1', '2024-02-24', 380, 1, 60000, 1, 0),
(4356, 1193, '1', '2024-02-24', 1162, 1, 28000, 1, 0),
(4357, 1193, '1', '2024-02-24', 1162, 1, 28000, 1, 0),
(4358, 1193, '1', '2024-02-24', 245, 1, 1000, 1, 0),
(4360, 1194, '1', '2024-02-26', 766, 1, 30000, 1, 0),
(4361, 1194, '1', '2024-02-26', 126, 1, 9000, 1, 0),
(4362, 1194, '1', '2024-02-26', 1165, 1, 12000, 1, 0),
(4363, 1194, '1', '2024-02-26', 669, 1, 28000, 1, 0),
(4364, 1194, '1', '2024-02-26', 591, 1, 25000, 1, 0),
(4365, 1194, '1', '2024-02-26', 639, 2, 18000, 1, 0),
(4366, 1194, '1', '2024-02-26', 263, 2, 500, 1, 0),
(4367, 1194, '1', '2024-02-26', 1282, 1, 8000, 1, 0),
(4368, 1194, '1', '2024-02-26', 359, 2, 8000, 1, 0),
(4369, 1194, '1', '2024-02-26', 562, 1, 2000, 1, 0),
(4370, 1194, '1', '2024-02-26', 997, 1, 16000, 1, 0),
(4371, 1194, '1', '2024-02-26', 678, 1, 22000, 1, 0),
(4372, 1194, '1', '2024-02-26', 1257, 2, 10000, 1, 0),
(4373, 1194, '1', '2024-02-26', 562, 2, 2000, 1, 0),
(4374, 1194, '1', '2024-02-26', 181, 1, 7000, 1, 0),
(4375, 1194, '1', '2024-02-26', 115, 1, 5000, 1, 0),
(4376, 1194, '1', '2024-02-26', 1282, 1, 8000, 1, 0),
(4377, 1194, '1', '2024-02-26', 1286, 1, 10000, 1, 0),
(4378, 1194, '1', '2024-02-26', 1106, 4, 500, 1, 0),
(4379, 1194, '1', '2024-02-26', 562, 4, 2000, 1, 0),
(4380, 1194, '1', '2024-02-26', 720, 1, 3000, 1, 0),
(4381, 1194, '1', '2024-02-26', 194, 1, 22000, 1, 0),
(4382, 1194, '1', '2024-02-26', 1140, 1, 7000, 1, 0),
(4383, 1194, '1', '2024-02-26', 1283, 1, 9000, 1, 0),
(4384, 1194, '1', '2024-02-26', 1093, 1, 28000, 1, 0),
(4391, 1195, '1', '2024-02-27', 639, 1, 18000, 1, 0),
(4392, 1195, '1', '2024-02-27', 1192, 1, 8000, 1, 0),
(4393, 1195, '1', '2024-02-27', 1282, 1, 8000, 1, 0),
(4394, 1195, '1', '2024-02-27', 359, 1, 10000, 1, 0),
(4395, 1195, '1', '2024-02-27', 562, 1, 2000, 1, 0),
(4396, 1195, '1', '2024-02-27', 1106, 4, 500, 1, 0),
(4397, 1195, '1', '2024-02-27', 865, 1, 3000, 1, 0),
(4398, 1195, '1', '2024-02-27', 598, 1, 30000, 1, 0),
(4399, 1195, '1', '2024-02-27', 229, 2, 5000, 1, 0),
(4400, 1195, '1', '2024-02-27', 1106, 4, 500, 1, 0),
(4401, 1195, '1', '2024-02-27', 713, 2, 500, 1, 0),
(4402, 1195, '1', '2024-02-27', 179, 1, 2000, 1, 0),
(4403, 1195, '1', '2024-02-27', 246, 2, 10000, 1, 0),
(4404, 1195, '1', '2024-02-27', 126, 1, 9000, 1, 0),
(4405, 1195, '1', '2024-02-27', 1093, 1, 28000, 1, 0),
(4406, 1196, '1', '2024-02-28', 1286, 1, 10000, 1, 0),
(4407, 1196, '1', '2024-02-28', 562, 1, 2000, 1, 0),
(4408, 1196, '1', '2024-02-28', 1106, 4, 500, 1, 0),
(4409, 1196, '1', '2024-02-28', 562, 1, 2000, 1, 0),
(4410, 1196, '1', '2024-02-28', 359, 1, 10000, 1, 0),
(4411, 1196, '1', '2024-02-28', 359, 1, 10000, 1, 0),
(4412, 1196, '1', '2024-02-28', 1106, 4, 500, 1, 0),
(4413, 1196, '1', '2024-02-28', 1287, 2, 28000, 1, 0),
(4414, 1196, '1', '2024-02-28', 562, 2, 2000, 1, 0),
(4415, 1196, '1', '2024-02-28', 359, 1, 10000, 1, 0),
(4416, 1196, '1', '2024-02-28', 1106, 4, 500, 1, 0),
(4417, 1196, '1', '2024-02-28', 1287, 1, 28000, 1, 0),
(4418, 1196, '1', '2024-02-28', 1282, 1, 8000, 1, 0),
(4419, 1196, '1', '2024-02-28', 562, 1, 2000, 1, 0),
(4420, 1196, '1', '2024-02-28', 263, 4, 500, 1, 0),
(4421, 1196, '1', '2024-02-28', 263, 4, 500, 1, 0),
(4422, 1196, '1', '2024-02-28', 1285, 1, 9000, 1, 0),
(4423, 1196, '1', '2024-02-28', 720, 1, 3000, 1, 0),
(4424, 1196, '1', '2024-02-28', 766, 2, 30000, 1, 0),
(4437, 1197, '1', '2024-02-29', 490, 2, 9000, 1, 0),
(4438, 1197, '1', '2024-02-29', 216, 1, 10000, 1, 0),
(4439, 1197, '1', '2024-02-29', 469, 1, 24000, 1, 0),
(4440, 1197, '1', '2024-02-29', 1287, 2, 28000, 1, 0),
(4441, 1197, '1', '2024-02-29', 1105, 1, 10000, 1, 0),
(4442, 1197, '1', '2024-02-29', 1106, 4, 500, 1, 0),
(4443, 1197, '1', '2024-02-29', 1285, 1, 9000, 1, 0),
(4444, 1197, '1', '2024-02-29', 1105, 1, 10000, 1, 0),
(4445, 1197, '1', '2024-02-29', 720, 1, 3000, 1, 0),
(4452, 1198, '1', '2024-03-01', 1217, 1, 20000, 1, 0),
(4453, 1198, '1', '2024-03-01', 459, 1, 10000, 1, 0),
(4454, 1198, '1', '2024-03-01', 550, 1, 18000, 1, 0),
(4455, 1198, '1', '2024-03-01', 400, 1, 25000, 1, 0),
(4456, 1198, '1', '2024-03-01', 359, 1, 8000, 1, 0),
(4457, 1198, '1', '2024-03-01', 1257, 1, 10000, 1, 0),
(4458, 1198, '1', '2024-03-01', 562, 1, 2000, 1, 0),
(4459, 1198, '1', '2024-03-01', 875, 2, 20000, 1, 0),
(4460, 1198, '1', '2024-03-01', 1227, 2, 25000, 1, 0),
(4461, 1198, '1', '2024-03-01', 1093, 1, 34000, 1, 0),
(4462, 1198, '1', '2024-03-01', 1282, 1, 8000, 1, 0),
(4463, 1198, '1', '2024-03-01', 562, 1, 2000, 1, 0),
(4464, 1198, '1', '2024-03-01', 770, 1, 12000, 1, 0),
(4465, 1198, '1', '2024-03-01', 1092, 1, 36000, 1, 0),
(4466, 1198, '1', '2024-03-01', 1247, 1, 6000, 1, 0),
(4467, 1198, '1', '2024-03-01', 1230, 6, 14000, 1, 0),
(4468, 1198, '1', '2024-03-01', 766, 2, 30000, 1, 0),
(4469, 1198, '1', '2024-03-01', 246, 1, 8000, 1, 0),
(4470, 1198, '1', '2024-03-01', 1262, 1, 7000, 1, 0),
(4471, 1198, '1', '2024-03-01', 1310, 2, 28000, 1, 0),
(4472, 1198, '1', '2024-03-01', 1286, 1, 10000, 1, 0),
(4473, 1198, '1', '2024-03-01', 562, 1, 2000, 1, 0),
(4474, 1198, '1', '2024-03-01', 562, 1, 2000, 1, 0),
(4475, 1198, '1', '2024-03-01', 1283, 1, 9000, 1, 0),
(4483, 1199, '1', '2024-03-02', 469, 1, 25000, 1, 0),
(4484, 1199, '1', '2024-03-02', 692, 1, 10000, 1, 0),
(4485, 1199, '1', '2024-03-02', 1098, 1, 25000, 1, 0),
(4486, 1199, '1', '2024-03-02', 874, 1, 5000, 1, 0),
(4487, 1199, '1', '2024-03-02', 720, 1, 3000, 1, 0),
(4488, 1199, '1', '2024-03-02', 705, 1, 2000, 1, 0),
(4489, 1199, '1', '2024-03-02', 766, 1, 30000, 1, 0),
(4490, 1199, '1', '2024-03-02', 524, 1, 15000, 1, 0),
(4498, 1200, '1', '2024-03-04', 1047, 1, 6000, 1, 0),
(4499, 1200, '1', '2024-03-04', 1311, 2, 28000, 1, 0),
(4500, 1200, '1', '2024-03-04', 124, 1, 10000, 1, 0),
(4501, 1200, '1', '2024-03-04', 1250, 1, 3000, 1, 0),
(4502, 1200, '1', '2024-03-04', 1312, 1, 28000, 1, 0),
(4503, 1200, '1', '2024-03-04', 155, 1, 5000, 1, 0),
(4504, 1200, '1', '2024-03-04', 426, 1, 22000, 1, 0),
(4505, 1200, '1', '2024-03-04', 775, 1, 90000, 1, 0),
(4506, 1200, '1', '2024-03-04', 1106, 4, 500, 1, 0),
(4507, 1200, '1', '2024-03-04', 1207, 1, 15000, 1, 0),
(4508, 1200, '1', '2024-03-04', 49, 1, 55000, 1, 0),
(4509, 1200, '1', '2024-03-04', 1105, 1, 10000, 1, 0),
(4510, 1200, '1', '2024-03-04', 1313, 1, 28000, 1, 0),
(4511, 1200, '1', '2024-03-04', 1286, 1, 10000, 1, 0),
(4512, 1200, '1', '2024-03-04', 1106, 4, 500, 1, 0),
(4513, 1200, '1', '2024-03-04', 1098, 1, 25000, 1, 0),
(4514, 1200, '1', '2024-03-04', 213, 1, 2000, 1, 0),
(4515, 1200, '1', '2024-03-04', 359, 1, 10000, 1, 0),
(4516, 1200, '1', '2024-03-04', 523, 1, 13000, 1, 0),
(4517, 1200, '1', '2024-03-04', 678, 1, 22000, 1, 0),
(4518, 1200, '1', '2024-03-04', 213, 4, 2000, 1, 0),
(4519, 1200, '1', '2024-03-04', 359, 1, 10000, 1, 0),
(4520, 1200, '1', '2024-03-04', 1282, 1, 8000, 1, 0),
(4521, 1200, '1', '2024-03-04', 1106, 4, 500, 1, 0),
(4522, 1200, '1', '2024-03-04', 126, 1, 9000, 1, 0),
(4523, 1200, '1', '2024-03-04', 1310, 2, 28000, 1, 0),
(4524, 1200, '1', '2024-03-04', 213, 1, 2000, 1, 0),
(4525, 1200, '1', '2024-03-04', 1106, 4, 500, 1, 0),
(4526, 1200, '1', '2024-03-04', 1146, 1, 10000, 1, 0),
(4527, 1200, '1', '2024-03-04', 720, 1, 3000, 1, 0),
(4528, 1200, '1', '2024-03-04', 705, 1, 2000, 1, 0),
(4529, 1200, '1', '2024-03-04', 1294, 1, 20000, 1, 0),
(4530, 1200, '1', '2024-03-04', 1106, 2, 500, 1, 0),
(4561, 1201, '1', '2024-03-05', 1105, 1, 10000, 1, 0),
(4562, 1201, '1', '2024-03-05', 1208, 1, 10000, 1, 0),
(4563, 1201, '1', '2024-03-05', 359, 1, 10000, 1, 0),
(4564, 1201, '1', '2024-03-05', 127, 1, 8000, 1, 0),
(4565, 1201, '1', '2024-03-05', 1106, 4, 500, 1, 0),
(4566, 1201, '1', '2024-03-05', 1106, 6, 500, 1, 0),
(4567, 1201, '1', '2024-03-05', 1106, 6, 500, 1, 0),
(4568, 1201, '1', '2024-03-05', 678, 1, 22000, 1, 0),
(4569, 1201, '1', '2024-03-05', 1287, 2, 28000, 1, 0),
(4570, 1201, '1', '2024-03-05', 786, 2, 26000, 1, 0),
(4571, 1201, '1', '2024-03-05', 259, 3, 5000, 1, 0),
(4572, 1201, '1', '2024-03-05', 458, 1, 40000, 1, 0),
(4573, 1201, '1', '2024-03-05', 1207, 1, 15000, 1, 0),
(4574, 1201, '1', '2024-03-05', 1286, 1, 10000, 1, 0),
(4575, 1201, '1', '2024-03-05', 1286, 1, 10000, 1, 0),
(4576, 1201, '1', '2024-03-05', 359, 1, 8000, 1, 0),
(4577, 1201, '1', '2024-03-05', 1311, 1, 28000, 1, 0),
(4578, 1201, '1', '2024-03-05', 491, 1, 10000, 1, 0),
(4579, 1201, '1', '2024-03-05', 1286, 1, 10000, 1, 0),
(4580, 1201, '1', '2024-03-05', 359, 1, 10000, 1, 0),
(4581, 1201, '1', '2024-03-05', 127, 1, 8000, 1, 0),
(4582, 1201, '1', '2024-03-05', 1105, 1, 10000, 1, 0),
(4583, 1201, '1', '2024-03-05', 1314, 2, 34000, 1, 0),
(4584, 1201, '1', '2024-03-05', 1106, 2, 500, 1, 0),
(4585, 1201, '1', '2024-03-05', 242, 1, 3000, 1, 0),
(4586, 1201, '1', '2024-03-05', 422, 1, 80000, 1, 0),
(4587, 1201, '1', '2024-03-05', 126, 1, 9000, 1, 0),
(4588, 1201, '1', '2024-03-05', 762, 1, 3000, 1, 0),
(4589, 1201, '1', '2024-03-05', 524, 1, 15000, 1, 0),
(4590, 1201, '1', '2024-03-05', 1165, 2, 12000, 1, 0),
(4591, 1201, '1', '2024-03-05', 1315, 3, 27000, 1, 0),
(4592, 1201, '1', '2024-03-05', 242, 1, 3000, 1, 0),
(4593, 1201, '1', '2024-03-05', 992, 1, 18000, 1, 0),
(4594, 1201, '1', '2024-03-05', 1285, 1, 9000, 1, 0),
(4595, 1201, '1', '2024-03-05', 1098, 1, 25000, 1, 0),
(4596, 1201, '1', '2024-03-05', 1283, 1, 9000, 1, 0),
(4624, 1202, '1', '2024-03-06', 1246, 1, 270000, 1, 0),
(4625, 1202, '1', '2024-03-06', 1106, 2, 500, 1, 0),
(4626, 1202, '1', '2024-03-06', 1316, 1, 45000, 1, 0),
(4627, 1202, '1', '2024-03-06', 1286, 1, 10000, 1, 0),
(4628, 1202, '1', '2024-03-06', 1283, 1, 9000, 1, 0),
(4629, 1202, '1', '2024-03-06', 359, 1, 10000, 1, 0),
(4630, 1202, '1', '2024-03-06', 359, 1, 10000, 1, 0),
(4631, 1202, '1', '2024-03-06', 359, 1, 10000, 1, 0),
(4632, 1202, '1', '2024-03-06', 1207, 1, 15000, 1, 0),
(4633, 1202, '1', '2024-03-06', 1106, 4, 500, 1, 0),
(4634, 1202, '1', '2024-03-06', 1282, 1, 8000, 1, 0),
(4635, 1202, '1', '2024-03-06', 1313, 2, 28000, 1, 0),
(4636, 1202, '1', '2024-03-06', 460, 1, 12000, 1, 0),
(4637, 1202, '1', '2024-03-06', 1016, 1, 20000, 1, 0),
(4638, 1202, '1', '2024-03-06', 213, 2, 2000, 1, 0),
(4639, 1202, '1', '2024-03-06', 1146, 2, 10000, 1, 0),
(4640, 1202, '1', '2024-03-06', 1286, 1, 10000, 1, 0),
(4641, 1202, '1', '2024-03-06', 1317, 4, 500, 1, 0),
(4642, 1202, '1', '2024-03-06', 49, 1, 55000, 1, 0),
(4643, 1202, '1', '2024-03-06', 1312, 1, 28000, 1, 0),
(4644, 1202, '1', '2024-03-06', 1040, 1, 88000, 1, 0),
(4655, 1203, '1', '2024-03-07', 1099, 2, 15000, 1, 0),
(4656, 1203, '1', '2024-03-07', 874, 1, 5000, 1, 0),
(4657, 1203, '1', '2024-03-07', 712, 12, 500, 1, 0),
(4658, 1203, '1', '2024-03-07', 699, 3, 2000, 1, 0),
(4659, 1203, '1', '2024-03-07', 263, 4, 500, 1, 0),
(4660, 1203, '1', '2024-03-07', 795, 1, 4000, 1, 0),
(4661, 1203, '1', '2024-03-07', 770, 2, 10500, 1, 0),
(4662, 1203, '1', '2024-03-07', 1258, 1, 105000, 1, 0),
(4663, 1203, '1', '2024-03-07', 254, 2, 9500, 1, 0),
(4664, 1203, '1', '2024-03-07', 426, 1, 20000, 1, 0),
(4665, 1203, '1', '2024-03-07', 601, 1, 32000, 1, 0),
(4666, 1203, '1', '2024-03-07', 1307, 1, 10000, 1, 0),
(4667, 1203, '1', '2024-03-07', 1307, 2, 10000, 1, 0),
(4668, 1203, '1', '2024-03-07', 1311, 1, 25000, 1, 0),
(4669, 1203, '1', '2024-03-07', 1287, 2, 28000, 1, 0),
(4670, 1203, '1', '2024-03-07', 1283, 1, 9000, 1, 0),
(4671, 1203, '1', '2024-03-07', 1282, 1, 8000, 1, 0),
(4672, 1203, '1', '2024-03-07', 720, 2, 3000, 1, 0),
(4673, 1203, '1', '2024-03-07', 705, 1, 2000, 1, 0),
(4686, 1204, '1', '2024-03-08', 720, 1, 3000, 1, 0),
(4687, 1204, '1', '2024-03-08', 1310, 2, 28000, 1, 0),
(4688, 1204, '1', '2024-03-08', 1106, 4, 500, 1, 0),
(4689, 1204, '1', '2024-03-08', 1105, 1, 10000, 1, 0),
(4690, 1204, '1', '2024-03-08', 359, 2, 10000, 1, 0),
(4691, 1204, '1', '2024-03-08', 213, 1, 2000, 1, 0),
(4692, 1204, '1', '2024-03-08', 1104, 1, 9000, 1, 0),
(4693, 1204, '1', '2024-03-08', 1315, 2, 27000, 1, 0),
(4694, 1204, '1', '2024-03-08', 720, 1, 3000, 1, 0),
(4695, 1204, '1', '2024-03-08', 359, 1, 10000, 1, 0),
(4696, 1204, '1', '2024-03-08', 713, 2, 500, 1, 0),
(4697, 1204, '1', '2024-03-08', 711, 2, 3500, 1, 0),
(4698, 1204, '1', '2024-03-08', 1258, 1, 100000, 1, 0),
(4699, 1204, '1', '2024-03-08', 795, 1, 7000, 1, 0),
(4700, 1204, '1', '2024-03-08', 705, 1, 2000, 1, 0),
(4701, 1204, '1', '2024-03-08', 180, 4, 3750, 1, 0),
(4702, 1204, '1', '2024-03-08', 1104, 1, 8000, 1, 0),
(4703, 1204, '1', '2024-03-08', 720, 1, 2000, 1, 0),
(4704, 1204, '1', '2024-03-08', 720, 1, 3000, 1, 0),
(4705, 1204, '1', '2024-03-08', 141, 1, 6000, 1, 0),
(4706, 1204, '1', '2024-03-08', 693, 1, 16000, 1, 0),
(4707, 1204, '1', '2024-03-08', 1313, 1, 28000, 1, 0),
(4708, 1204, '1', '2024-03-08', 1092, 2, 36000, 1, 0),
(4709, 1204, '1', '2024-03-08', 720, 1, 3000, 1, 0),
(4717, 1205, '1', '2024-03-09', 1313, 2, 28000, 1, 0),
(4718, 1205, '1', '2024-03-09', 1283, 1, 9000, 1, 0),
(4719, 1205, '1', '2024-03-09', 720, 1, 2000, 1, 0),
(4720, 1205, '1', '2024-03-09', 1314, 2, 34000, 1, 0),
(4721, 1205, '1', '2024-03-09', 257, 1, 58000, 1, 0),
(4722, 1205, '1', '2024-03-09', 766, 1, 30000, 1, 0),
(4723, 1205, '1', '2024-03-09', 1262, 1, 7000, 1, 0),
(4724, 1205, '1', '2024-03-09', 1317, 4, 500, 1, 0),
(4725, 1205, '1', '2024-03-09', 359, 1, 10000, 1, 0),
(4726, 1205, '1', '2024-03-09', 127, 1, 8000, 1, 0),
(4727, 1205, '1', '2024-03-09', 1098, 2, 25000, 1, 0),
(4728, 1205, '1', '2024-03-09', 1250, 1, 3000, 1, 0),
(4729, 1205, '1', '2024-03-09', 1101, 1, 5000, 1, 0),
(4730, 1205, '1', '2024-03-09', 359, 1, 10000, 1, 0),
(4731, 1205, '1', '2024-03-09', 1104, 1, 9000, 1, 0),
(4732, 1205, '1', '2024-03-09', 720, 3, 3000, 1, 0),
(4733, 1205, '1', '2024-03-09', 44, 1, 51000, 1, 0),
(4734, 1205, '1', '2024-03-09', 1215, 1, 3000, 1, 0),
(4735, 1205, '1', '2024-03-09', 265, 1, 3000, 1, 0),
(4736, 1205, '1', '2024-03-09', 1326, 1, 18000, 1, 0),
(4737, 1205, '1', '2024-03-09', 678, 1, 22000, 1, 0),
(4738, 1205, '1', '2024-03-09', 213, 3, 2000, 1, 0),
(4739, 1205, '1', '2024-03-09', 1106, 8, 500, 1, 0),
(4740, 1205, '1', '2024-03-09', 766, 1, 30000, 1, 0),
(4741, 1205, '1', '2024-03-09', 844, 1, 23000, 1, 0),
(4748, 1206, '1', '2024-03-11', 1108, 1, 25000, 1, 0),
(4749, 1206, '1', '2024-03-11', 471, 1, 45000, 1, 0),
(4750, 1206, '1', '2024-03-11', 464, 1, 10000, 1, 0),
(4751, 1206, '1', '2024-03-11', 761, 1, 5000, 1, 0),
(4752, 1206, '1', '2024-03-11', 1324, 1, 30000, 1, 0),
(4753, 1206, '1', '2024-03-11', 261, 1, 5000, 1, 0),
(4754, 1206, '1', '2024-03-11', 1318, 2, 28000, 1, 0),
(4755, 1206, '1', '2024-03-11', 1286, 1, 10000, 1, 0),
(4756, 1206, '1', '2024-03-11', 1283, 1, 9000, 1, 0),
(4757, 1206, '1', '2024-03-11', 1317, 4, 500, 1, 0),
(4758, 1206, '1', '2024-03-11', 88, 1, 48000, 1, 0),
(4759, 1206, '1', '2024-03-11', 1338, 1, 5000, 1, 0),
(4760, 1206, '1', '2024-03-11', 712, 2, 500, 1, 0),
(4761, 1206, '1', '2024-03-11', 1317, 4, 500, 1, 0),
(4762, 1206, '1', '2024-03-11', 213, 1, 2000, 1, 0),
(4763, 1206, '1', '2024-03-11', 1318, 2, 28000, 1, 0),
(4764, 1206, '1', '2024-03-11', 1283, 1, 9000, 1, 0),
(4765, 1206, '1', '2024-03-11', 313, 1, 17000, 1, 0),
(4766, 1206, '1', '2024-03-11', 245, 2, 4000, 1, 0),
(4767, 1206, '1', '2024-03-11', 720, 3, 3000, 1, 0),
(4768, 1206, '1', '2024-03-11', 720, 1, 3000, 1, 0),
(4779, 1207, '1', '2024-03-12', 786, 1, 26000, 1, 0),
(4780, 1207, '1', '2024-03-12', 712, 4, 500, 1, 0),
(4781, 1207, '1', '2024-03-12', 1215, 2, 3000, 1, 0),
(4782, 1207, '1', '2024-03-12', 867, 1, 10000, 1, 0),
(4783, 1207, '1', '2024-03-12', 121, 1, 17000, 1, 0),
(4784, 1207, '1', '2024-03-12', 1217, 1, 20000, 1, 0),
(4785, 1207, '1', '2024-03-12', 781, 1, 110000, 1, 0),
(4786, 1207, '1', '2024-03-12', 1338, 1, 5000, 1, 0),
(4787, 1207, '1', '2024-03-12', 1343, 2, 500, 1, 0),
(4788, 1207, '1', '2024-03-12', 1317, 4, 500, 1, 0),
(4789, 1207, '1', '2024-03-12', 712, 1, 2000, 1, 0),
(4790, 1207, '1', '2024-03-12', 411, 1, 75000, 1, 0),
(4791, 1207, '1', '2024-03-12', 1086, 1, 6000, 1, 0),
(4792, 1207, '1', '2024-03-12', 1104, 1, 9000, 1, 0),
(4793, 1207, '1', '2024-03-12', 119, 1, 100000, 1, 0),
(4794, 1207, '1', '2024-03-12', 1298, 2, 30000, 1, 0),
(4810, 1208, '1', '2024-03-13', 874, 1, 5000, 1, 0),
(4811, 1208, '1', '2024-03-13', 1146, 1, 10000, 1, 0),
(4812, 1208, '1', '2024-03-13', 1106, 2, 500, 1, 0),
(4813, 1208, '1', '2024-03-13', 1211, 1, 15000, 1, 0),
(4814, 1208, '1', '2024-03-13', 429, 1, 15000, 1, 0),
(4815, 1208, '1', '2024-03-13', 49, 1, 49000, 1, 0),
(4816, 1208, '1', '2024-03-13', 1258, 1, 115000, 1, 0),
(4817, 1208, '1', '2024-03-13', 1149, 1, 87000, 1, 0),
(4818, 1208, '1', '2024-03-13', 880, 1, 40000, 1, 0),
(4819, 1208, '1', '2024-03-13', 1318, 1, 28000, 1, 0),
(4820, 1208, '1', '2024-03-13', 1283, 1, 9000, 1, 0),
(4821, 1208, '1', '2024-03-13', 1101, 1, 5000, 1, 0),
(4822, 1208, '1', '2024-03-13', 1326, 1, 19000, 1, 0),
(4823, 1208, '1', '2024-03-13', 1282, 1, 8000, 1, 0),
(4825, 1209, '1', '2024-03-14', 841, 1, 9000, 1, 0),
(4826, 1209, '1', '2024-03-14', 1092, 1, 36000, 1, 0),
(4827, 1209, '1', '2024-03-14', 404, 1, 77000, 1, 0),
(4828, 1209, '1', '2024-03-14', 1326, 1, 17000, 1, 0),
(4829, 1209, '1', '2024-03-14', 1211, 1, 15000, 1, 0),
(4830, 1209, '1', '2024-03-14', 1012, 3, 11000, 1, 0),
(4831, 1209, '1', '2024-03-14', 74, 1, 10000, 1, 0),
(4832, 1209, '1', '2024-03-14', 1209, 1, 142000, 1, 0),
(4833, 1209, '1', '2024-03-14', 775, 1, 110000, 1, 0),
(4834, 1209, '1', '2024-03-14', 1212, 1, 27000, 1, 0),
(4835, 1209, '1', '2024-03-14', 393, 1, 24000, 1, 0),
(4836, 1209, '1', '2024-03-14', 1307, 2, 10000, 1, 0),
(4837, 1209, '1', '2024-03-14', 1318, 1, 28000, 1, 0),
(4840, 1210, '1', '2024-03-15', 1098, 1, 25000, 1, 0),
(4841, 1210, '1', '2024-03-15', 530, 1, 23000, 1, 0),
(4842, 1210, '1', '2024-03-15', 766, 2, 30000, 1, 0),
(4843, 1210, '1', '2024-03-15', 389, 1, 20000, 1, 0),
(4844, 1210, '1', '2024-03-15', 216, 1, 10000, 1, 0),
(4845, 1210, '1', '2024-03-15', 1341, 1, 4000, 1, 0),
(4846, 1210, '1', '2024-03-15', 769, 1, 25000, 1, 0),
(4847, 1210, '1', '2024-03-15', 1318, 2, 28000, 1, 0),
(4848, 1210, '1', '2024-03-15', 127, 1, 8000, 1, 0),
(4849, 1210, '1', '2024-03-15', 1282, 1, 8000, 1, 0),
(4850, 1210, '1', '2024-03-15', 1106, 4, 500, 1, 0),
(4851, 1210, '1', '2024-03-15', 359, 1, 10000, 1, 0),
(4852, 1210, '1', '2024-03-15', 213, 1, 2000, 1, 0),
(4855, 1211, '1', '2024-03-16', 375, 1, 39000, 1, 0),
(4856, 1211, '1', '2024-03-16', 663, 1, 37000, 1, 0),
(4857, 1211, '1', '2024-03-16', 693, 1, 17000, 1, 0),
(4858, 1211, '1', '2024-03-16', 874, 2, 4500, 1, 0),
(4859, 1211, '1', '2024-03-16', 1310, 1, 28000, 1, 0),
(4860, 1211, '1', '2024-03-16', 1105, 1, 10000, 1, 0),
(4861, 1211, '1', '2024-03-16', 359, 1, 10000, 1, 0),
(4862, 1211, '1', '2024-03-16', 1106, 4, 500, 1, 0),
(4863, 1211, '1', '2024-03-16', 1312, 2, 28000, 1, 0),
(4864, 1211, '1', '2024-03-16', 1104, 1, 9000, 1, 0),
(4865, 1211, '1', '2024-03-16', 417, 1, 40000, 1, 0),
(4866, 1211, '1', '2024-03-16', 1316, 1, 45000, 1, 0),
(4867, 1211, '1', '2024-03-16', 599, 1, 30000, 1, 0),
(4868, 1211, '1', '2024-03-16', 1358, 1, 20000, 1, 0),
(4869, 1211, '1', '2024-03-16', 1271, 1, 22000, 1, 0),
(4870, 1211, '1', '2024-03-16', 720, 1, 3000, 1, 0),
(4871, 1211, '1', '2024-03-16', 880, 1, 45000, 1, 0),
(4872, 1211, '1', '2024-03-16', 190, 1, 3000, 1, 0),
(4886, 1212, '1', '2024-03-18', 682, 1, 30000, 1, 0),
(4887, 1212, '1', '2024-03-18', 1283, 1, 9000, 1, 0),
(4888, 1212, '1', '2024-03-18', 1143, 1, 23000, 1, 0),
(4889, 1212, '1', '2024-03-18', 214, 1, 10000, 1, 0),
(4890, 1212, '1', '2024-03-18', 491, 1, 15000, 1, 0),
(4891, 1212, '1', '2024-03-18', 1361, 1, 35000, 1, 0),
(4892, 1212, '1', '2024-03-18', 1094, 1, 95000, 1, 0),
(4893, 1212, '1', '2024-03-18', 491, 1, 15000, 1, 0),
(4894, 1212, '1', '2024-03-18', 720, 1, 3000, 1, 0),
(4895, 1212, '1', '2024-03-18', 678, 1, 22000, 1, 0),
(4901, 1213, '1', '2024-03-19', 188, 1, 13000, 1, 0),
(4902, 1213, '1', '2024-03-19', 720, 1, 3000, 1, 0),
(4903, 1213, '1', '2024-03-19', 180, 1, 4000, 1, 0),
(4904, 1213, '1', '2024-03-19', 1259, 1, 125000, 1, 0),
(4905, 1213, '1', '2024-03-19', 1311, 2, 28000, 1, 0),
(4906, 1213, '1', '2024-03-19', 720, 1, 3000, 1, 0),
(4907, 1213, '1', '2024-03-19', 1149, 1, 92000, 1, 0),
(4908, 1213, '1', '2024-03-19', 712, 2, 500, 1, 0),
(4909, 1213, '1', '2024-03-19', 1339, 2, 500, 1, 0),
(4910, 1213, '1', '2024-03-19', 1317, 2, 500, 1, 0),
(4916, 1214, '1', '2024-03-20', 798, 2, 56000, 1, 0),
(4917, 1214, '1', '2024-03-20', 74, 1, 10000, 1, 0),
(4918, 1214, '1', '2024-03-20', 1331, 1, 5000, 1, 0),
(4919, 1214, '1', '2024-03-20', 1139, 1, 10000, 1, 0),
(4920, 1214, '1', '2024-03-20', 1282, 1, 8000, 1, 0),
(4921, 1214, '1', '2024-03-20', 213, 2, 2000, 1, 0),
(4922, 1214, '1', '2024-03-20', 1341, 2, 4000, 1, 0),
(4923, 1214, '1', '2024-03-20', 712, 2, 500, 1, 0),
(4924, 1214, '1', '2024-03-20', 71, 1, 32000, 1, 0),
(4925, 1214, '1', '2024-03-20', 806, 1, 7000, 1, 0),
(4926, 1214, '1', '2024-03-20', 761, 1, 5000, 1, 0),
(4927, 1214, '1', '2024-03-20', 1092, 2, 36000, 1, 0),
(4928, 1214, '1', '2024-03-20', 894, 1, 48000, 1, 0),
(4929, 1214, '1', '2024-03-20', 1328, 1, 1000, 1, 0),
(4930, 1214, '1', '2024-03-20', 191, 1, 3000, 1, 0),
(4931, 1214, '1', '2024-03-20', 1106, 4, 500, 1, 0),
(4932, 1214, '1', '2024-03-20', 720, 1, 3000, 1, 0),
(4933, 1214, '1', '2024-03-20', 1282, 1, 8000, 1, 0),
(4934, 1214, '1', '2024-03-20', 1310, 1, 28000, 1, 0),
(4935, 1214, '1', '2024-03-20', 866, 1, 30000, 1, 0),
(4947, 1215, '1', '2024-03-21', 378, 1, 55000, 1, 0),
(4948, 1215, '1', '2024-03-21', 769, 1, 25000, 1, 0),
(4949, 1215, '1', '2024-03-21', 473, 1, 37000, 1, 0),
(4950, 1215, '1', '2024-03-21', 1334, 1, 6000, 1, 0),
(4951, 1215, '1', '2024-03-21', 1106, 2, 500, 1, 0),
(4952, 1215, '1', '2024-03-21', 1285, 1, 9000, 1, 0),
(4953, 1215, '1', '2024-03-21', 1378, 1, 28000, 1, 0),
(4954, 1215, '1', '2024-03-21', 1338, 1, 5000, 1, 0),
(4955, 1215, '1', '2024-03-21', 1099, 1, 15000, 1, 0),
(4956, 1215, '1', '2024-03-21', 1283, 1, 9000, 1, 0),
(4957, 1215, '1', '2024-03-21', 1345, 3, 15000, 1, 0),
(4958, 1215, '1', '2024-03-21', 1283, 1, 9000, 1, 0),
(4959, 1215, '1', '2024-03-21', 316, 1, 6000, 1, 0),
(4960, 1215, '1', '2024-03-21', 720, 1, 2000, 1, 0),
(4961, 1215, '1', '2024-03-21', 1092, 2, 36000, 1, 0),
(4962, 1215, '1', '2024-03-21', 1320, 2, 25000, 1, 0),
(4963, 1215, '1', '2024-03-21', 1106, 2, 500, 1, 0);

--
-- Triggers `salida_productos`
--
DELIMITER $$
CREATE TRIGGER `SALIDAPRODUCTO_AU` AFTER INSERT ON `salida_productos` FOR EACH ROW UPDATE productos SET cantidad = cantidad - NEW.cantidad WHERE id_producto = NEW.id_producto
$$
DELIMITER ;

-- --------------------------------------------------------

--
-- Table structure for table `salida_productos_temp`
--

CREATE TABLE `salida_productos_temp` (
  `id_salida` int(11) NOT NULL,
  `numero_fact` int(11) NOT NULL,
  `nombre_fact` text NOT NULL,
  `fecha_salida` date NOT NULL,
  `id_producto` int(11) NOT NULL,
  `cantidad` int(11) NOT NULL,
  `monto` int(11) NOT NULL,
  `id_usuario` int(11) NOT NULL,
  `desc_product` int(11) NOT NULL
) ENGINE=InnoDB DEFAULT CHARSET=utf8mb3 COLLATE=utf8mb3_general_ci;

--
-- Dumping data for table `salida_productos_temp`
--

INSERT INTO `salida_productos_temp` (`id_salida`, `numero_fact`, `nombre_fact`, `fecha_salida`, `id_producto`, `cantidad`, `monto`, `id_usuario`, `desc_product`) VALUES
(3900, 1216, '1', '2024-03-22', 367, 1, 225000, 1, 0),
(3901, 1216, '1', '2024-03-22', 844, 1, 23000, 1, 0),
(3902, 1216, '1', '2024-03-22', 1085, 2, 25000, 1, 0),
(3903, 1216, '1', '2024-03-22', 1101, 1, 5000, 1, 0),
(3904, 1216, '1', '2024-03-22', 1250, 1, 3000, 1, 0),
(3905, 1216, '1', '2024-03-22', 1378, 2, 28000, 1, 0),
(3906, 1216, '1', '2024-03-22', 1378, 1, 28000, 1, 0),
(3907, 1216, '1', '2024-03-22', 1318, 2, 28000, 1, 0),
(3908, 1216, '1', '2024-03-22', 1375, 1, 10000, 1, 0),
(3909, 1216, '1', '2024-03-22', 1106, 4, 500, 1, 0),
(3910, 1216, '1', '2024-03-24', 308, 1, 16000, 2, 0),
(3911, 1216, '1', '2024-03-25', 1182, 1, 71000, 1, 0);

-- --------------------------------------------------------

--
-- Table structure for table `usuarios`
--

CREATE TABLE `usuarios` (
  `id_usuario` int(11) NOT NULL,
  `nick` varchar(200) NOT NULL,
  `nombre_usu` varchar(250) NOT NULL,
  `id_rol` int(11) NOT NULL,
  `password` varchar(250) NOT NULL,
  `foto_usu` varchar(50) NOT NULL,
  `email` varchar(250) NOT NULL,
  `sid` int(11) NOT NULL,
  `telefono` varchar(100) NOT NULL
) ENGINE=InnoDB DEFAULT CHARSET=utf8mb3 COLLATE=utf8mb3_general_ci;

--
-- Dumping data for table `usuarios`
--

INSERT INTO `usuarios` (`id_usuario`, `nick`, `nombre_usu`, `id_rol`, `password`, `foto_usu`, `email`, `sid`, `telefono`) VALUES
(1, 'admin', 'Pinky Motos', 0, '123', 'poster artwork.jpg', 'Pinkymotos21@gmail.com', 7980, '3105773311'),
(2, 'caja1', 'caja1', 1, '123', 'user.png', 'caja1@gmail.com', 6331, '');

--
-- Indexes for dumped tables
--

--
-- Indexes for table `categorias`
--
ALTER TABLE `categorias`
  ADD PRIMARY KEY (`id_categoria`);

--
-- Indexes for table `categoria_gastos`
--
ALTER TABLE `categoria_gastos`
  ADD PRIMARY KEY (`id_cat_gasto`);

--
-- Indexes for table `clientes`
--
ALTER TABLE `clientes`
  ADD PRIMARY KEY (`id_cliente`);

--
-- Indexes for table `datos_empresa`
--
ALTER TABLE `datos_empresa`
  ADD PRIMARY KEY (`nit_empresa`);

--
-- Indexes for table `gastos`
--
ALTER TABLE `gastos`
  ADD PRIMARY KEY (`id_gasto`),
  ADD KEY `id_tipo_gasto` (`id_tipo_gasto`);

--
-- Indexes for table `ing_productos`
--
ALTER TABLE `ing_productos`
  ADD PRIMARY KEY (`id_ingfac`),
  ADD KEY `id_producto` (`id_producto`),
  ADD KEY `id_proveedor` (`id_proveedor`);

--
-- Indexes for table `ing_productos_temp`
--
ALTER TABLE `ing_productos_temp`
  ADD PRIMARY KEY (`id_ingfac`),
  ADD KEY `id_producto` (`id_producto`),
  ADD KEY `id_proveedor` (`id_proveedor`);

--
-- Indexes for table `productos`
--
ALTER TABLE `productos`
  ADD PRIMARY KEY (`id_producto`),
  ADD KEY `id_categoria` (`id_categoria`);

--
-- Indexes for table `proveedores`
--
ALTER TABLE `proveedores`
  ADD PRIMARY KEY (`id_proveedor`);

--
-- Indexes for table `roles`
--
ALTER TABLE `roles`
  ADD PRIMARY KEY (`id_rol`);

--
-- Indexes for table `salida_productos`
--
ALTER TABLE `salida_productos`
  ADD PRIMARY KEY (`id_salida`),
  ADD KEY `id_producto` (`id_producto`);

--
-- Indexes for table `salida_productos_temp`
--
ALTER TABLE `salida_productos_temp`
  ADD PRIMARY KEY (`id_salida`),
  ADD KEY `id_producto` (`id_producto`);

--
-- Indexes for table `usuarios`
--
ALTER TABLE `usuarios`
  ADD PRIMARY KEY (`id_usuario`),
  ADD KEY `id_rol` (`id_rol`);

--
-- AUTO_INCREMENT for dumped tables
--

--
-- AUTO_INCREMENT for table `categorias`
--
ALTER TABLE `categorias`
  MODIFY `id_categoria` int(11) NOT NULL AUTO_INCREMENT, AUTO_INCREMENT=5;

--
-- AUTO_INCREMENT for table `categoria_gastos`
--
ALTER TABLE `categoria_gastos`
  MODIFY `id_cat_gasto` int(11) NOT NULL AUTO_INCREMENT, AUTO_INCREMENT=7;

--
-- AUTO_INCREMENT for table `clientes`
--
ALTER TABLE `clientes`
  MODIFY `id_cliente` int(11) NOT NULL AUTO_INCREMENT, AUTO_INCREMENT=5;

--
-- AUTO_INCREMENT for table `gastos`
--
ALTER TABLE `gastos`
  MODIFY `id_gasto` int(11) NOT NULL AUTO_INCREMENT, AUTO_INCREMENT=5;

--
-- AUTO_INCREMENT for table `ing_productos`
--
ALTER TABLE `ing_productos`
  MODIFY `id_ingfac` int(11) NOT NULL AUTO_INCREMENT, AUTO_INCREMENT=3;

--
-- AUTO_INCREMENT for table `ing_productos_temp`
--
ALTER TABLE `ing_productos_temp`
  MODIFY `id_ingfac` int(11) NOT NULL AUTO_INCREMENT, AUTO_INCREMENT=6;

--
-- AUTO_INCREMENT for table `productos`
--
ALTER TABLE `productos`
  MODIFY `id_producto` int(11) NOT NULL AUTO_INCREMENT, AUTO_INCREMENT=1384;

--
-- AUTO_INCREMENT for table `proveedores`
--
ALTER TABLE `proveedores`
  MODIFY `id_proveedor` int(11) NOT NULL AUTO_INCREMENT, AUTO_INCREMENT=4;

--
-- AUTO_INCREMENT for table `roles`
--
ALTER TABLE `roles`
  MODIFY `id_rol` int(11) NOT NULL AUTO_INCREMENT, AUTO_INCREMENT=3;

--
-- AUTO_INCREMENT for table `salida_productos`
--
ALTER TABLE `salida_productos`
  MODIFY `id_salida` int(11) NOT NULL AUTO_INCREMENT, AUTO_INCREMENT=4978;

--
-- AUTO_INCREMENT for table `salida_productos_temp`
--
ALTER TABLE `salida_productos_temp`
  MODIFY `id_salida` int(11) NOT NULL AUTO_INCREMENT, AUTO_INCREMENT=3912;

--
-- AUTO_INCREMENT for table `usuarios`
--
ALTER TABLE `usuarios`
  MODIFY `id_usuario` int(11) NOT NULL AUTO_INCREMENT, AUTO_INCREMENT=3;

--
-- Constraints for dumped tables
--

--
-- Constraints for table `productos`
--
ALTER TABLE `productos`
  ADD CONSTRAINT `productos_ibfk_1` FOREIGN KEY (`id_categoria`) REFERENCES `categorias` (`id_categoria`) ON DELETE CASCADE ON UPDATE CASCADE;
COMMIT;

/*!40101 SET CHARACTER_SET_CLIENT=@OLD_CHARACTER_SET_CLIENT */;
/*!40101 SET CHARACTER_SET_RESULTS=@OLD_CHARACTER_SET_RESULTS */;
/*!40101 SET COLLATION_CONNECTION=@OLD_COLLATION_CONNECTION */;
